<?xml version="1.0" encoding="utf-8"?>
<COLLADA xmlns="http://www.collada.org/2005/11/COLLADASchema" version="1.4.1" xmlns:xsi="http://www.w3.org/2001/XMLSchema-instance">
  <asset>
    <contributor>
      <author>Blender User</author>
      <authoring_tool>Blender 4.3.2 commit date:2024-12-16, commit time:21:10, hash:32f5fdce0a0a</authoring_tool>
    </contributor>
    <created>2025-03-17T15:39:37</created>
    <modified>2025-03-17T15:39:37</modified>
    <unit name="meter" meter="1"/>
    <up_axis>Z_UP</up_axis>
  </asset>
  <library_effects>
    <effect id="Material_001-effect">
      <profile_COMMON>
        <technique sid="common">
          <lambert>
            <emission>
              <color sid="emission">0 0 0 1</color>
            </emission>
            <diffuse>
              <color sid="diffuse">0.2508821 0.2508821 0.2508821 1</color>
            </diffuse>
            <index_of_refraction>
              <float sid="ior">1.5</float>
            </index_of_refraction>
          </lambert>
        </technique>
      </profile_COMMON>
    </effect>
    <effect id="Material_002-effect">
      <profile_COMMON>
        <technique sid="common">
          <lambert>
            <emission>
              <color sid="emission">0 0 0 1</color>
            </emission>
            <diffuse>
              <color sid="diffuse">0.01465319 0.01465319 0.01465319 1</color>
            </diffuse>
            <index_of_refraction>
              <float sid="ior">1.5</float>
            </index_of_refraction>
          </lambert>
        </technique>
      </profile_COMMON>
    </effect>
  </library_effects>
  <library_images/>
  <library_materials>
    <material id="Material_001-material" name="Material.001">
      <instance_effect url="#Material_001-effect"/>
    </material>
    <material id="Material_002-material" name="Material.002">
      <instance_effect url="#Material_002-effect"/>
    </material>
  </library_materials>
  <library_geometries>
    <geometry id="B2W_ES_ASM-mesh" name="B2W_ES_ASM">
      <mesh>
        <source id="B2W_ES_ASM-mesh-positions">
          <float_array id="B2W_ES_ASM-mesh-positions-array" count="8922">0.2448933 0.2494519 -0.03885215 0.2351067 0.2309169 -0.03879171 0.241392 0.2109178 -0.03884249 0.2599416 0.2012217 -0.03887635 0.2799268 0.20743 -0.03885215 0.2897135 0.225965 -0.03879171 0.2834285 0.2459641 -0.03884249 0.2648786 0.2556602 -0.03887635 0.2001875 -0.2434997 -0.03885215 0.1904008 -0.2620348 -0.03879171 0.1966862 -0.2820339 -0.03884249 0.2152358 -0.2917299 -0.03887635 0.2352209 -0.2855217 -0.03885215 0.2450076 -0.2669866 -0.03879171 0.2387228 -0.2469875 -0.03884249 0.2201729 -0.2372915 -0.03887635 -0.4906009 0.6378332 0.1828033 0.4847802 -0.6037619 0.1772155 0.5407813 -0.5389131 0.1688402 0.5071409 -0.6039257 0.1828085 -0.5003011 0.6095876 0.1769697 -0.44478 0.6517962 0.1771299 -0.3810194 0.6805925 0.1705566 -0.3633391 0.7026452 0.1784243 -0.3533921 0.7206912 0.1827782 -0.3126084 0.714195 0.1705613 -0.2931904 0.7343834 0.1785095 -0.3924299 0.7185449 0.1842897 -0.2412207 0.7408959 0.1705647 -0.2574772 0.7595018 0.1828398 -0.2185519 0.759253 0.1783711 -0.1675518 0.7604366 0.1705667 -0.1234177 0.792655 0.1827544 -0.1384285 0.8038944 0.1842914 -0.1241701 0.7775714 0.1772714 -0.04286205 0.7851307 0.1770362 -0.002904891 0.7762183 0.169472 0.03082978 0.7995014 0.1828084 0.06226944 0.8101341 0.1842924 0.05243694 0.7862789 0.178371 0.07307094 0.7720427 0.1693982 0.1295682 0.7768081 0.1785094 0.1678294 0.7816522 0.1828066 0.1482717 0.7603992 0.1693193 0.279537 0.7637423 0.1842904 0.2062236 0.7591099 0.1783712 0.2439417 0.7368816 0.1713755 0.298667 0.7272098 0.1784105 0.2864191 0.7442554 0.1828224 0.3156548 0.7082888 0.1713656 0.3933188 0.6930447 0.1827676 0.3859794 0.6803068 0.1771095 0.5006703 0.6360617 0.1842917 0.4514164 0.6378161 0.1771085 0.5333943 0.5911532 0.1828032 0.5275078 0.5792722 0.1784105 0.5089081 0.5819613 0.1713354 0.5821101 0.5187492 0.1770237 0.6525559 0.474924 0.1842918 0.5887042 0.4968616 0.1700679 0.6615083 0.4398033 0.1828033 0.6415352 0.4463468 0.1785095 0.6340512 0.4370201 0.1704417 0.6907372 0.3644245 0.1784414 0.6735135 0.3718867 0.1704292 0.7580865 0.2731686 0.1842914 0.7063695 0.3031839 0.1704117 0.7337139 0.297418 0.1828085 0.7305538 0.2722706 0.1783711 0.7323032 0.2315737 0.1703907 0.7538226 0.1968956 0.1784244 0.7737913 0.1652004 0.1828067 0.7510592 0.1577558 0.1703661 0.7692185 0.1202469 0.1784244 0.8014037 0.05620038 0.1842921 0.7624566 0.08244675 0.1703394 0.7769635 0.04363626 0.1785095 0.7902001 0.007414758 0.1828067 0.7663809 0.006380081 0.1703084 0.7767663 -0.03502994 0.1783711 0.7627944 -0.06970173 0.1702744 0.7692213 -0.1123698 0.1785095 0.7750185 -0.1504938 0.1828067 0.751733 -0.1450625 0.1702381 0.7495683 -0.2058882 0.1784414 0.7861149 -0.1649131 0.1842914 0.7333033 -0.2189681 0.1701992 0.7354961 -0.2842415 0.1828085 0.7089487 -0.3176456 0.178308 0.7076852 -0.2906963 0.1701581 0.7185966 -0.3540255 0.1842924 0.6696786 -0.3878536 0.1769992 0.6749429 -0.4084256 0.1828067 0.635946 -0.4248645 0.170068 0.596037 -0.5393206 0.1842904 0.6193327 -0.4684621 0.1784459 0.5905237 -0.485999 0.1700199 0.5920574 -0.5205917 0.1828085 0.5569763 -0.5418403 0.1784414 -0.07794719 -0.8314731 0.1838331 -0.07510668 -0.8014979 0.1842925 0.08078038 -0.8299013 0.1839492 -0.2532534 -0.7666174 0.1842921 -0.1507692 -0.8216835 0.1839279 0.1255912 -0.7952582 0.1842914 -0.28981 -0.785122 0.1839492 0.1793085 -0.8138917 0.1838122 -0.4709283 -0.6610591 0.1842904 0.3608376 -0.7497701 0.1839492 -0.4648312 -0.6982176 0.1838559 0.3737697 -0.7125867 0.1842904 -0.5367082 -0.6456474 0.1838283 0.4843811 -0.6727756 0.1842935 -0.6406991 -0.4982147 0.1842922 -0.6721702 -0.5060294 0.1839522 0.6192183 -0.5513502 0.184294 -0.7523671 -0.3787252 0.1839807 -0.7517418 -0.3138677 0.1842914 -0.782008 -0.3152633 0.1838346 0.7238753 -0.4031262 0.1842935 -0.8227995 -0.179288 0.1842939 -0.8056494 -0.1193253 0.1842924 0.7949343 -0.2419502 0.1839967 -0.8429073 0.006974399 0.1842936 0.8191871 -0.12878 0.1842935 -0.8116595 0.1078256 0.1842899 -0.8279834 0.1571735 0.184293 0.8324052 -0.002461194 0.1838346 -0.7892808 0.2983711 0.1842935 0.8169298 0.165751 0.1838254 -0.7429742 0.3394852 0.1842921 0.7954916 0.2499114 0.1838486 -0.7382478 0.4143065 0.1838428 -0.6173678 0.5383952 0.1842905 0.7294753 0.4020372 0.1842936 -0.6551076 0.5355281 0.1838786 -0.6181275 0.5780751 0.1838594 0.6162475 0.565761 0.1840903 -0.4923804 0.6880807 0.1838458 -0.3707415 0.759586 0.1839806 0.5030019 0.6702318 0.1839218 -0.311254 0.7856323 0.1838486 0.3924937 0.7417941 0.1839028 -0.2294875 0.8131459 0.1838121 0.340056 0.7680798 0.1838486 -0.06039774 0.8412969 0.183919 0.1900377 0.8198357 0.1838428 0.1046065 0.8357894 0.1838346 0.1082639 0.3678959 -0.03904569 0.09176003 0.3599033 -0.03870707 0.1083216 0.3675621 -0.03870707 0.09154337 0.3601633 -0.03904569 0.1266105 0.3662321 -0.03904569 0.1264936 0.3659141 -0.03870707 0.1416673 0.3556175 -0.03904569 0.1414073 0.3554008 -0.03870707 0.1493995 0.3388969 -0.03904569 0.1490662 0.3388395 -0.03870707 0.1477357 0.3205503 -0.03904569 0.147418 0.3206675 -0.03870707 0.1369047 0.3057536 -0.03870707 0.1371214 0.3054935 -0.03904569 -0.3723284 -0.07290095 -0.0388199 -0.3783675 -0.07793593 -0.03870707 -0.3634539 -0.08844923 -0.03870707 -0.3860265 -0.06137466 -0.03870707 -0.3537611 -0.08258259 -0.03887635 -0.3452818 -0.09009718 -0.03870707 -0.378596 -0.05288738 -0.03879171 -0.3843782 -0.04320204 -0.03870707 -0.3337759 -0.07637435 -0.03885215 -0.3280369 -0.08206582 -0.03890907 -0.3688094 -0.03435289 -0.03885215 -0.3733742 -0.02768385 -0.03891241 -0.3178254 -0.06766527 -0.03897815 -0.3239892 -0.05783987 -0.03879171 -0.357373 -0.02022922 -0.03897815 -0.3488241 -0.02814465 -0.03887635 -0.3161585 -0.04928362 -0.03897809 -0.3302572 -0.03782629 -0.0388199 -0.3389908 -0.02189683 -0.03897815 -0.3239204 -0.03254348 -0.03899741 -0.1211012 -0.3592598 -0.03904563 -0.1043807 -0.3515273 -0.03904563 -0.1045973 -0.3512673 -0.03870701 -0.1211589 -0.3589259 -0.03870701 -0.1394478 -0.357596 -0.03904563 -0.1393309 -0.357278 -0.03870701 -0.1545045 -0.3469814 -0.03904563 -0.1542446 -0.3467647 -0.03870701 -0.1622368 -0.3302608 -0.03904563 -0.1619036 -0.3302034 -0.03870701 -0.160573 -0.3119142 -0.03904563 -0.1602553 -0.3120315 -0.03870701 -0.1499587 -0.2968575 -0.03904563 -0.149742 -0.2971175 -0.03870707 0.05933177 -0.3756234 -0.03904563 0.07605236 -0.3678908 -0.03904563 0.07583534 -0.3676308 -0.03870701 0.05927407 -0.3752895 -0.03870701 0.04098486 -0.3739596 -0.03904563 0.04110175 -0.3736416 -0.03870701 0.02592813 -0.3633449 -0.03904563 0.02618813 -0.3631283 -0.03870701 0.01819586 -0.3466243 -0.03904563 0.01852947 -0.3465669 -0.03870701 0.01985973 -0.3282778 -0.03904563 0.02017742 -0.3283944 -0.03870701 0.030474 -0.313221 -0.03904563 0.03069072 -0.313481 -0.03870701 0.07077986 -0.3615667 -0.03885215 0.0805664 -0.3430321 -0.03879171 0.07428145 -0.323033 -0.03884243 0.05573159 -0.313337 -0.03887635 0.03574633 -0.3195452 -0.03885215 0.3112362 0.06646823 -0.03887635 0.3594478 0.08150094 -0.03887635 0.320918 0.08503514 -0.03881996 0.3409316 0.09130287 -0.03879171 0.3174631 0.04649853 -0.03887635 0.3656744 0.06153118 -0.03887635 0.3359792 0.03669655 -0.03879171 0.3559926 0.04296422 -0.03881996 -0.3622325 0.1275453 -0.03879171 -0.3559475 0.1075462 -0.03884249 -0.3524459 0.1460797 -0.03885215 -0.3373976 0.09785014 -0.03887635 -0.3324608 0.152288 -0.03887635 -0.3139109 0.1425919 -0.03884249 -0.3174124 0.1040583 -0.03885215 -0.3076259 0.1225929 -0.03879171 0.6210685 -0.7483342 -0.278398 -0.5943531 0.7881298 -0.2784255 0.6745873 -0.70269 -0.2778024 0.7257802 -0.6468054 -0.2784292 0.7734764 -0.5941651 -0.2771511 0.8142671 -0.5308766 -0.2784188 0.8543933 -0.4707648 -0.2770767 0.8937842 -0.3838576 -0.2783814 0.9214556 -0.3108144 -0.2783796 0.9447077 -0.2442318 -0.2771511 0.9617319 -0.1497274 -0.2783814 0.9723871 -0.04986417 -0.2783866 0.975713 0.04716318 -0.2771512 0.9666465 0.1187093 -0.278419 0.9580938 0.1943058 -0.2771626 0.932508 0.2858674 -0.2784302 0.9018306 0.3804865 -0.2771509 0.8596941 0.4636096 -0.2783599 0.8082037 0.5518597 -0.2778524 0.7504028 0.627214 -0.2784203 0.6790115 0.7055028 -0.2782977 0.5216395 0.82833 -0.2786608 0.6113192 0.7690524 -0.2771512 0.5321053 0.8267595 -0.2771513 0.4475442 0.8762906 -0.2771511 0.3846268 0.9038172 -0.2780238 0.2570032 0.9480264 -0.2785407 0.312513 0.9342111 -0.2771511 0.1731043 0.9682196 -0.2783035 0.0986942 0.978473 -0.2784396 0.0186997 0.9844781 -0.2783293 -0.07373702 0.9850757 -0.2771514 -0.1687459 0.9711148 -0.2783814 -0.2378236 0.9574537 -0.2780237 -0.3685137 0.9146082 -0.278535 -0.3136591 0.9381383 -0.2771515 -0.4500271 0.8817645 -0.277077 -0.5304439 0.8330115 -0.2783035 -0.6359184 0.7593844 -0.2770223 -0.5087885 0.7091736 0.2182027 -0.5604871 0.6689071 0.218192 0.4788393 -0.7163443 0.2209826 0.5887752 -0.6278136 0.2210327 0.5198025 -0.6832443 0.2194672 -0.5456568 0.6849305 0.2210136 -0.4175087 0.7697168 0.2209826 -0.4690695 0.7364214 0.2195657 -0.3984164 0.7760384 0.2182629 -0.3410806 0.802293 0.2182686 -0.3210681 0.813596 0.2209871 -0.2787087 0.8259352 0.2182021 -0.1958695 0.8489026 0.2182633 -0.2391375 0.8404095 0.2206516 -0.1915966 0.8557323 0.2212921 -0.1436889 0.8592916 0.219551 -0.06754833 0.8677186 0.2182027 -0.07196426 0.8704622 0.2210627 0.01840704 0.8695338 0.2182632 -0.01553612 0.8727486 0.2209333 0.06188577 0.8698887 0.2209209 0.1044154 0.8627468 0.2181488 0.1498475 0.8578628 0.2206047 0.1961578 0.8517609 0.2212921 0.1893526 0.8474597 0.2182627 0.2529633 0.8329098 0.2207213 0.2723073 0.8237664 0.2181491 0.3525256 0.7919561 0.2182632 0.3527382 0.7943899 0.2206516 0.4070638 0.7686296 0.2210218 0.4291471 0.7522932 0.2181491 0.4820612 0.7190381 0.2194239 0.5492867 0.6721063 0.2209557 0.5173147 0.6931325 0.2182679 0.5689738 0.6509405 0.2182025 0.6304983 0.5904354 0.2182022 0.6307908 0.5942248 0.220995 0.6707931 0.5429573 0.2181996 0.6969892 0.5140807 0.2209839 0.7107414 0.4889603 0.2182022 0.7593016 0.4144077 0.2209718 0.7554324 0.4151457 0.2182021 0.7925511 0.3372507 0.2182022 0.7927723 0.3423656 0.2206225 0.8135796 0.2957489 0.2212928 0.8217304 0.2560431 0.2182023 0.8224598 0.2611101 0.2206224 0.8437426 0.1815502 0.2209953 0.8374346 0.1957853 0.2181998 0.8499988 0.1298004 0.2182022 0.8577102 0.08979797 0.220995 0.8582372 0.04390329 0.2182023 0.861326 0.005381822 0.2206225 0.8633266 -0.04802286 0.2212921 0.8578819 -0.04238468 0.2182022 0.8554203 -0.103087 0.220816 0.848937 -0.1282081 0.2182022 0.836941 -0.1893124 0.2182001 0.830121 -0.2301779 0.2209921 0.819632 -0.2542105 0.2182025 0.7897851 -0.3351765 0.2182024 0.7933601 -0.3338821 0.220995 0.7520248 -0.4127669 0.2182025 0.7463911 -0.4293464 0.2209921 0.7198546 -0.4660813 0.2182003 0.6815889 -0.5209057 0.2182627 0.6849406 -0.5209759 0.2209481 0.6361548 -0.5797764 0.2209761 0.625873 -0.5867754 0.2181491 0.5642377 -0.6464714 0.2182261 0.5474852 -0.6600728 0.1675939 0.4744834 -0.7155082 0.1675939 0.4612955 -0.7240076 0.2182633 0.3946074 -0.7631812 0.2195967 0.3618227 -0.7791451 0.1675939 0.3472192 -0.7857068 0.2181991 0.2671118 -0.8168977 0.2182627 0.2409412 -0.8252779 0.1675939 0.183976 -0.8400361 0.2181496 0.1145381 -0.8528785 0.1675939 0.09896904 -0.8548142 0.2182637 0.01289594 -0.8610208 0.2181496 -0.01456958 -0.861332 0.1675939 -0.07334786 -0.8586622 0.2182628 -0.1205165 -0.8533713 0.1675939 -0.1586238 -0.847756 0.2182022 -0.2053455 -0.8377493 0.1675939 -0.2237363 -0.8332589 0.2182679 -0.284231 -0.815459 0.218263 -0.310151 -0.8063377 0.1675939 -0.3641719 -0.7838503 0.2182025 -0.4069834 -0.7626224 0.1675939 -0.4779278 -0.7215563 0.2182628 -0.4813541 -0.7189285 0.1675939 -0.547604 -0.671193 0.2182025 -0.5510082 -0.6680448 0.1675939 -0.6121727 -0.6139528 0.2182025 -0.6152441 -0.6104837 0.1675939 -0.6577997 -0.5653004 0.218268 -0.6882948 -0.529031 0.1675939 -0.6979425 -0.5162528 0.2181983 -0.7352002 -0.4621818 0.2182143 -0.7481241 -0.4412405 0.1675938 -0.7678059 -0.4073715 0.2181984 -0.7888021 -0.365176 0.1675938 -0.8050128 -0.3295178 0.2181985 -0.8217045 -0.2854381 0.1675938 -0.8277772 -0.2679228 0.218215 -0.8457782 -0.2070816 0.2182629 -0.8465021 -0.2028271 0.1675938 -0.8592552 -0.1420791 0.2182682 -0.862953 -0.1181516 0.1675938 -0.8679337 -0.0792942 0.2181986 -0.8708904 -0.03226155 0.1675938 -0.8719776 0.0069018 0.2181986 -0.8702369 0.05399543 0.1675938 -0.869029 0.07249701 0.2182149 -0.8619833 0.1355567 0.2182629 -0.8575024 0.1626614 0.1675938 -0.8491532 0.2006868 0.2182679 -0.8327624 0.261913 0.2181985 -0.8312675 0.2656112 0.1675938 -0.8030086 0.3429087 0.2181985 -0.7921126 0.3677754 0.1675938 -0.7655002 0.4202625 0.2182631 -0.7291697 0.4808126 0.1675938 -0.7311674 0.4770777 0.2182683 -0.7059495 0.5143209 0.2194206 -0.6680153 0.5624167 0.218149 -0.6500732 0.583218 0.1675938 -0.6091793 0.6255218 0.2182629 -0.5768193 0.6548151 0.1675938 -0.2480583 0.2941578 -0.03885215 -0.2578449 0.2756227 -0.03879171 -0.25156 0.2556236 -0.03884249 -0.2330101 0.2459275 -0.03887635 -0.2130248 0.2521358 -0.03885215 0.09679502 0.353864 -0.03881996 0.08711332 0.3352971 -0.03887635 0.09334027 0.3153273 -0.03887635 0.1118562 0.3055253 -0.03879171 0.1318697 0.311793 -0.03881996 0.2116358 -0.2294435 -0.03904563 0.1951319 -0.2374361 -0.03870707 0.2116935 -0.2297767 -0.03870707 0.1949152 -0.2371761 -0.03904563 0.2299824 -0.2311074 -0.03904563 0.2298655 -0.2314247 -0.03870707 0.2450391 -0.2417213 -0.03904563 0.2447791 -0.241938 -0.03870707 0.2527714 -0.2584419 -0.03904563 0.2524381 -0.2584999 -0.03870707 0.2511076 -0.2767891 -0.03904563 0.2507899 -0.276672 -0.03870707 0.2404932 -0.2918453 -0.03904563 0.2402766 -0.2915859 -0.03870707 0.0471946 -0.3054885 -0.03904563 0.04725229 -0.3058223 -0.03870701 0.06554114 -0.3071523 -0.03904563 0.06542462 -0.3074703 -0.03870701 0.08059793 -0.3177669 -0.03904563 0.08033794 -0.3179836 -0.03870701 0.08833044 -0.3344875 -0.03904563 0.0879969 -0.3345448 -0.03870701 0.08666664 -0.3528341 -0.03904563 0.08634895 -0.3527175 -0.03870701 -0.1446864 -0.3031817 -0.03885215 -0.154473 -0.3217161 -0.03879171 -0.1481878 -0.3417155 -0.03884243 -0.1296384 -0.3514116 -0.03887635 -0.1096529 -0.345203 -0.03885215 0.4381816 -0.4538436 0.04886674 0.4023276 -0.4864825 0.04947966 0.4101465 -0.4713094 0.04017508 0.4553471 -0.4277021 0.04033309 0.4814777 -0.4073786 0.04886567 0.4852835 -0.3918952 0.03919821 0.5156637 -0.3566629 0.04482913 0.5361484 -0.3256561 0.04528111 0.5603823 -0.2917317 0.05040377 0.5624138 -0.2720884 0.04051059 0.5814768 -0.2448261 0.04897964 0.5869567 -0.2139784 0.04014426 0.6030471 -0.1855669 0.04883354 0.6059031 -0.153887 0.04050797 0.6191874 -0.1240711 0.04911118 0.6184597 -0.09252494 0.04031836 0.6285714 -0.06106603 0.04881626 0.6249954 -0.02982312 0.04031705 0.6322103 0.002406358 0.04909497 0.6251487 0.03367757 0.0401383 0.6290135 0.06659805 0.04893815 0.6192638 0.09642791 0.04050862 0.6196519 0.1295365 0.04892915 0.6109727 0.1364681 0.03897553 0.6040726 0.1912274 0.04891985 0.5976756 0.1887289 0.03908514 0.579986 0.2485104 0.04543536 0.5641154 0.276761 0.04013639 0.5549435 0.3084371 0.04890108 0.5342978 0.3323247 0.04051405 0.5220911 0.362222 0.04874813 0.4991207 0.3841455 0.04031121 0.4840595 0.413229 0.04902166 0.4411105 0.4615058 0.05051535 0.4587663 0.4326181 0.04030954 0.4137813 0.476832 0.04030722 0.3937072 0.5035208 0.05051428 0.3646197 0.5163413 0.04030615 0.3423854 0.5406423 0.05051535 0.2876338 0.5725111 0.05051523 0.333851 0.5365381 0.03941887 0.2838768 0.5652724 0.03909379 0.2301325 0.5986798 0.05044907 0.2267407 0.5913 0.03903633 0.1700915 0.6192893 0.05053693 0.1753842 0.6086643 0.03835332 0.1360797 0.6202995 0.04013824 0.1059977 0.632847 0.04896932 0.04016858 0.6376805 0.04531717 0.07401615 0.6316098 0.04050821 -0.02010184 0.6425256 0.04882478 -0.008614003 0.635765 0.03914761 -0.07231014 0.6403962 0.05042266 -0.05188339 0.6351107 0.04050725 -0.1155265 0.6333471 0.04891145 -0.1144086 0.6272839 0.04014486 -0.1618112 0.6234545 0.04903817 -0.2097659 0.6059178 0.04529321 -0.176356 0.6134002 0.04032486 -0.2675427 0.5870252 0.04901665 -0.2613836 0.5822794 0.03923887 -0.3242647 0.5581359 0.0490235 -0.3173892 0.554185 0.03925228 -0.377587 0.5235451 0.0486961 -0.3715778 0.5199499 0.03944182 -0.4259945 0.4861602 0.04945874 -0.423293 0.4797822 0.04034769 -0.3805552 0.4764824 -0.02963703 0.4138637 -0.4268001 -0.03044402 0.3677513 -0.4666105 -0.03153455 0.4037561 -0.4286857 -0.03903275 -0.3766956 0.4716721 -0.03899854 -0.3438597 0.5017262 -0.03188931 -0.322273 0.5098896 -0.03902345 -0.3042934 0.5272337 -0.03083217 -0.2703705 0.5388202 -0.03902721 -0.2507857 0.5542883 -0.03081536 -0.213746 0.563267 -0.03901338 -0.1936357 0.5771075 -0.0292409 -0.1660858 0.5787945 -0.03900784 -0.1353644 0.5931905 -0.02874976 -0.07642072 0.6030625 -0.02875173 -0.1099098 0.591582 -0.03898674 -0.05093306 0.5989593 -0.03899836 -0.03467059 0.6060029 -0.02936327 0.008098304 0.6056898 -0.0313332 0.0349341 0.5992892 -0.03901559 0.05033999 0.6046316 -0.02806293 0.1015511 0.5971736 -0.02922999 0.1136416 0.588663 -0.03900837 0.1437672 0.5876377 -0.02937293 0.1851944 0.5744463 -0.03150075 0.1922152 0.5663507 -0.03902727 0.2430889 0.55268 -0.02943974 0.2405944 0.5471253 -0.03897321 0.2957544 0.5252855 -0.02987259 0.2949635 0.5188552 -0.03899836 0.3465853 0.492056 -0.03025978 0.3431758 0.4873302 -0.0390079 0.3755655 0.4692214 -0.03089594 0.412427 0.4381923 -0.02815717 0.394925 0.4450668 -0.03902733 0.4344903 0.4133749 -0.03154718 0.4471276 0.3915256 -0.03902435 0.4609047 0.3851135 -0.02857476 0.4912715 0.3426605 -0.03090548 0.4912763 0.3324037 -0.0390228 0.5223472 0.2917084 -0.0308811 0.5286479 0.2676342 -0.03902697 0.547289 0.242955 -0.028185 0.5604083 0.2078412 -0.0298748 0.5539442 0.2082133 -0.0389983 0.5778682 0.1503942 -0.02985173 0.5679893 0.1639657 -0.03897327 0.5787983 0.118819 -0.03898668 0.5872956 0.1064324 -0.02917605 0.5933954 0.06416958 -0.02880454 0.587283 0.05997622 -0.03899836 0.5961881 0.00386691 -0.02923017 0.5898938 -0.01244699 -0.03901296 0.59329 -0.0562821 -0.02888476 0.5811207 -0.09935092 -0.03899598 0.5843376 -0.1153665 -0.02889817 0.5695782 -0.1732737 -0.02891278 0.5633841 -0.1715066 -0.03898662 0.549639 -0.2289314 -0.02836245 0.5423716 -0.2290749 -0.03898751 0.5238662 -0.2823862 -0.02874618 0.5154815 -0.284143 -0.03898656 0.4979607 -0.3258621 -0.0283969 0.4710729 -0.361918 -0.03089112 0.4851534 -0.3331258 -0.0390141 0.4434782 -0.3945982 -0.03154832 0.4472581 -0.3822564 -0.03904581 0.5632391 -0.6135573 0.1830693 -0.5648614 0.6389352 0.1739689 -0.5607931 0.6406302 0.1791814 0.4646565 -0.692227 0.1829029 0.5180745 -0.6576753 0.1781066 0.46896 -0.6935352 0.1782429 0.4155893 -0.7274037 0.1779353 0.3414569 -0.7653858 0.1781081 0.2792693 -0.786095 0.183016 0.2829429 -0.7889595 0.1781072 0.2421426 -0.8026524 0.1782435 0.1890826 -0.8171441 0.1784421 0.1378435 -0.8285411 0.1743037 0.09266716 -0.8342955 0.1785858 0.008747875 -0.8357482 0.1829903 0.0362671 -0.839007 0.1781076 -0.01896965 -0.8399736 0.178536 -0.07213205 -0.8383849 0.1743031 -0.1173378 -0.8328128 0.1785855 -0.1992909 -0.8135133 0.1829257 -0.1938626 -0.8192878 0.1781084 -0.254742 -0.8027475 0.1781075 -0.3145199 -0.7821521 0.178108 -0.3775535 -0.7499186 0.1830194 -0.3730883 -0.7562983 0.1782436 -0.4291023 -0.7270135 0.1779359 -0.4815955 -0.6936981 0.178107 -0.5326524 -0.6563937 0.1781077 -0.6137217 -0.5769756 0.1829549 -0.5958212 -0.6007161 0.1781082 -0.653135 -0.5390233 0.1781081 -0.6916735 -0.4890834 0.1781075 -0.7262247 -0.4291058 0.1829708 -0.7268922 -0.4365673 0.1781079 -0.7575584 -0.381439 0.1781071 -0.7845561 -0.3242606 0.178108 -0.810917 -0.2380845 0.1829708 -0.8066632 -0.2651782 0.1781069 -0.8248371 -0.2046155 0.1781079 -0.8310545 -0.1567798 0.1829707 -0.8378912 -0.1428989 0.1781072 -0.8446651 -0.05661803 0.183016 -0.8468361 -0.08030134 0.1781079 -0.8505485 -0.01639389 0.1782431 -0.8456168 0.04855376 0.1829254 -0.8500429 0.04681044 0.1779353 -0.8331061 0.1568691 0.1829793 -0.8410457 0.1290702 0.1792941 -0.8444095 0.1171166 0.1678795 -0.8344106 0.1743052 0.1743034 -0.8232606 0.2184677 0.1785858 -0.8076759 0.2572284 0.1829708 -0.8003243 0.2927196 0.1781082 -0.7785127 0.3357507 0.1829708 -0.7763436 0.3510673 0.1781073 -0.7484714 0.4078275 0.1781078 -0.6975344 0.4821635 0.1829707 -0.716064 0.4619455 0.1781069 -0.680045 0.5139154 0.178108 -0.6399319 0.5626016 0.1781066 -0.6106484 0.5941407 0.1782429 -0.5607086 0.6359612 0.1829253 0.02595984 -0.3380798 -0.03879171 0.03224486 -0.3580788 -0.03884243 0.05079472 -0.3677749 -0.03887635 0.2947886 -0.1139568 -0.03879171 0.3010736 -0.1339558 -0.03884249 0.3045751 -0.09542232 -0.03885215 0.3196237 -0.1436519 -0.03887635 0.3245604 -0.08921402 -0.03887635 0.3431103 -0.09891009 -0.03884249 0.3396087 -0.1374437 -0.03885215 0.3493952 -0.1189092 -0.03879171 -0.09340369 0.3516682 -0.03879171 -0.08711874 0.3316692 -0.03884249 -0.08361721 0.3702027 -0.03885221 -0.06856882 0.321973 -0.03887635 -0.06363183 0.3764109 -0.03887635 -0.04508221 0.3667149 -0.03884249 -0.04858362 0.3281813 -0.03885221 -0.03879714 0.3467157 -0.03879171 -0.2776058 -0.1844642 -0.03887635 -0.2979496 -0.1925742 -0.03891021 -0.2563828 -0.1898275 -0.03887635 -0.2423428 -0.2066318 -0.03890055 -0.2409076 -0.228483 -0.03887635 -0.2525451 -0.2470359 -0.03891021 -0.272885 -0.2552018 -0.03893274 -0.2941344 -0.2498182 -0.03891867 -0.3081818 -0.2329899 -0.03893274 -0.3096418 -0.211113 -0.03893274 -0.5145182 0.5015234 0.1147885 -0.47283 0.4402297 0.04888707 -0.6033605 0.4946356 0.1700199 -0.5499902 0.566497 0.1772913 -0.5141912 0.3917389 0.04917383 -0.6487834 0.4335001 0.1700678 -0.5499695 0.3391657 0.04889947 -0.6844061 0.3784424 0.1715025 -0.5732197 0.3003673 0.05040371 -0.594314 0.2534621 0.04897958 -0.7205225 0.2993327 0.1701582 -0.6158844 0.194203 0.04883348 -0.7461407 0.2276041 0.1701992 -0.6320247 0.1327071 0.04911106 -0.76457 0.1536998 0.1702379 -0.641609 0.06914252 0.04895448 -0.7756321 0.07833683 0.1702744 -0.6449011 0.005596041 0.04894691 -0.7792182 0.002253651 0.1703084 -0.6418509 -0.05796188 0.04893809 -0.7752931 -0.07381105 0.1703388 -0.6324892 -0.1209004 0.04892921 -0.7638972 -0.1491186 0.1703665 -0.6169099 -0.1825913 0.04891985 -0.745141 -0.2229364 0.170391 -0.5952702 -0.2424205 0.04891121 -0.7192069 -0.2945474 0.1704117 -0.5677807 -0.2998011 0.04890114 -0.6863508 -0.3632506 0.1704292 -0.5347235 -0.3541513 0.0488916 -0.6468884 -0.4283841 0.1704417 -0.4964335 -0.4049336 0.04888659 -0.5939849 -0.4977765 0.1701542 -0.4539476 -0.4528698 0.05051535 -0.5217454 -0.5733253 0.1713355 -0.4065446 -0.4948846 0.05051434 -0.4642537 -0.62918 0.1771086 -0.3552228 -0.5320061 0.05051541 -0.3988167 -0.6716706 0.1771096 -0.3004709 -0.5638752 0.05051535 -0.3297464 -0.7073519 0.177147 -0.2428303 -0.590178 0.05051726 -0.256779 -0.7282454 0.1713755 -0.1828734 -0.61065 0.05051958 -0.161109 -0.7517629 0.1693194 -0.1194289 -0.6239401 0.04880845 -0.08590811 -0.7634065 0.1693982 -0.05630081 -0.632369 0.04910302 -0.009932279 -0.7675822 0.1694721 0.007264435 -0.6338895 0.04882478 0.05017244 -0.7752874 0.1771267 0.07990545 -0.7635267 0.1702022 0.07017183 -0.6295746 0.04897153 0.1547148 -0.7518004 0.1705668 0.1328914 -0.6188072 0.0489785 0.228383 -0.7322599 0.1705648 0.1948908 -0.6017866 0.04913353 0.2547054 -0.5783891 0.04901671 0.2997717 -0.7055587 0.1705614 0.31079 -0.5496811 0.04886507 0.3681818 -0.6719565 0.1705567 0.3912608 -0.5849331 0.1147808 0.3648691 -0.5152058 0.04900544 0.4323378 -0.6430123 0.1772078 -0.466265 0.4372762 0.03906077 -0.5092142 0.3879502 0.0405156 -0.534861 0.3498363 0.03898227 -0.5614809 0.3057453 0.03907835 -0.5818289 0.2661281 0.04038667 -0.5999446 0.2227118 0.0405094 -0.6185494 0.1629045 0.04032003 -0.6271358 0.1198928 0.03900259 -0.6348504 0.06774675 0.03908926 -0.6382971 0.02163106 0.04026407 -0.638093 -0.02458959 0.04031682 -0.6320723 -0.0873546 0.04031562 -0.6198298 -0.1492115 0.04031437 -0.6014871 -0.2095426 0.04031342 -0.5769526 -0.2681249 0.04013639 -0.5471351 -0.3236886 0.04051405 -0.511958 -0.3755094 0.04031133 -0.4716036 -0.4239819 0.04030948 -0.4266186 -0.4681959 0.04030728 -0.377457 -0.5077052 0.04030621 -0.3375423 -0.534139 0.04027795 -0.2967141 -0.5566363 0.03909385 -0.239727 -0.5826429 0.03911513 -0.1804456 -0.6028758 0.03913456 -0.1192565 -0.6171292 0.03905844 -0.05726891 -0.6253112 0.03921008 -0.003727436 -0.6269556 0.0387597 0.03858715 -0.6264081 0.04030138 0.1011769 -0.6187932 0.04030466 0.1476045 -0.6088047 0.04038816 0.192991 -0.5958803 0.04053968 0.2485463 -0.5736433 0.03923887 0.2951415 -0.5503435 0.03889948 0.3347651 -0.5280816 0.04031443 0.3746523 -0.4999028 0.04010373 -0.4143341 0.44581 -0.03189992 -0.4451028 0.4162569 -0.03087741 -0.4757956 0.382615 -0.02838599 -0.5034533 0.3436388 -0.03081536 -0.525722 0.3074099 -0.03154885 -0.5465635 0.2691155 -0.03131675 -0.5657895 0.2295239 -0.02802962 -0.5824038 0.1814674 -0.0292294 -0.5919738 0.1404775 -0.03176277 -0.600891 0.09712636 -0.03108477 -0.6071908 0.03806632 -0.03097611 -0.6091385 -0.003395318 -0.02856481 -0.6064811 -0.05505347 -0.02835571 -0.5975487 -0.11356 -0.0288611 -0.5829737 -0.1715108 -0.02885466 -0.5642558 -0.2246091 -0.02835321 -0.5501526 -0.2546283 -0.02989751 -0.5480889 -0.2906178 0.004545629 -0.5203744 -0.3075244 -0.03208971 -0.5165718 -0.3422908 0.004545629 -0.4880363 -0.3572329 -0.02993607 -0.4655579 -0.3867344 -0.02794492 -0.4326131 -0.4201765 -0.03126776 -0.4057989 -0.44535 -0.03157037 -0.380903 -0.4687341 -0.02752584 -0.3409406 -0.4959523 -0.03065705 -0.3086723 -0.5153417 -0.03207993 -0.2564855 -0.5435774 -0.02986133 -0.1997351 -0.5649285 -0.03206813 -0.1408811 -0.5821604 -0.0310353 -0.0818293 -0.5926396 -0.03102421 -0.02141344 -0.5972774 -0.03085023 0.02206927 -0.5973068 -0.0294705 0.0640484 -0.5945502 -0.02835327 0.122527 -0.5845544 -0.02874964 0.180208 -0.5688945 -0.02874505 0.2379481 -0.5456523 -0.03081542 0.2914561 -0.5185976 -0.03083211 0.3316181 -0.4946812 -0.02862912 0.3416257 -0.479877 -0.03899824 0.2792665 -0.5195782 -0.03900665 0.1887744 -0.5592108 -0.03901594 0.126214 -0.5770492 -0.0389983 0.06585097 -0.5876553 -0.03897321 0.0108698 -0.5915893 -0.03902786 -0.06777387 -0.5891348 -0.03901517 -0.1660016 -0.5705648 -0.03904831 -0.2517368 -0.539197 -0.03898656 -0.3060453 -0.5108682 -0.03904575 -0.3593788 -0.4761419 -0.0390253 -0.4106925 -0.4340749 -0.0390461 -0.4729146 -0.3676111 -0.03899598 -0.5159491 -0.3048289 -0.03904575 -0.5436945 -0.2543601 -0.0389983 -0.5667815 -0.1995772 -0.03899824 -0.5880963 -0.1283753 -0.03898781 -0.5999988 -0.05317503 -0.03898757 -0.6026682 0.006210088 -0.03900784 -0.5960723 0.0947346 -0.03904443 -0.5756261 0.181879 -0.03899854 -0.5558761 0.2359989 -0.0389983 -0.5289143 0.2910077 -0.03904581 -0.4947204 0.3464835 -0.03902548 -0.4619606 0.389034 -0.03899866 -0.4211965 0.4322807 -0.03904581 -0.4963377 0.6931049 0.174625 0.5642148 -0.6180658 0.1782432 -0.4980973 0.690047 0.1794192 -0.4217627 0.7347058 0.1829707 -0.4430985 0.7270383 0.178136 -0.3882071 0.7584305 0.174625 -0.3904081 0.7556663 0.1794192 -0.3305066 0.784049 0.1781365 -0.2904867 0.7994844 0.1782432 -0.2304013 0.8187742 0.1779361 -0.1463716 0.8328481 0.1829256 -0.1695759 0.8328065 0.1781362 -0.11239 0.8415368 0.1792941 -0.105159 0.8437702 0.1742944 -0.04427886 0.8478702 0.1781368 0.02001881 0.8441262 0.1829707 0.009018599 0.8484964 0.1786227 0.06313383 0.8466912 0.1742947 0.1068342 0.8412325 0.1784728 0.1803526 0.8272896 0.179294 0.187901 0.8269172 0.1742949 0.2663836 0.799023 0.1829707 0.2465179 0.8099462 0.1781367 0.3009211 0.7902618 0.179294 0.3083324 0.7887678 0.1742945 0.3644662 0.762888 0.1782435 0.4202281 0.7333448 0.1779358 0.4485867 0.7106954 0.1829536 0.4733823 0.6991384 0.178243 0.5241205 0.6616124 0.1779349 0.5536586 0.6306489 0.1829708 0.5820776 0.6091631 0.1792941 0.5883281 0.6049059 0.1742948 0.6552171 0.5228276 0.1830194 0.6393772 0.5475611 0.179294 0.645171 0.542705 0.1742948 0.6816451 0.4937888 0.1781367 0.7253542 0.4182171 0.1829057 0.7110894 0.449355 0.1786226 0.7389341 0.4029138 0.1742948 0.7534573 0.3714063 0.1792941 0.7699458 0.3256199 0.1829707 0.7749163 0.3267238 0.1742948 0.7899942 0.2853486 0.178473 0.8077525 0.2281696 0.1782429 0.8224992 0.1668067 0.1779352 0.8301594 0.08250981 0.1829707 0.8331828 0.08937352 0.1792941 0.8352342 0.08209967 0.174295 0.8378153 0.02113306 0.1781363 0.8364822 -0.03671228 0.1792941 0.8374264 -0.04420882 0.1742951 0.8290649 -0.08480948 0.1829708 0.8282093 -0.1204276 0.179294 0.8284022 -0.1279842 0.1742948 0.8160387 -0.1675557 0.1829708 0.8158591 -0.1877049 0.1781367 0.8020268 -0.2391802 0.1786226 0.7812384 -0.2882104 0.1829708 0.7856318 -0.2907847 0.1742949 0.7685425 -0.3313705 0.1784732 0.7385769 -0.3851244 0.1829793 0.7430478 -0.3846725 0.1781363 0.7142136 -0.4348337 0.1792941 0.7114574 -0.4418696 0.174295 0.6865481 -0.4706538 0.18299 0.6762241 -0.4926559 0.1782431 0.6358242 -0.5376546 0.1829254 0.6374465 -0.5424408 0.1779349 0.5950934 -0.5883008 0.1781361 -0.3024665 -0.2173365 -0.03887635 -0.2542552 -0.2023033 -0.03887635 -0.2927848 -0.1987692 -0.0388199 -0.2727711 -0.1925014 -0.03879171 -0.2962398 -0.2373064 -0.03887635 -0.2480283 -0.2222731 -0.03887635 -0.2777235 -0.2471083 -0.03879171 -0.2577101 -0.2408406 -0.0388199 -0.06373912 0.3138092 -0.03891867 -0.04339796 0.3219612 -0.03891026 -0.0849651 0.3192146 -0.03887635 -0.09898257 0.3360283 -0.03887635 -0.1004635 0.3578757 -0.03890055 -0.08883547 0.3764618 -0.03896099 0.624821 -0.7528323 0.218946 0.6210039 -0.7482566 0.2210129 -0.654056 0.7811403 0.2020768 -0.6358448 0.7592961 0.2196498 0.6010099 -0.8074108 0.2002636 0.6582288 -0.7929128 0.1810896 0.5418945 -0.8467798 0.201523 0.5228126 -0.8241269 0.2197431 0.6319305 -0.8444621 0.155734 0.6744634 -0.8123791 0.1542232 0.5610758 -0.8719902 0.1751784 0.6477892 -0.8653751 0.1196998 0.6911002 -0.8323346 0.1180317 0.5961553 -0.8855556 0.1397978 0.4526659 -0.8884626 0.2071843 0.6610499 -0.8801571 0.08104193 0.703903 -0.8476905 0.07821136 0.5231476 -0.915758 0.1565607 0.4587662 -0.914622 0.1878419 0.6082658 -0.9065302 0.1009812 0.6681274 -0.8921076 0.03951543 0.712553 -0.8580663 0.03574872 0.5374994 -0.9355193 0.1239389 0.6173106 -0.916797 0.06952673 0.6718308 -0.8970296 0.004654288 0.7168366 -0.8632038 -0.008310556 0.6242632 -0.9243481 0.03646683 0.3590779 -0.931396 0.2067893 0.5670463 -0.9440467 0.08075708 0.6731476 -0.8987788 -0.02870684 0.4513656 -0.9540564 0.1557582 0.3739832 -0.9529553 0.1877686 0.5161753 -0.9626239 0.100194 0.7160637 -0.8622766 -0.06478917 0.6255112 -0.931501 -0.005268514 0.5784171 -0.9536115 0.03760719 0.3014137 -0.9291799 0.2198027 0.6710718 -0.8959561 -0.07314443 0.4423537 -0.9859877 0.1216517 0.4014128 -0.9770733 0.154811 0.5240318 -0.9771645 0.06093847 0.6268685 -0.9309098 -0.04902756 0.579414 -0.9611931 -0.006418645 0.3255717 -0.9880177 0.1728227 0.6662087 -0.8869559 -0.1153676 0.7080119 -0.852619 -0.1182649 0.2641618 -0.9720813 0.2010186 0.4729203 -0.9956247 0.07924354 0.529132 -0.9866002 0.01767396 0.6231212 -0.9253828 -0.09309083 0.4176666 -1.01073 0.09846955 0.5781025 -0.9619441 -0.05181145 0.3286908 -1.010357 0.1479229 0.6333603 -0.8897406 -0.1579567 0.6934314 -0.8351299 -0.1699793 0.4773032 -1.008354 0.037584 0.3623826 -1.019569 0.1196954 0.5307493 -0.9895912 -0.0175637 0.6462353 -0.8657382 -0.1780651 0.6155536 -0.9142006 -0.13557 0.423888 -1.025614 0.05903548 0.5768676 -0.9541921 -0.09613335 0.5291932 -0.9897713 -0.05214333 0.4797843 -1.01355 0.004654288 0.2211228 -1.009358 0.1797344 0.1636575 -0.9938917 0.2014875 0.1618427 -0.9640158 0.2198143 0.3693142 -1.038619 0.07999742 0.6156587 -0.8712249 -0.1985079 0.6728615 -0.8104573 -0.2145606 0.3124296 -1.035533 0.120651 0.4806898 -1.015447 -0.02870714 0.2268775 -1.025035 0.1632276 0.4032157 -1.041242 0.03624874 0.5373772 -0.9624539 -0.1362844 0.5285048 -0.9821762 -0.09581679 0.5986456 -0.8503435 -0.2295303 0.2577356 -1.039283 0.1372597 0.4289165 -1.03765 -0.006425917 0.5654581 -0.9349695 -0.1566005 0.6480381 -0.7806798 -0.2518105 0.3167407 -1.055277 0.08179897 0.4792451 -1.012421 -0.07314956 0.3756725 -1.055933 0.01378041 0.58622 -0.8174989 -0.2584146 0.2597653 -1.061579 0.1012489 0.4289753 -1.037788 -0.05099964 0.5340047 -0.9403579 -0.1773009 0.1825571 -1.05689 0.135878 0.5832374 -0.7817993 -0.2771929 0.1218457 -1.025915 0.1803236 0.3208518 -1.068755 0.03951209 0.473199 -1.003236 -0.1175695 0.06336838 -1.007167 0.2004712 0.5460077 -0.902143 -0.2137787 0.3753743 -1.059409 -0.02986395 0.1501998 -1.045313 0.1565722 0.2646552 -1.074575 0.06952673 0.426224 -1.031207 -0.09499835 0.209712 -1.073914 0.09919285 0.4832298 -0.9558843 -0.1933317 0.3215968 -1.0763 -0.005606889 0.4690937 -0.9872411 -0.1566026 0.2671805 -1.084628 0.03568416 0.01254624 -0.9787207 0.2196578 0.3756136 -1.055652 -0.07315021 0.09597522 -1.052831 0.1557576 0.4209612 -1.018607 -0.1374265 0.5078188 -0.8662784 -0.2598185 0.2098772 -1.091101 0.05830103 0.5056173 -0.9065566 -0.2316352 0.1573037 -1.082614 0.1002414 0.3244462 -1.075512 -0.0498324 0.2673617 -1.091377 -0.007578134 0.01314795 -1.028927 0.1849386 0.3730702 -1.048714 -0.1057488 -0.03518086 -0.9991412 0.2072216 0.4534772 -0.953776 -0.2122288 0.07678568 -1.079483 0.1220334 0.413096 -0.9997854 -0.1770492 0.04116177 -1.05737 0.1548161 0.2148121 -1.100597 0.01458239 0.367811 -1.038641 -0.1384558 0.1549065 -1.099843 0.06015467 0.3211211 -1.069638 -0.09309035 0.2702119 -1.090581 -0.05180895 0.4537778 -0.9172485 -0.2451878 0.06860053 -1.094832 0.09577608 0.403024 -0.975686 -0.213171 0.2110473 -1.104773 -0.02870714 0.3419359 -1.028484 -0.1750192 -0.03325438 -1.058846 0.1543621 0.1594543 -1.110018 0.01654189 0.317183 -1.056722 -0.135572 0.1027855 -1.106929 0.05795663 0.266958 -1.083733 -0.09693324 0.4047656 -0.921409 -0.2586143 0.3929094 -0.8941605 -0.2770718 -0.05996376 -1.040337 0.1728627 0.3675035 -0.9641932 -0.2377375 -0.09081411 -1.005795 0.2006791 -0.1310443 -0.9705926 0.2198143 0.2133656 -1.100752 -0.07314956 0.3516885 -0.9946916 -0.2139826 -0.008247971 -1.084416 0.1190104 0.1570314 -1.113968 -0.02755051 0.1019944 -1.11498 0.02666568 0.2635249 -1.070066 -0.1392149 0.04719656 -1.110964 0.05830001 0.3094239 -1.024819 -0.1946755 0.1024473 -1.119676 -0.006427288 0.359288 -0.9298895 -0.2650096 -0.1139668 -1.037077 0.1721169 0.2118855 -1.093512 -0.1057488 -0.1857784 -0.9943317 0.1999733 -0.2282395 -0.9535024 0.2197251 -0.009938538 -1.104153 0.0799545 0.1580117 -1.110621 -0.07119148 -0.06244975 -1.081874 0.1206524 0.2366167 -1.057742 -0.1754862 0.04618149 -1.121453 0.01377755 0.2098888 -1.082929 -0.1374074 0.3089302 -0.9601491 -0.257181 0.2973456 -0.9981483 -0.2289385 0.07702285 -1.123083 -0.03013658 -0.118881 -1.066308 0.1372552 -0.1853327 -1.025232 0.1740782 -0.009973943 -1.115001 0.04833453 0.1550025 -1.100521 -0.1157153 -0.0651952 -1.10274 0.0800085 0.1021713 -1.116816 -0.07508528 0.2252414 -1.0442 -0.1988853 -0.008537352 -1.122163 0.01686561 0.2212566 -1.017015 -0.2302327 -0.1466076 -1.076745 0.1171912 0.04483389 -1.123719 -0.0521425 -0.1989894 -1.042032 0.1536731 0.1556966 -1.08335 -0.1566019 0.2538903 -0.9436698 -0.2771467 -0.06441533 -1.11676 0.03646862 0.1011926 -1.10669 -0.1164547 -0.2767165 -0.9731926 0.200179 -0.1454719 -1.094503 0.08303624 -0.01000839 -1.125869 -0.02673482 0.2283629 -0.9791734 -0.2598187 0.04602444 -1.116811 -0.09502255 0.1199598 -1.065615 -0.1939592 -0.06931805 -1.123262 -0.006419837 0.09955888 -1.089824 -0.157675 -0.2682964 -1.009267 0.1720934 -0.1186257 -1.112406 0.03760451 -0.3296837 -0.9460788 0.2072226 -0.0430625 -1.12443 -0.05333596 0.150642 -1.046767 -0.2122301 -0.2254589 -1.061753 0.1197203 0.04696434 -1.102664 -0.1381711 0.1660712 -0.9963039 -0.25676 -0.1763843 -1.098954 0.05907845 -0.008461117 -1.118257 -0.09388327 -0.3010373 -1.018892 0.1528873 -0.1519354 -1.113168 0.01537513 -0.3421087 -0.9716893 0.1859137 0.1197704 -1.034953 -0.2296023 -0.2311916 -1.081617 0.07890403 -0.2801711 -1.049557 0.1186762 -0.1210692 -1.12002 -0.02755117 0.02170121 -1.081452 -0.1808543 -0.04101282 -1.105536 -0.1334054 -0.06592649 -1.116521 -0.0950312 -0.1797429 -1.111685 -0.007579326 -0.009771704 -1.094877 -0.1576584 -0.2323623 -1.095059 0.03761047 0.06724911 -1.022405 -0.2458142 -0.4267513 -0.9175754 0.2010195 -0.2817685 -1.068991 0.08104205 -0.1222984 -1.117743 -0.06206834 0.04315346 -1.056619 -0.2131747 -0.328742 -1.034464 0.1206464 -0.3883076 -0.9714208 0.1713883 -0.1217058 -1.112016 -0.0949952 -0.2062115 -1.108114 -0.03986078 -0.3810916 -1.004201 0.1382205 -0.2322549 -1.102068 -0.0052706 0.06767898 -0.9961788 -0.2650097 0.06152927 -0.976553 -0.277072 -0.2867003 -1.081975 0.03951716 -0.336553 -1.054002 0.08001154 -0.1809022 -1.108795 -0.07314902 -0.009791612 -1.057657 -0.2130765 -0.09902638 -1.089381 -0.1611057 -0.4459734 -0.96538 0.1528653 -0.1206957 -1.102222 -0.126941 -0.4111208 -1.008493 0.1163185 -0.06351923 -1.071187 -0.1940202 -0.2882387 -1.08794 0.004654288 -0.4875712 -0.9257465 0.1721351 -0.3407745 -1.067534 0.03568428 -0.2043674 -1.0978 -0.1058151 -0.03562074 -1.034311 -0.237106 -0.5143736 -0.8737069 0.2001519 -0.5011304 -0.844942 0.2198143 -0.3903527 -1.04019 0.0696789 -0.2564362 -1.0949 -0.07103854 -0.2901837 -1.089646 -0.02986335 -0.1783505 -1.090818 -0.1374015 -0.03281605 -1.00777 -0.2589363 -0.08858662 -1.047302 -0.22138 -0.1151679 -1.065323 -0.1965393 -0.3441365 -1.073388 -0.007575094 -0.5564523 -0.8361467 0.2067927 -0.4386602 -1.015967 0.08103716 -0.4799631 -0.9748162 0.1206557 -0.1718654 -1.071314 -0.1771122 -0.3950247 -1.052905 0.01767015 -0.2309242 -1.080767 -0.138454 -0.2867621 -1.08246 -0.09502589 -0.3428545 -1.074207 -0.03985053 -0.5245066 -0.939904 0.1366067 -0.5703794 -0.8673361 0.1803227 -0.4454758 -1.02807 0.03950595 -0.1412343 -1.025079 -0.2377368 -0.490601 -0.9929766 0.08001267 -0.3405578 -1.071848 -0.07199192 -0.1915947 -1.044237 -0.2103021 -0.4245651 -1.044904 -0.004807233 -0.2238152 -1.062604 -0.1760978 -0.5645927 -0.8986166 0.1563628 -0.2819029 -1.069872 -0.1363201 -0.1309678 -1.001213 -0.2584139 -0.5584548 -0.9484556 0.09684717 -0.3960232 -1.055691 -0.05099976 -0.134776 -0.9703447 -0.2771464 -0.4953243 -1.006202 0.03646659 -0.3676232 -1.058493 -0.09513407 -0.6083728 -0.8121946 0.2001222 -0.5951085 -0.9084955 0.1235728 -0.4500612 -1.035134 -0.02986341 -0.2783216 -1.049514 -0.1771298 -0.6292257 -0.8561667 0.1557648 -0.3334108 -1.054905 -0.1374071 -0.5446904 -0.9733619 0.0598585 -0.2151187 -1.022349 -0.2286435 -0.5010094 -1.011063 -0.007232546 -0.6558981 -0.8075143 0.1790735 -0.3928072 -1.042535 -0.1175696 -0.6817761 -0.7518963 0.2004727 -0.4473276 -1.032544 -0.07315391 -0.2913495 -1.017021 -0.2152661 -0.3588806 -1.036155 -0.1593809 -0.5473668 -0.9815608 0.02666568 -0.2438281 -0.9992824 -0.2441025 -0.5930085 -0.9457918 0.05795377 -0.6286169 -0.9018333 0.1002447 -0.4996137 -1.011543 -0.05098676 -0.3267779 -1.02268 -0.1955831 -0.5496369 -0.9856963 -0.006425499 -0.2286056 -0.9746859 -0.264599 -0.4432078 -1.022966 -0.1164934 -0.698606 -0.691088 0.2206106 -0.667849 -0.8604701 0.1190085 -0.4022591 -1.007113 -0.1808586 -0.6886245 -0.8096302 0.1557234 -0.5970095 -0.9552073 0.01573061 -0.2863032 -0.9784562 -0.2515408 -0.638243 -0.9159539 0.05907249 -0.4975523 -1.007299 -0.08407992 -0.5497078 -0.9858285 -0.05100029 -0.4364699 -1.007262 -0.1576615 -0.7319167 -0.7383014 0.1803236 -0.4938773 -0.9999145 -0.1164905 -0.3425266 -0.9779571 -0.2377371 -0.7352915 -0.6981624 0.2014806 -0.7620568 -0.6248783 0.2196574 -0.6785253 -0.8771564 0.0799511 -0.3706809 -0.9927567 -0.213779 -0.7112927 -0.8248351 0.1196939 -0.5985851 -0.9578377 -0.0175637 -0.7303348 -0.7735327 0.1551225 -0.6427414 -0.925229 0.01686948 -0.5474551 -0.9786595 -0.09613168 -0.5995158 -0.956582 -0.05214405 -0.4851806 -0.9856797 -0.156597 -0.3342927 -0.9517272 -0.260131 -0.6851025 -0.8857808 0.04833453 -0.786941 -0.6427918 0.2004734 -0.7207258 -0.8438647 0.07924634 -0.4204752 -0.9744593 -0.212229 -0.7491208 -0.7910417 0.1196444 -0.6460416 -0.9274649 -0.02673643 -0.7701395 -0.7329571 0.1563655 -0.6871448 -0.8935016 0.01572811 -0.5587956 -0.9585319 -0.1343212 -0.5946409 -0.9515449 -0.09502416 -0.4768004 -0.9645555 -0.1940181 -0.3713204 -0.9085285 -0.2771466 -0.8014614 -0.6644617 0.1796889 -0.7318862 -0.8523473 0.03647029 -0.444413 -0.9474636 -0.228883 -0.7640196 -0.804569 0.08075833 -0.6697846 -0.9087368 -0.06063097 -0.7854223 -0.7556129 0.1196947 -0.6917064 -0.8944449 -0.02870821 -0.5491094 -0.9381063 -0.1788592 -0.8230592 -0.6739762 0.156558 -0.4218109 -0.9198321 -0.2584144 -0.6415567 -0.9210362 -0.09502303 -0.7543522 -0.8408559 0.003219485 -0.5825181 -0.9317314 -0.1576106 -0.7724672 -0.8159556 0.03760999 -0.4832707 -0.9185882 -0.2371053 -0.8457959 -0.5631403 0.2010208 -0.8047164 -0.7648374 0.07999044 -0.519132 -0.9263979 -0.2125365 -0.8223307 -0.7158433 0.119692 -0.735655 -0.8591682 -0.02870726 -0.6322665 -0.910325 -0.1381723 -0.6858614 -0.8892901 -0.09388506 -0.8718676 -0.5822239 0.1736812 -0.812403 -0.7767515 0.03760856 -0.8405602 -0.7250787 0.08104115 -0.7357208 -0.854511 -0.07314234 -0.5826812 -0.8895608 -0.2115831 -0.876973 -0.6458212 0.1228542 -0.7766908 -0.8227009 -0.02986341 -0.6445869 -0.879473 -0.1746091 -0.8717306 -0.6136401 0.1541996 -0.6790191 -0.8778021 -0.1355686 -0.5233019 -0.8860246 -0.2456234 -0.8680656 -0.6781783 0.1002483 -0.8173906 -0.7816439 -0.006415426 -0.5087876 -0.8640776 -0.2650094 -0.5028255 -0.8443899 -0.277072 -0.8927289 -0.5363185 0.1803225 -0.8636326 -0.7109376 0.0592128 -0.7529467 -0.8331139 -0.09827196 -0.892312 -0.4827075 0.2025789 -0.7992544 -0.8000884 -0.05149382 -0.8535971 -0.7384976 0.01573175 -0.7211773 -0.8420222 -0.1392143 -0.5638575 -0.8435654 -0.2571802 -0.6227898 -0.8430368 -0.228825 -0.65764 -0.852882 -0.1946738 -0.911037 -0.5758849 0.1397978 -0.9002273 -0.674063 0.03970181 -0.9104361 -0.6372672 0.07999086 -0.8163406 -0.7786209 -0.0742768 -0.8552078 -0.7418972 -0.02755081 -0.7094298 -0.825579 -0.178066 -0.9408977 -0.500729 0.1557645 -0.7888081 -0.7920954 -0.1166256 -0.9313284 -0.4478338 0.1882826 -0.9363017 -0.561352 0.1200174 -0.89059 -0.6980596 -0.005272865 -0.756521 -0.7991685 -0.1576564 -0.9312154 -0.3845734 0.207595 -0.9140642 -0.3659709 0.2210173 -0.951497 -0.5776267 0.07705706 -0.8751714 -0.7178664 -0.04917848 -0.6914535 -0.8072524 -0.2131468 -0.9233481 -0.6504545 0.01572996 -0.8031679 -0.7657498 -0.138453 -0.6299712 -0.7922831 -0.2594876 -0.8494569 -0.7369413 -0.09388297 -0.9613526 -0.5410273 0.09919023 -0.7397585 -0.7837802 -0.1946706 -0.6237736 -0.7609264 -0.2770719 -0.9621502 -0.4228956 0.1720934 -0.9511881 -0.6015617 0.03760969 -0.6904166 -0.7667683 -0.2446612 -0.8904054 -0.6941262 -0.07395875 -0.9775657 -0.4878442 0.1190071 -0.9258207 -0.6522676 -0.0175637 -0.787768 -0.753208 -0.1771154 -0.8641975 -0.7103686 -0.1164333 -0.9638839 -0.333738 0.1993173 -0.7512274 -0.7527534 -0.2133381 -0.9253927 -0.6519605 -0.05098766 -0.9900869 -0.4033066 0.1528856 -0.9559314 -0.6046773 0.004654288 -0.8321338 -0.7219737 -0.1566003 -0.9822805 -0.3499798 0.1803227 -0.9797633 -0.5535286 0.03951376 -0.9472364 -0.2807566 0.2197434 -0.9951484 -0.4986121 0.07815605 -1.001052 -0.4387336 0.1186792 -0.9569447 -0.6070578 -0.02755069 -0.8883284 -0.6647722 -0.1415582 -0.9413085 -0.6254219 -0.0716983 -0.7571548 -0.7232896 -0.2308613 -0.8452566 -0.6903128 -0.1761646 -0.9860889 -0.5571534 -0.004455149 -0.7064964 -0.7152003 -0.2645988 -1.006298 -0.5059941 0.03647196 -0.9147929 -0.6444948 -0.1164877 -0.9878264 -0.2443811 0.2015239 -1.018361 -0.4483057 0.07999485 -0.8047588 -0.6960889 -0.2131483 -1.019535 -0.3913474 0.1206495 -1.021264 -0.30724 0.156561 -0.7558355 -0.6797986 -0.2571813 -0.9510846 -0.6015674 -0.09499794 -0.9863579 -0.5573076 -0.04902589 -0.8496456 -0.6637604 -0.1955807 -1.011849 -0.5071102 0.004654288 -0.7312535 -0.6598032 -0.2771465 -1.012897 -0.2507305 0.18033 -1.030506 -0.4554815 0.03681665 -1.038901 -0.397121 0.08179914 -1.039185 -0.3390251 0.1197178 -1.0138 -0.5081037 -0.02870732 -0.8924773 -0.626443 -0.1780619 -0.9401583 -0.5945612 -0.1355692 -0.995535 -0.5353457 -0.07425004 -0.8155843 -0.6585183 -0.2306942 -1.037408 -0.4569458 -0.008387684 -1.049662 -0.4013057 0.04833453 -0.9748511 -0.5507128 -0.1164532 -1.010291 -0.149055 0.1993119 -1.059062 -0.3456358 0.07815486 -0.8918474 -0.5952492 -0.2044603 -1.054772 -0.2853552 0.1206506 -0.9233309 -0.5837695 -0.175404 -1.03728 -0.1937308 0.1693884 -1.056564 -0.4039484 0.01573079 -0.8132066 -0.6086225 -0.2584149 -1.008188 -0.5017653 -0.09502232 -0.8734064 -0.58276 -0.229529 -1.037125 -0.4568196 -0.05295884 -1.058538 -0.2121216 0.1408421 -0.9804401 -0.5241608 -0.1389785 -1.07215 -0.3483812 0.03646904 -1.004757 -0.09470731 0.2075949 -1.072391 -0.2642447 0.1004232 -1.070762 -0.3745142 -0.008499622 -0.949716 -0.536306 -0.1787636 -1.081963 -0.2945233 0.05907344 -1.042362 -0.4302718 -0.09190559 -1.058502 -0.4063199 -0.04984045 -0.9946725 -0.4726498 -0.1616235 -1.048745 -0.09609919 0.1721356 -0.988488 -0.03978675 0.2197434 -1.091972 -0.216743 0.08215767 -0.9278054 -0.523748 -0.2130736 -1.083874 -0.1592782 0.1174599 -1.091996 -0.297357 0.01573354 -1.018272 -0.4485028 -0.1374099 -0.8906303 -0.52648 -0.2441028 -1.020246 -0.03802591 0.1997677 -1.078148 -0.3519807 -0.0509994 -0.9663833 -0.4839806 -0.1940226 -1.073438 -0.1276786 0.1391288 -0.8631213 -0.5179347 -0.265014 -1.100786 -0.2433201 0.03871953 -1.046555 -0.4017772 -0.1153687 -1.094939 -0.2982167 -0.0175637 -0.9053771 -0.4815346 -0.2515413 -1.106932 -0.1845433 0.0579524 -1.071621 -0.3482571 -0.09613233 -0.9510771 -0.4475126 -0.2295482 -1.094769 -0.2966586 -0.05214267 -0.9874091 -0.434577 -0.1972116 -1.079913 -0.07440078 0.1375793 -1.111625 -0.2156801 0.01580542 -1.031847 -0.3926894 -0.1569381 -1.050076 0.01265805 0.1754267 -1.018444 0.05337417 0.201001 -1.106032 -0.1299356 0.08179807 -1.109094 -0.2436786 -0.02870684 -1.068966 -0.016779 0.1548132 -1.069722 -0.3221839 -0.1283191 -1.087769 -0.2962865 -0.09502249 -1.103402 -0.07269084 0.09918868 -1.009074 -0.3875498 -0.1946761 -1.11951 -0.1868153 -0.007575035 -1.050544 -0.3392328 -0.1576558 -0.9115412 -0.431195 -0.264207 -1.12002 -0.131644 0.03951364 -1.105476 -0.2443919 -0.07199299 -1.082834 0.01343691 0.1378387 -0.939515 -0.3915674 -0.2580604 -1.119851 -0.07548242 0.05907589 -0.9833836 -0.3735101 -0.2289372 -1.104755 -0.0211609 0.1012472 -1.118928 -0.1897174 -0.05181294 -1.040486 -0.3132651 -0.1874457 -1.127256 -0.1325274 -0.004455745 -1.065349 -0.2883563 -0.1586617 -0.9145748 -0.3724821 -0.2770719 -1.047554 0.1187788 0.1717691 -1.096077 -0.2407529 -0.1145985 -1.008531 0.1538954 0.2010006 -1.021284 -0.3052039 -0.2146974 -1.064585 0.08518975 0.15657 -1.128072 -0.07615679 0.02666568 -0.9674255 -0.3450559 -0.2510427 -1.118581 -0.01988297 0.06952667 -1.117566 -0.1612045 -0.09190613 -1.105245 0.03521347 0.1002639 -1.127564 -0.1325649 -0.04902654 -1.132994 -0.07650923 -0.008388996 -1.093908 -0.2113396 -0.1375708 -1.032135 0.1647525 0.180323 -1.128762 -0.01858097 0.03646987 -1.000165 -0.2961813 -0.2377375 -1.07929 0.1188902 0.1342557 -1.068339 -0.2363354 -0.1760936 -1.122533 0.03726488 0.05795496 -1.099439 0.1120185 0.1023136 -1.131988 -0.07643592 -0.06212049 -1.135319 -0.02170097 -0.005269765 -1.089229 -0.1814658 -0.1586602 -0.96546 -0.2881742 -0.2654306 -1.114598 -0.132558 -0.1153702 -0.9886582 0.2529308 0.2010004 -1.061846 -0.2045202 -0.1958367 -1.05046 0.1918329 0.1571977 -1.132884 0.03451997 0.01492649 -0.9878961 -0.2454159 -0.2587436 -1.119028 0.08974999 0.06015419 -1.028067 -0.2277063 -0.2286437 -1.135555 -0.02025252 -0.0509994 -1.098389 -0.1290022 -0.1558803 -0.9597797 -0.2352143 -0.2771523 -1.019288 0.2701076 0.1721162 -1.127132 -0.04109376 -0.09881782 -0.9404587 0.305299 0.2205755 -1.106657 0.1457462 0.07815533 -1.051629 -0.1765591 -0.2146131 -1.05927 0.222048 0.139571 -1.136098 0.0375384 -0.02986353 -1.129377 0.09206157 0.01767349 -1.112412 -0.07665854 -0.1363167 -1.008626 -0.1954642 -0.2515823 -1.088026 0.1969761 0.1012474 -1.075499 -0.1262069 -0.1940222 -1.119639 0.1489498 0.03646993 -1.033132 -0.1495975 -0.2377378 -0.9669204 0.3281275 0.2005231 -1.132629 0.03446877 -0.07395678 -1.06679 0.2517125 0.1186782 -1.130429 0.1177808 -0.007932782 -1.09248 -0.0719701 -0.1764227 -1.114387 -0.02144956 -0.1381708 -1.104505 0.2015386 0.06093424 -1.062724 -0.09258913 -0.2148315 -1.132074 0.09372735 -0.05214303 -1.035365 0.3179755 0.1388789 -0.9878864 0.367182 0.1728222 -1.121635 0.03567397 -0.1183476 -0.9388974 0.3986502 0.2015231 -1.07213 0.2808359 0.09726995 -1.127388 0.1484128 -0.03067946 -1.094375 -0.01935648 -0.1770546 -1.11502 0.2049664 0.01654458 -1.00931 -0.1161655 -0.2607445 -1.094498 0.2563048 0.05718314 -1.126211 0.1264315 -0.07658302 -1.104571 0.03677082 -0.1586619 -1.119747 0.08973735 -0.1153694 -1.034536 -0.05396932 -0.2453664 -1.068263 -0.01878857 -0.2131726 -1.036865 0.3543642 0.1197008 -1.115035 0.2255909 -0.02525001 -1.103873 0.2600045 0.01458078 -1.079412 0.3098916 0.06093233 -1.083104 0.06312823 -0.1925839 -1.005573 0.4001254 0.1397954 -1.102552 0.09154438 -0.1569382 -0.9486569 0.4611703 0.1721356 -1.113577 0.1450263 -0.117269 -1.04459 0.01008516 -0.2377374 -0.8962195 0.4904535 0.2005193 -0.8632891 0.4827637 0.220525 -1.038106 0.3866509 0.09892511 -1.115281 0.2049658 -0.07234328 -1.067199 0.03594505 -0.2139851 -1.089533 0.3143506 0.01654249 -1.064242 0.3618185 0.05795443 -1.107011 0.2576939 -0.0498386 -0.9870378 0.4484699 0.1372572 -1.094543 0.1676674 -0.1559365 -1.009656 0.00518763 -0.2650094 -1.105142 0.2015667 -0.1164893 -1.087485 0.3349372 -0.02545291 -1.072323 0.3694418 0.01572912 -1.027049 0.05850577 -0.2515423 -1.044619 0.413874 0.05985599 -1.099713 0.2590317 -0.09423035 -1.048086 0.1113543 -0.2295497 -1.006615 0.4611832 0.09952253 -1.073302 0.1394958 -0.1963159 -0.9627287 0.4962406 0.1388998 -0.987844 0.05710393 -0.2772286 -0.9000758 0.5513985 0.1714127 -0.8422736 0.5755981 0.201523 -0.8254196 0.5421713 0.2210321 -1.091311 0.3132811 -0.06206846 -1.078432 0.195048 -0.1760926 -1.052798 0.4221203 0.01572996 -1.087143 0.2529373 -0.1363185 -1.023391 0.4653656 0.05795323 -1.085143 0.3130571 -0.09613204 -0.9814023 0.5118932 0.1002414 -1.076315 0.3660166 -0.04984021 -0.9374282 0.5457888 0.1366076 -1.004663 0.1052949 -0.2650139 -0.7868171 0.6024023 0.2196574 -1.051963 0.1939116 -0.2125353 -1.057681 0.4191997 -0.02755159 -1.0667 0.249866 -0.1771314 -1.030671 0.473759 0.01572942 -1.072758 0.3062733 -0.1381738 -1.015401 0.1621003 -0.2520594 -0.999088 0.5155268 0.05830115 -1.069603 0.3652898 -0.09309411 -0.9565414 0.5569016 0.1001937 -0.9073356 0.5902554 0.1397955 -0.9697538 0.2022483 -0.2769872 -0.8545166 0.6181553 0.1721192 -1.024147 0.2129879 -0.2371484 -0.7835158 0.6544891 0.2010007 -1.055157 0.4197666 -0.06206846 -1.033859 0.2714324 -0.2139737 -1.024057 0.4960898 -0.01904368 -1.04744 0.3277726 -0.1746065 -0.9949697 0.5444562 0.01903885 -1.056817 0.3609524 -0.1355704 -0.9708278 0.5652119 0.06093662 -1.04943 0.4175 -0.09692841 -0.9279279 0.6036469 0.1002637 -1.03426 0.4720325 -0.05098664 -0.8788887 0.6357948 0.136609 -0.8045939 0.6809769 0.1728215 -1.03633 0.4123076 -0.1392141 -0.9961453 0.2131812 -0.2595477 -0.9304996 0.6307218 0.05973827 -1.028379 0.4693546 -0.09309554 -0.8962545 0.6504538 0.0991913 -1.010396 0.5213834 -0.05181318 -1.026387 0.3486259 -0.1946731 -0.8452936 0.67795 0.138232 -0.9832668 0.5707637 -0.005271673 -0.7133992 0.73113 0.2005178 -1.01003 0.4280867 -0.1758877 -0.9502389 0.6199364 0.01458102 -1.016089 0.4637639 -0.1355715 -0.9737768 0.3060778 -0.2584131 -1.003932 0.5180612 -0.09613138 -1.003278 0.3229952 -0.2301011 -0.8641699 0.690797 0.1012488 -0.9827703 0.5721576 -0.04902398 -0.8099411 0.7179861 0.1397976 -0.9445579 0.2969604 -0.2772907 -0.7374418 0.7550014 0.1714125 -0.9155809 0.6624256 0.03760635 -0.9924093 0.396847 -0.2139848 -0.9535122 0.6202879 -0.01756376 -0.9902628 0.514523 -0.1381714 -0.6768314 0.8084565 0.172107 -0.8764602 0.7026852 0.06093472 -0.977552 0.5674102 -0.09422713 -0.8283107 0.7342972 0.1002624 -0.9529923 0.6199501 -0.05295658 -0.987037 0.4484715 -0.1946716 -0.7743615 0.757813 0.1382325 -0.9212641 0.666489 -0.006419539 -0.9114349 0.3892033 -0.2769873 -0.9719443 0.5050348 -0.1780639 -0.8833854 0.7082439 0.02666562 -0.9642189 0.5632421 -0.1363186 -0.946644 0.4047052 -0.2515817 -0.8414819 0.7459954 0.05718302 -0.9468812 0.6159743 -0.09692674 -0.9671086 0.418014 -0.2307496 -0.7893468 0.775043 0.1012461 -0.9221682 0.6653074 -0.04983651 -0.6927968 0.8276019 0.1440383 -0.8879314 0.7100296 -0.005271852 -0.9203704 0.4202118 -0.2646721 -0.9438962 0.5187121 -0.2044602 -0.7448651 0.8028488 0.1206513 -0.7097281 0.8479179 0.1019158 -0.9480445 0.5519612 -0.1754062 -0.8479434 0.7537302 0.01457989 -0.9350687 0.6082928 -0.1392101 -0.7763485 0.8013236 0.08156245 -0.9149233 0.663705 -0.09422874 -0.9247422 0.50595 -0.230235 -0.8871817 0.7112908 -0.05099743 -0.808187 0.7892604 0.03871542 -0.7208481 0.8612557 0.06085151 -0.8511285 0.7545647 -0.01756376 -0.9178465 0.5970886 -0.1787686 -0.8933362 0.6721192 -0.1338526 -0.9021039 0.4963347 -0.2515822 -0.7634837 0.8254556 0.05718463 -0.8805125 0.7078273 -0.09613245 -0.8352237 0.7714142 -0.0535705 -0.7874808 0.8171693 0.01321518 -0.8670176 0.4792385 -0.2772169 -0.7279533 0.8697751 0.01573604 -0.8821659 0.605476 -0.2131786 -0.8139786 0.7949675 -0.02755057 -0.8874267 0.6439874 -0.1764202 -0.8447552 0.7508848 -0.09423196 -0.8621962 0.6932563 -0.1586626 -0.86368 0.5267349 -0.2645986 -0.8578344 0.5865836 -0.2440779 -0.7725694 0.8353109 -0.0287072 -0.730098 0.8723527 -0.02870726 -0.8366319 0.7395209 -0.1363189 -0.8064731 0.7917782 -0.0938816 -0.7279533 0.869775 -0.07315063 -0.8455675 0.6776083 -0.1956468 -0.770094 0.8326246 -0.07313019 -0.8004446 0.7529061 -0.1725385 -0.7988497 0.7800128 -0.1366608 -0.8067919 0.6795461 -0.2295484 -0.8109643 0.7185968 -0.1956486 -0.8074014 0.6094971 -0.2645992 -0.786817 0.6024019 -0.277072 -0.7634837 0.8254556 -0.114599 -0.7208481 0.8612557 -0.1182659 -0.7818082 0.6598668 -0.256771 -0.752097 0.813106 -0.1558811 -0.7097283 0.8479179 -0.1593301 -0.7530033 0.7801631 -0.1948096 -0.7404019 0.7499001 -0.2303374 -0.6946305 0.8298082 -0.1971505 -0.7389622 0.6549028 -0.2785045 -0.7262735 0.7850947 -0.2130761 -0.7116561 0.7319737 -0.2584124 -0.6759203 0.8073661 -0.2308145 -0.655045 0.782328 -0.258295 -0.2329034 0.3085436 -0.0389328 -0.2533261 0.3005001 -0.03902602 -0.211677 0.3031242 -0.03887635 -0.1976595 0.2863108 -0.03887635 -0.1962018 0.2644687 -0.03887635 -0.2077328 0.2458132 -0.03902554 0.3156192 -0.08141851 -0.03892403 0.2992821 -0.08909922 -0.03902465 0.3344579 -0.08318191 -0.0388574 0.3570249 -0.1102505 -0.0388574 0.3494267 -0.09364396 -0.03904563 0.3553706 -0.1290991 -0.03892403 0.3448767 -0.1437866 -0.03902602 0.3244521 -0.1517977 -0.03890055 0.2876865 -0.1077388 -0.03894406 0.3032271 -0.1464104 -0.03887635 0.2892097 -0.1295967 -0.03887635 -0.09986627 -0.3266686 -0.03879171 -0.1061515 -0.3066695 -0.03884243 -0.1247012 -0.2969734 -0.03887635 0.1119853 0.3680003 -0.03870707 0.1168084 0.360132 -0.03879171 0.08105385 0.3454946 -0.03892403 0.1331068 0.3626627 -0.03870707 0.1353248 0.3503295 -0.03887635 0.0793994 0.3266463 -0.0388574 0.1470572 0.3459293 -0.03870707 0.1415515 0.33036 -0.03887635 0.1019663 0.299578 -0.0388574 0.1485081 0.3241923 -0.03870707 0.1208049 0.297814 -0.03892403 0.5622097 -0.6521874 -0.2784293 -0.5773598 0.6562552 -0.2773072 -0.5123599 0.706225 -0.273707 -0.5797345 0.6523598 -0.273707 0.5589655 -0.6503465 -0.2743842 0.5990003 -0.6133943 -0.273983 0.6294565 -0.5870264 -0.2784093 0.6545552 -0.553881 -0.2742753 0.6847096 -0.5191655 -0.2779546 0.7090833 -0.4822065 -0.273707 0.7094424 -0.4870854 -0.2784014 0.7304192 -0.4505345 -0.2761793 0.7651401 -0.3882543 -0.2737069 0.75275 -0.4159005 -0.2779988 0.771367 -0.3763647 -0.2763214 0.777213 -0.3761304 -0.2787066 0.7909526 -0.3379641 -0.278019 0.8058882 -0.2935434 -0.2744469 0.8272437 -0.239368 -0.2782962 0.8314653 -0.2141129 -0.276076 0.8381509 -0.1857306 -0.273707 0.8468595 -0.1709981 -0.2787066 0.8500592 -0.1280265 -0.2773768 0.854632 -0.08077675 -0.273707 0.8581978 -0.05873566 -0.2780238 0.8581913 -0.02251946 -0.2746657 0.8619159 -2.17985e-4 -0.2784092 0.859034 0.04763519 -0.2773182 0.8576974 0.04850727 -0.273707 0.8537956 0.123542 -0.278418 0.8504055 0.1295118 -0.2761794 0.8490037 0.1343258 -0.273707 0.8325836 0.2328096 -0.278539 0.8332908 0.2182634 -0.2773183 0.8318083 0.2188514 -0.273707 0.8110289 0.2925059 -0.2775064 0.7984547 0.3230575 -0.2737067 0.7930162 0.3370718 -0.2761794 0.7801689 0.3723431 -0.2783885 0.7567023 0.4136058 -0.2763214 0.7529485 0.4190599 -0.273707 0.7391527 0.4498248 -0.2784217 0.7134766 0.4838968 -0.2743846 0.6826559 0.5276018 -0.273707 0.6588663 0.566983 -0.2787064 0.6802086 0.5329391 -0.2773866 0.6309298 0.5915378 -0.2773475 0.6271272 0.5936135 -0.273707 0.5702141 0.6523463 -0.2781499 0.565302 0.653768 -0.273707 0.5317156 0.6840519 -0.2779288 0.4977962 0.7074657 -0.273707 0.4680247 0.7287307 -0.2763214 0.4670439 0.7323071 -0.2784192 0.4252771 0.754177 -0.273707 0.3879492 0.7771631 -0.2782157 0.3532725 0.7920002 -0.2761796 0.3484737 0.7934321 -0.273707 0.3043223 0.8153023 -0.2783482 0.269387 0.8257517 -0.2772526 0.2462111 0.8323242 -0.2737069 0.1946237 0.8474703 -0.2775415 0.1278184 0.8625958 -0.278387 0.1472896 0.8556906 -0.2743061 0.0609712 0.8668884 -0.2744143 0.021788 0.8716049 -0.2780368 -0.04490303 0.8721774 -0.278387 -0.02145129 0.8701022 -0.2762058 -0.02905523 0.8692675 -0.2737072 -0.08981221 0.8653153 -0.2748103 -0.1529365 0.8577541 -0.2761795 -0.1577079 0.8562342 -0.273707 -0.1638525 0.8585295 -0.2784066 -0.2172057 0.8432616 -0.2744885 -0.2421197 0.8383246 -0.2774099 -0.2829924 0.8241695 -0.273707 -0.3278988 0.8141618 -0.2787064 -0.3030896 0.8183242 -0.2773562 -0.3552624 0.797811 -0.2775411 -0.3844082 0.7831249 -0.2737069 -0.3979886 0.7766485 -0.2761797 -0.4539903 0.7489432 -0.2784063 -0.4529663 0.7451731 -0.2746657 -0.5074213 0.7106227 -0.2763214 -0.535714 0.6925711 -0.278447 0.6406248 -0.7717919 -0.2601332 -0.5940904 0.8284712 0.2017048 -0.6554111 0.7827647 0.2005344 -0.613397 0.8551565 0.174084 -0.6763666 0.8079001 0.1726928 -0.6242611 0.8804276 0.1436775 -0.6978402 0.8336534 0.1330959 -0.5048001 0.8749696 0.2076639 -0.6617622 0.8696892 0.1240687 -0.5245228 0.8909654 0.190327 -0.7175046 0.857248 0.07644772 -0.6688861 0.8897978 0.0862053 -0.5558764 0.9104117 0.1584313 -0.5952056 0.9273099 0.1089229 -0.6799514 0.899497 0.0457068 -0.479811 0.9361139 0.1740863 -0.6254438 0.9211993 0.08516442 -0.4447198 0.9171606 0.2012268 -0.4051157 0.9029062 0.2197365 -0.5355061 0.9387401 0.1413897 -0.7270963 0.8687483 0.02295094 -0.6874274 0.9054694 -0.005656778 -0.6344924 0.9319579 0.04570597 -0.3747988 0.9463025 0.2022044 -0.7300454 0.8722854 -0.01978075 -0.5842213 0.9566314 0.06624865 -0.5277485 0.9689236 0.1055464 -0.6390666 0.9386483 0.003493845 -0.4694983 0.9737778 0.1401985 -0.3800719 0.9711241 0.1819548 -0.6849074 0.9059837 -0.06091326 -0.7289214 0.870935 -0.06089043 -0.5889337 0.9670934 0.0236476 -0.4146884 0.9821828 0.1584346 -0.7225369 0.8632797 -0.1110336 -0.5381475 0.9881666 0.05354112 -0.6151574 0.9568464 -0.02124422 -0.4565992 1.006197 0.1022874 -0.6796864 0.8990452 -0.104943 -0.6378687 0.9392493 -0.06200903 -0.2793248 0.96972 0.2076262 -0.4260656 1.00475 0.1249855 -0.3403851 1.01029 0.1584824 -0.4878954 1.009034 0.06549662 -0.3046571 0.989957 0.1877189 -0.6663765 0.8854557 -0.1548748 -0.7061644 0.8436411 -0.1701822 -0.5436408 0.9983289 -0.009879648 -0.634593 0.9318901 -0.1031195 -0.5906213 0.9698138 -0.06012755 -0.2197995 0.9640936 0.2196626 -0.3760361 1.025448 0.1234229 -0.4915097 1.019863 0.02288085 -0.4357364 1.032092 0.06622904 -0.224973 0.9941045 0.2005601 -0.6265588 0.919949 -0.1436222 -0.5693778 0.974167 -0.09993922 -0.6345871 0.8878765 -0.1841518 -0.6816688 0.8142598 -0.2220436 -0.2354509 1.022674 0.1753937 -0.5416427 0.9974759 -0.06200456 -0.3591193 1.05444 0.08233779 -0.4936435 1.024333 -0.02870708 -0.2885646 1.040404 0.141389 -0.4401198 1.042487 0.02475124 -0.6242662 0.8677986 -0.2137964 -0.3261322 1.05308 0.105533 -0.5790082 0.9508139 -0.1429103 -0.3860503 1.057742 0.0475347 -0.1309431 1.009591 0.2012112 -0.4420324 1.046978 -0.01795297 -0.6105589 0.8545843 -0.2335026 -0.6554099 0.7827632 -0.2579504 -0.5372116 0.9832732 -0.1243994 -0.4671649 1.034536 -0.06096184 -0.5723438 0.9306366 -0.1814872 -0.5940889 0.8284702 -0.2591205 -0.2719255 1.06774 0.1062303 -0.3599451 1.074328 0.01567614 -0.214267 1.057756 0.141125 -0.490671 1.014787 -0.1020314 -0.3346571 1.075674 0.04462218 -0.1332437 1.043147 0.1727159 -0.526146 0.9690802 -0.1638984 -0.3895233 1.067394 -0.01796013 -0.5529007 0.9122062 -0.2158389 -0.4391803 1.040127 -0.09538424 -0.2790945 1.083832 0.06726509 -0.2187896 1.080465 0.1045221 -0.4833958 1.002871 -0.1418687 -0.1613414 1.066969 0.1408211 -0.4945757 0.9732179 -0.1829893 -0.3902655 1.065323 -0.06169891 -0.002448022 1.007863 0.2077769 -0.02602958 0.987168 0.2197485 -0.3373242 1.084687 -0.01683831 -0.5236364 0.9025484 -0.2393688 -0.281004 1.097191 0.01686167 -0.4886698 0.9502408 -0.2137956 -0.2265743 1.096174 0.06622457 -0.02820402 1.033296 0.1885207 -0.5155179 0.8800886 -0.2584721 -0.1364905 1.087172 0.1160084 -0.4324324 1.023981 -0.1453513 -0.08752971 1.075988 0.1401351 -0.3848142 1.058382 -0.1041857 -0.3343095 1.084116 -0.06012427 -0.1676622 1.09837 0.08621323 -0.223045 1.108376 0.02475386 -0.05388927 1.062436 0.159029 -0.4244919 1.004974 -0.1830694 -0.2817751 1.100256 -0.02870708 -0.3814467 1.044657 -0.1436259 -0.4570722 0.9470126 -0.2314556 -0.3346595 1.075673 -0.1020361 -0.1438453 1.113692 0.05465674 -0.2800238 1.098835 -0.06200855 -0.4630123 0.8968591 -0.2654629 -0.1129255 1.105047 0.08621364 0.07192516 0.9842381 0.2197481 -0.2267968 1.11262 -0.01795411 -0.1692176 1.117761 0.02364861 -0.3885941 1.000217 -0.2075672 0.02336663 1.063764 0.1584659 -0.3762117 1.025506 -0.1805242 0.0641669 1.028621 0.1904321 -0.4220635 0.9373486 -0.2520099 -0.05782967 1.10463 0.09604114 -0.3292415 1.062808 -0.1418688 -0.3876554 0.9781838 -0.2307835 -0.2807679 1.090281 -0.1038889 -0.2278498 1.110829 -0.05979275 0.1289536 1.005849 0.2027954 -0.1432781 1.12553 -0.007200896 -0.004501342 1.090288 0.1234149 -0.114847 1.124199 0.02475273 -0.3231016 1.042675 -0.1815112 -0.171296 1.122224 -0.03946292 -0.275704 1.076088 -0.1453479 -0.1996653 1.112514 -0.08468627 -0.05868327 1.122842 0.04752725 0.1293112 1.041295 0.1733745 -0.3740862 0.937751 -0.2650414 -0.002902984 1.110935 0.0844568 0.05282866 1.08782 0.1247451 -0.2235691 1.096783 -0.1236436 -0.31553 1.017858 -0.2157735 -0.2709214 1.057054 -0.1814379 -0.116711 1.128917 -0.03834724 -0.321348 0.9678672 -0.2578984 -0.0590077 1.129834 0.01412087 0.1349664 1.067344 0.1432873 -0.1693516 1.109099 -0.1161062 -0.002861857 1.125054 0.04385954 0.07087177 1.106303 0.08934038 -0.2171312 1.080286 -0.1629415 0.2198372 0.9901408 0.2022047 0.2171006 0.9616168 0.2197479 -0.05915099 1.133086 -0.01795399 -0.2829787 1.009814 -0.2336401 0.1068171 1.084482 0.123106 -0.2409463 1.051647 -0.1993553 -0.1149185 1.124529 -0.08029115 -0.00145775 1.132756 0.002384364 0.05158454 1.12274 0.04677408 0.2058561 1.026855 0.1746007 -0.05912154 1.132272 -0.05018293 -0.1648347 1.088653 -0.1639007 -0.1141103 1.116167 -0.1133791 -0.213081 1.043598 -0.2157751 -0.0589146 1.127828 -0.0840305 0.1079358 1.111607 0.06801134 0.02979004 1.134066 -0.02001571 -0.24004 0.9876108 -0.2601525 0.16057 1.088835 0.1038341 -0.1131385 1.105026 -0.1436275 0.08210313 1.1258 0.02676069 0.2078653 1.055242 0.1425988 -0.1632134 1.06605 -0.1991607 0.2823422 1.009485 0.1733748 -0.004210114 1.132764 -0.05979907 0.317559 0.9640707 0.2012093 -0.1879817 1.015811 -0.2471841 -0.03315842 1.11676 -0.1272944 0.1631798 1.105792 0.0644223 -0.1127889 1.08518 -0.1805208 0.2140594 1.077399 0.1071852 0.1123039 1.126416 0.003487527 -0.1591835 1.037962 -0.2314582 0.2617316 1.043588 0.1417646 -0.002859115 1.125054 -0.1012737 0.0534085 1.131158 -0.06091171 -0.05772542 1.099528 -0.1629493 0.3579415 0.9175228 0.2196624 0.1941317 1.10968 0.03383177 -0.08271998 1.061525 -0.215899 0.2176195 1.094719 0.06801086 0.1377127 1.125543 -0.02870595 0.2677239 1.06682 0.1038323 0.1652876 1.119464 0.003480672 0.3410435 1.020715 0.140918 0.05294483 1.122485 -0.1049499 -0.02615779 1.080478 -0.195333 0.3789921 0.9758171 0.1740826 0.1108263 1.126406 -0.06200307 -0.129643 1.000644 -0.2646353 -0.00452578 1.101217 -0.1619392 0.4122473 0.924383 0.202675 -0.08696049 1.033068 -0.2435145 0.2705113 1.083518 0.06516712 0.3198093 1.050115 0.107183 0.05217266 1.107846 -0.1453438 0.2179052 1.110156 0.003490328 0.1086061 1.118661 -0.1031219 0.1639522 1.119832 -0.05979222 0.4446809 0.8773761 0.2198805 0.2774396 1.093031 0.02475434 0.3252878 1.067676 0.06624418 0.05108052 1.087276 -0.1830644 0.2237523 1.110619 -0.03946262 -0.02771061 1.01631 -0.2591214 0.3721498 1.034245 0.103833 0.1057112 1.104902 -0.1425842 -0.003090918 1.050552 -0.2300875 0.4137979 0.9918813 0.141744 0.1929405 1.111743 -0.08265739 0.4712976 0.9330582 0.1747605 0.4947996 0.8827975 0.2022081 0.5280578 0.8293723 0.2197483 0.2759017 1.098482 -0.01795232 0.163182 1.105791 -0.1218366 0.3300084 1.078133 0.02364504 0.05141448 1.061648 -0.2166449 0.3793519 1.049569 0.06516152 0.1051967 1.085101 -0.179864 0.4227983 1.013222 0.1055366 0.4809277 0.957534 0.1455695 0.2189391 1.101148 -0.1049478 0.2741762 1.097325 -0.0597918 0.1777067 1.084755 -0.1640475 0.3548323 1.074695 -0.008745312 0.0773127 1.043992 -0.2335047 0.3817902 1.060341 0.02475458 0.1342472 1.069176 -0.1983395 0.4280387 1.029477 0.06726509 0.3299303 1.082563 -0.05291187 0.07315063 1.013403 -0.2591206 0.4720321 0.9898104 0.1071871 0.2418084 1.083604 -0.1405754 0.2735801 1.08952 -0.1012731 0.5599116 0.8827463 0.174067 0.5535116 0.8490075 0.2008256 0.5192502 0.9623558 0.1127234 0.4329578 1.037462 0.0352267 0.1564024 1.050634 -0.2166464 0.4800646 1.006363 0.06624358 0.3821555 1.065401 -0.03834736 0.4352011 1.042677 0.003491938 0.580087 0.9026446 0.1426546 0.327028 1.07326 -0.1049486 0.2374729 1.049067 -0.2000667 0.2672739 1.065076 -0.1645973 0.6197056 0.7889124 0.2072237 0.1841352 1.030246 -0.2331906 0.486298 1.015995 0.02364832 0.3818646 1.060671 -0.08029317 0.5488199 0.969119 0.06861907 0.6463788 0.7975413 0.1899982 0.4345493 1.044719 -0.04025018 0.1665315 1.002436 -0.2584735 0.5871931 0.9241531 0.109202 0.3226623 1.059263 -0.1453486 0.6260685 0.8367611 0.1734976 0.4871069 1.020847 -0.01795822 0.3769957 1.047411 -0.1313121 0.5359917 0.9899168 0.02552551 0.4337574 1.039342 -0.08402937 0.3165277 1.039596 -0.1830711 0.2561657 1.014815 -0.2321903 0.6450156 0.8586764 0.1401988 0.5821061 0.9578292 0.04462027 0.4863657 1.019394 -0.0609098 0.2175059 0.9815405 -0.2654631 0.6179756 0.9164573 0.08720195 0.701785 0.7291364 0.2008628 0.5367655 0.9942723 -0.007231295 0.4292345 1.028708 -0.1254246 0.3306302 1.006513 -0.2186871 0.6755131 0.8144214 0.1592266 0.4032851 1.01958 -0.1662567 0.5382997 0.9942571 -0.040569 0.6589094 0.8769012 0.1038339 0.5850295 0.9652577 0.003496468 0.4827916 1.012119 -0.1031268 0.6286804 0.9269415 0.04647028 0.3642476 1.012738 -0.1976075 0.7238206 0.750986 0.1747643 0.7335133 0.6826398 0.2072238 0.2814882 0.9901903 -0.2476674 0.6950314 0.8322376 0.124748 0.5336669 0.9915208 -0.0810582 0.6703072 0.8894218 0.06516325 0.6099193 0.9519721 -0.02870833 0.4750334 0.9995582 -0.1443515 0.630958 0.9352197 0.004592001 0.7409024 0.7656624 0.1501554 0.4131566 0.9909039 -0.2006481 0.5860685 0.9644139 -0.06201094 0.3119253 0.9557034 -0.2650414 0.7056891 0.8497516 0.08721262 0.3481809 0.9702141 -0.2459014 0.7360525 0.7969796 0.1231072 0.5281769 0.9786162 -0.1313127 0.6747923 0.8999916 0.02398514 0.4916263 0.9709223 -0.1790578 0.780431 0.6544561 0.1951091 0.4278942 0.9541341 -0.2321717 0.6059245 0.9458327 -0.09270161 0.7173883 0.8591189 0.04647618 0.7936681 0.6767938 0.1740688 0.6310866 0.9354383 -0.05979138 0.7475197 0.8138183 0.08549493 0.7955082 0.6070866 0.2076644 0.7804125 0.5934287 0.2198072 0.6798156 0.902077 -0.0190705 0.7731873 0.7596741 0.1240784 0.577048 0.9523342 -0.1254248 0.4900762 0.9546732 -0.200805 0.4087206 0.9275074 -0.2591018 0.7204797 0.8671299 0.004594802 0.8188115 0.6898638 0.1426556 0.7764441 0.8048398 0.04891234 0.6766012 0.9024021 -0.06169116 0.7863302 0.7746458 0.08721232 0.5692247 0.9367949 -0.1639012 0.6229171 0.9237186 -0.1225848 0.7227084 0.8676729 -0.03755629 0.8314273 0.7101348 0.1079181 0.7627711 0.8300436 0.002709865 0.4980481 0.920024 -0.2309106 0.6706932 0.8923549 -0.1161046 0.5543255 0.9189047 -0.1997948 0.856653 0.5937884 0.1740663 0.6145836 0.9089782 -0.1612556 0.8374255 0.567137 0.200122 0.8003745 0.7881543 0.0258367 0.7205765 0.8651494 -0.07153517 0.8322675 0.737784 0.06516295 0.7647377 0.8301507 -0.0413599 0.4985788 0.8815828 -0.259103 0.5669192 0.8781903 -0.2314801 0.8679012 0.6287074 0.1401973 0.7163448 0.8602397 -0.1031262 0.6016172 0.8900877 -0.197613 0.8590917 0.6918858 0.08721047 0.6578189 0.8754683 -0.1645985 0.8763912 0.4808284 0.2076647 0.8059652 0.7897607 -0.01716268 0.8387596 0.7472545 0.02398258 0.7614172 0.8265941 -0.08215111 0.8858978 0.517909 0.1879875 0.8865483 0.6420243 0.1038365 0.7070232 0.849271 -0.1436311 0.8960139 0.5831176 0.1432349 0.872412 0.6987542 0.04647094 0.6436275 0.8568608 -0.2006517 0.8028258 0.7905719 -0.06169122 0.8440966 0.748302 -0.01907193 0.75419 0.8188584 -0.1218444 0.9273703 0.5107279 0.1556926 0.9011307 0.6506327 0.06516009 0.6938495 0.8337596 -0.1814925 0.9147756 0.4438177 0.1951507 0.5803624 0.8310054 -0.2579665 0.921238 0.5681481 0.1242727 0.8770292 0.7059915 0.004592657 0.6488344 0.8175899 -0.2321765 0.798738 0.7827504 -0.1041854 0.9368907 0.4543332 0.1740851 0.8419601 0.7482736 -0.06090849 0.9232512 0.602294 0.08720695 0.742483 0.8063192 -0.1612503 0.9177429 0.3929449 0.2080487 0.9013264 0.3816511 0.2197479 0.9085316 0.6594119 0.02398043 0.7121261 0.8006001 -0.2005099 0.8792842 0.7060521 -0.02870708 0.9456068 0.5499441 0.1038358 0.7869184 0.7753373 -0.1425876 0.8545855 0.7248699 -0.09416705 0.9371876 0.6077988 0.04647529 0.8779921 0.7050563 -0.06090646 0.6181215 0.7894465 -0.2650413 0.9139466 0.6599212 -0.01906901 0.9598555 0.497554 0.124986 0.8316634 0.7373414 -0.1246775 0.9647859 0.5580236 0.05463856 0.7744584 0.7590091 -0.180835 0.9528927 0.374782 0.1889992 0.6621413 0.7649537 -0.258709 0.9425023 0.6145426 0.004596471 0.7057285 0.769974 -0.230632 0.9745563 0.4412612 0.1408186 0.9118185 0.660105 -0.06091099 0.9797045 0.5041759 0.08693993 0.8388477 0.7114991 -0.1521596 0.9623833 0.3026423 0.2006097 0.8659584 0.6973721 -0.1225782 0.7702409 0.7287596 -0.2133617 0.979903 0.3896289 0.1592283 0.8102943 0.7184252 -0.1823993 0.9446666 0.61432 -0.04752987 0.7069703 0.7351683 -0.252015 0.9985502 0.4191429 0.1220436 0.9719854 0.566635 0.00271511 0.9052 0.6554256 -0.1031254 0.9911645 0.5133032 0.0467658 0.9857233 0.3064725 0.1813484 1.004023 0.4547209 0.08517277 0.9666742 0.2482571 0.2076646 0.7483981 0.7034659 -0.2462269 1.006249 0.3174259 0.1584612 0.8452128 0.6790565 -0.1798643 0.9738952 0.5661599 -0.04135996 0.9094772 0.6249327 -0.1433446 0.9998875 0.5146299 0.004279255 0.7784215 0.6952619 -0.2306344 0.9349397 0.6080856 -0.1109595 1.015812 0.46318 0.04495245 0.7290902 0.6855911 -0.2654631 1.024322 0.4049656 0.08621633 0.8862286 0.6399745 -0.1639016 1.023609 0.3467519 0.1240211 0.8402729 0.6419908 -0.2158963 0.9688936 0.5605952 -0.09425044 1.003783 0.1942593 0.1894752 1.000765 0.5166458 -0.03945797 1.024198 0.46391 0.002382099 1.036886 0.4114439 0.04676878 0.8924746 0.6100574 -0.1843777 1.013179 0.2354483 0.1734979 1.04319 0.3516193 0.086941 0.9848027 0.1505023 0.2084817 0.9657976 0.1483815 0.2198187 0.8090615 0.6306418 -0.2466229 1.03951 0.2950132 0.1240982 0.9956619 0.5156342 -0.08294916 1.024494 0.4670361 -0.03834146 0.9526422 0.5557337 -0.1425848 1.045698 0.4118962 0.004280686 1.041685 0.2382205 0.140819 1.062237 0.3323013 0.05465376 0.7948062 0.6092069 -0.2646343 1.059867 0.2990908 0.08517098 0.852288 0.5857815 -0.2387184 0.9866247 0.5078719 -0.124681 1.061563 0.3593696 0.02287513 0.8869207 0.5752956 -0.2152613 1.041193 0.1607357 0.1592483 1.020904 0.4639405 -0.0802924 0.958541 0.525032 -0.163132 1.014643 0.1266067 0.1889991 1.045745 0.4164236 -0.03945702 1.063338 0.2464267 0.1048427 0.9234414 0.5393537 -0.1997948 0.9970251 0.05120193 0.2067742 1.0663 0.3595123 -0.01906907 1.062311 0.1908248 0.1249861 1.011137 0.458031 -0.122909 1.076997 0.3068464 0.02583777 1.042621 0.4106749 -0.08294671 1.080916 0.247357 0.0651642 0.9683594 0.4777759 -0.184637 1.02081 0.04157298 0.1894751 0.858678 0.5312826 -0.2586249 0.8985164 0.5250351 -0.2321901 1.036238 0.08090299 0.1734994 1.074081 0.3338534 -0.05020546 1.078601 0.1920847 0.09586286 0.9941923 0.4537321 -0.1619349 1.08222 0.3068851 -0.01605391 1.070491 0.1375339 0.1247489 1.031829 0.4064935 -0.1246777 1.095026 0.2253735 0.03383433 0.9516047 0.4593626 -0.2151006 1.061431 0.3578889 -0.0832501 1.091118 0.1941663 0.06623464 1.095942 0.2522435 -0.009881734 1.064839 0.07939749 0.140819 1.09166 0.135292 0.08621096 1.014554 0.4030321 -0.1636467 1.0066 -0.03912371 0.2003657 0.9750664 -0.04711401 0.2198188 0.9295552 0.4514033 -0.2387196 1.050512 0.3557825 -0.1236481 1.052205 0.02904784 0.1592286 1.077393 0.3069937 -0.08106344 0.9054 0.4420656 -0.2596199 1.079821 0.05040216 0.1220446 1.105429 0.1967033 0.003492832 1.107156 0.1190243 0.04936605 1.003449 0.3682497 -0.1992022 1.036339 -0.04640525 0.1752496 1.094579 0.2505503 -0.06200653 1.097134 0.08196628 0.08517068 1.033962 0.3503357 -0.1629462 0.9914219 -0.09927046 0.2076646 1.080313 0.2769923 -0.1032463 1.106794 0.1983423 -0.03834521 1.059051 0.3020279 -0.1425848 1.114743 0.1412007 -0.004502236 0.9780988 0.3572763 -0.2308394 1.066992 -0.02763921 0.1408186 1.098665 0.02980208 0.08720898 1.079632 0.2485761 -0.1254248 1.116077 0.08345347 0.02365064 1.049407 -0.07647687 0.1592276 1.102551 0.1962308 -0.08029693 1.039478 0.2965942 -0.1808366 1.003059 -0.1465708 0.1951086 0.9439275 0.3577756 -0.2577814 1.089556 -0.02663397 0.1055335 1.11306 0.02867883 0.04753077 1.031276 -0.1290708 0.172679 1.113911 0.1397259 -0.06012701 1.062381 0.2446955 -0.1645983 0.9760822 -0.1951767 0.2080485 1.12064 0.08654797 -0.01873993 1.074766 -0.08016008 0.125655 1.091712 0.1943531 -0.1218412 1.033129 0.2590061 -0.2032954 1.104644 -0.05720168 0.06987518 1.121443 0.02886015 0.005378901 1.006965 0.2569509 -0.2321749 1.043458 -0.1616986 0.1550103 1.10566 0.1415327 -0.1020317 1.11388 -0.02718108 0.04386115 1.013955 -0.2086103 0.1766619 1.118981 0.08370602 -0.062007 0.9518456 0.2989966 -0.2654632 1.091382 -0.08145767 0.09586292 1.074808 0.1914287 -0.1612493 1.071012 -0.1324934 0.1231089 0.9820175 -0.2507175 0.1951106 1.123338 0.03026878 -0.03867095 0.9823861 0.254915 -0.253059 1.092047 0.1384304 -0.1418722 1.121697 -0.0274012 0.001599609 1.110686 0.08592474 -0.1038871 1.068823 0.1593217 -0.1805685 1.090585 -0.1381442 0.08549737 0.9524231 -0.293128 0.2072198 1.062717 -0.1861464 0.1234199 1.1149 -0.08329546 0.02661418 1.038108 0.1870071 -0.2149683 1.118483 0.02593785 -0.0821684 1.123038 -0.02743881 -0.04135841 1.0959 0.06198942 -0.1486403 1.038306 -0.2395055 0.1423823 1.104766 -0.1399574 0.04461622 1.058417 0.1327051 -0.2000131 0.9781146 -0.3038526 0.1864095 0.9766786 0.2043105 -0.2650412 1.081967 -0.1911584 0.08616811 0.9156566 -0.3365018 0.2197481 1.116181 -0.111465 0.003549218 1.026345 0.1493688 -0.2335523 1.107151 0.02863299 -0.12365 1.004147 -0.3080849 0.1608538 1.11878 -0.06039184 -0.07157659 1.076039 0.08025753 -0.1821637 1.120247 -0.08235079 -0.03834414 1.003256 0.153702 -0.2525649 1.061507 -0.241478 0.1064849 1.11369 -0.025747 -0.1020307 1.083972 -0.221693 0.06772154 0.9170723 -0.385901 0.2080485 1.114407 -0.1397567 -0.0198543 1.038438 -0.2916533 0.1234226 1.100605 -0.1945068 0.0266121 1.051561 0.05564779 -0.2166633 1.078238 0.02638375 -0.1824005 0.9502461 -0.3746539 0.18851 1.099318 -0.02821117 -0.1429108 1.009882 -0.3426132 0.1408201 1.110657 -0.08004605 -0.1031196 1.084885 -0.2484145 0.04567974 1.111529 -0.1393878 -0.07159751 0.9917061 0.1054322 -0.2650412 1.057138 -0.3001533 0.08517235 1.106286 -0.1955272 -0.02600961 1.020182 0.07361257 -0.2458879 0.9787263 -0.3879849 0.1575533 1.078633 -0.04815226 -0.1805786 0.9027116 -0.4457856 0.1999729 1.032801 -0.3451566 0.1055249 1.101423 -0.1121048 -0.1242576 1.085024 -0.2772923 0.0141645 1.071791 -0.299719 0.0457037 1.067092 -0.02408874 -0.1982319 0.945894 -0.4270769 0.1734977 1.085982 -0.0825234 -0.1638985 0.8543936 -0.4707651 0.2196623 1.094492 -0.2506383 -0.01985436 1.037152 -0.01076096 -0.232825 1.002772 -0.3938094 0.1249837 1.099679 -0.1943417 -0.09012675 1.047318 -0.3565918 0.06622803 1.005813 0.00560534 -0.2591031 1.088399 -0.162558 -0.1405767 0.9702889 -0.4420801 0.1408201 0.9058656 -0.4999097 0.1766588 1.086703 -0.2798743 -0.05174553 1.004588 -0.4220136 0.1044988 0.8552348 -0.5268447 0.2017069 1.080652 -0.3038603 -0.01683837 1.049326 -0.3784702 0.03528547 1.047005 -0.1063796 -0.2166627 0.936128 -0.4826822 0.1569705 1.087956 -0.2467246 -0.09424984 1.028889 -0.4073916 0.06516134 1.070061 -0.1323237 -0.1821651 1.062228 -0.3585099 0.001598 1.000822 -0.4540248 0.08445811 1.071824 -0.1893373 -0.1646013 1.020166 -0.07399183 -0.2454001 0.9577078 -0.4957187 0.1231065 1.075942 -0.3024479 -0.08294957 1.0624 -0.3610225 -0.05175399 1.070994 -0.24676 -0.1425844 1.042413 -0.4111671 0.005376935 0.9200249 -0.5366111 0.142381 1.01516 -0.4632466 0.03383469 1.044844 -0.2097529 -0.2000685 0.8435378 -0.5803613 0.1864091 0.988845 -0.1244005 -0.2651915 0.9760096 -0.5034078 0.08621114 0.8060935 -0.5837618 0.2075911 1.009157 -0.1417777 -0.2483855 1.064038 -0.3019913 -0.1246802 0.8651546 -0.5989148 0.1584628 1.055123 -0.2703124 -0.1631303 1.043699 -0.4131456 -0.03867393 0.9416097 -0.5453344 0.1064892 1.017518 -0.2085208 -0.2307875 1.047891 -0.3880831 -0.08424723 0.9896854 -0.5087974 0.04495173 0.7664471 -0.6493375 0.2017046 0.7434826 -0.6313144 0.2197482 1.022097 -0.4637131 -0.01795262 0.9036164 -0.5875499 0.1240977 1.048311 -0.3536986 -0.1236467 0.9339286 -0.579857 0.08398634 1.036553 -0.2943042 -0.1824014 0.9954838 -0.5148999 0.002384245 0.9488774 -0.579128 0.05011421 0.7876418 -0.6640685 0.1806759 1.021258 -0.4618132 -0.05979436 1.031829 -0.3480486 -0.1629461 0.8728891 -0.632106 0.1240211 1.024377 -0.4361163 -0.1014979 1.01495 -0.3184804 -0.2023247 0.8023797 -0.6817716 0.1576867 0.9974968 -0.5143844 -0.03945934 0.9748294 -0.2442117 -0.259103 1.02266 -0.4017032 -0.1425865 0.9687745 -0.5628449 0.005379259 0.9911678 -0.3048583 -0.232176 0.8894698 -0.6441095 0.08622884 0.6970897 -0.7215422 0.2026761 0.8414274 -0.6742724 0.1234201 1.006549 -0.4582787 -0.124394 0.9367421 -0.6091445 0.02475732 0.9946018 -0.5128969 -0.07153511 0.9983159 -0.4305708 -0.166252 0.953648 -0.5921726 -0.02024167 0.9848881 -0.51054 -0.114997 0.9021222 -0.6515018 0.04461914 0.9829286 -0.4139897 -0.1983342 0.7221066 -0.7413736 0.1766396 0.9689939 -0.5629442 -0.06090909 0.8582404 -0.6930871 0.07496184 0.6425752 -0.774131 0.2005324 0.8050885 -0.7166588 0.124076 0.9530937 -0.3192953 -0.2586412 0.907664 -0.6572473 0.003495991 0.9662136 -0.3790723 -0.2309117 0.7282199 -0.7622594 0.1563463 0.9629058 -0.557783 -0.1020301 0.6626511 -0.7982134 0.173951 0.9245081 -0.6368823 -0.03697121 0.8203436 -0.7301291 0.08621311 0.9677152 -0.4988526 -0.1629483 0.7681387 -0.7562139 0.1240785 0.8709736 -0.7000061 0.02475428 0.6808783 -0.8200725 0.1417582 0.9374353 -0.6078499 -0.08294892 0.9251334 -0.3896908 -0.2596213 0.9501842 -0.5520346 -0.1418666 0.9325637 -0.4515578 -0.232805 0.8311327 -0.7396557 0.04571199 0.9475156 -0.4865081 -0.1997963 0.9075855 -0.6572179 -0.06089806 0.7827026 -0.770429 0.08621668 0.875584 -0.7019174 -0.016842 0.7300881 -0.7922527 0.1249866 0.9261944 -0.6039057 -0.1246795 0.9270129 -0.5710021 -0.1631339 0.6962217 -0.8384784 0.1038797 0.8224836 -0.7611398 0.006715834 0.900461 -0.6537702 -0.1023661 0.7930083 -0.7804786 0.04571145 0.9227767 -0.5340432 -0.1982294 0.8735809 -0.7020452 -0.06091153 0.7426521 -0.8081472 0.08793079 0.7067851 -0.8511517 0.06616932 0.9021962 -0.5884601 -0.1824007 0.8398477 -0.7441522 -0.0486828 0.8920333 -0.494497 -0.2471539 0.889487 -0.6439872 -0.1436291 0.8954104 -0.5520878 -0.2160396 0.8671554 -0.6968854 -0.1030954 0.7517496 -0.8201603 0.04647213 0.714091 -0.8599094 0.02475386 0.8744728 -0.4772241 -0.2646342 0.7999925 -0.7872624 -0.01795089 0.8607732 -0.6592541 -0.1712 0.8565779 -0.6883957 -0.1418687 0.759312 -0.8242232 0.004600882 0.8534867 -0.5887047 -0.2321162 0.8329914 -0.7412214 -0.09264111 0.8645559 -0.6238845 -0.1982307 0.799765 -0.7850735 -0.06169325 0.7172072 -0.86365 -0.01978057 0.8251273 -0.7361118 -0.1246772 0.7595726 -0.8265036 -0.0375545 0.8311884 -0.558108 -0.2612948 0.7918465 -0.7811804 -0.1041849 0.8313461 -0.6657963 -0.1997947 0.7159863 -0.8621858 -0.06271362 0.8147628 -0.7229027 -0.1619403 0.7564604 -0.8231246 -0.08029252 0.7997096 -0.6114244 -0.2574721 0.7828557 -0.770273 -0.1436306 0.7940459 -0.6706393 -0.2296028 0.7108924 -0.8560783 -0.103097 0.796872 -0.7091409 -0.1976099 0.7490034 -0.8150355 -0.1218426 0.6997354 -0.8426929 -0.1511369 0.7519825 -0.786244 -0.1653346 0.7415859 -0.7647545 -0.2000669 0.7640205 -0.6768119 -0.2464164 0.6808788 -0.8200731 -0.1991714 0.7196958 -0.7483439 -0.2307897 0.7279112 -0.6782256 -0.2654631 0.6974953 -0.7271384 -0.2569412 0.6618232 -0.7972189 -0.2327121 -0.4040982 0.5935692 0.1147807 0.3360969 0.09934031 -0.03887635 0.3156712 0.09135472 -0.03902465 0.3573425 0.09401291 -0.03891867 0.3713898 0.07718449 -0.0389328 0.3728361 0.05531173 -0.03891867 0.3612642 0.03666585 -0.03902554 0.3051767 0.07666587 -0.03892397 0.3449281 0.02898526 -0.03892397 0.3035224 0.05781751 -0.0388574 0.3260892 0.03074926 -0.0388574 0.2647686 0.1931003 -0.03887635 0.2851123 0.2012102 -0.03891021 0.2435455 0.1984635 -0.03887635 0.2295055 0.2152679 -0.03890055 0.2280704 0.2371189 -0.03887635 0.239708 0.2556721 -0.03891026 0.2812971 0.2584543 -0.03891867 0.2600477 0.2638379 -0.0389328 0.2953445 0.2416259 -0.0389328 0.2968045 0.2197491 -0.0389328 -0.3325707 0.08972853 -0.03887635 -0.3121449 0.09771412 -0.03902465 -0.3537939 0.0950917 -0.03887635 -0.3678638 0.1118844 -0.0389328 -0.3693237 0.1337604 -0.0389328 -0.3577377 0.1524029 -0.03902596 -0.5123605 0.7062245 0.1675938 -0.4227672 0.7633109 0.1675938 -0.3049966 0.8168864 0.1675938 -0.1999945 0.8476318 0.1675938 -0.1150612 0.8627158 0.1675938 -0.02905547 0.8692675 0.1675938 0.0571767 0.8672231 0.1675938 0.1625132 0.8533636 0.1675938 0.2681463 0.8248443 0.1675938 0.3484741 0.793432 0.1675938 0.4252777 0.7541767 0.1675938 0.4977958 0.707466 0.1675938 0.5804495 0.640716 0.1675938 0.6557145 0.5613002 0.1675938 0.7078811 0.4926065 0.1675938 0.7627207 0.4016097 0.1675938 0.8062828 0.3012449 0.1675938 0.8318084 0.2188514 0.1675938 0.8490037 0.1343262 0.1675938 0.8576975 0.04850763 0.1675938 0.8578034 -0.03774964 0.1675938 0.8493205 -0.1235878 0.1675938 0.8276284 -0.2275909 0.1675938 0.7912947 -0.3307985 0.1675938 0.7539635 -0.4085598 0.1675938 0.7090833 -0.4822067 0.1675938 0.6570853 -0.5510306 0.1675939 0.5984918 -0.6143361 0.1675939 -0.6910354 0.7060799 -0.2783067 -0.8348232 0.5280689 -0.2783952 -0.9221479 0.3499094 -0.2786214 -0.9757314 0.1502153 -0.2783935 -0.9861912 0.002624571 -0.2785389 -0.9829197 -0.08424299 -0.2782914 -0.968603 -0.1836673 -0.2783489 -0.9373952 -0.3011243 -0.2784244 -0.8725438 -0.4549699 -0.2783584 -0.8313124 -0.5263808 -0.2780267 -0.790619 -0.5838112 -0.2784308 -0.6772663 -0.7100073 -0.2783669 -0.5661742 -0.7997881 -0.2784387 -0.4538307 -0.8675903 -0.278445 -0.3050454 -0.9288238 -0.2784385 -0.2257037 -0.9514053 -0.2782961 -0.03603422 -0.9753502 -0.2784729 0.1577922 -0.9621698 -0.2783728 0.3185869 -0.9200807 -0.2784044 0.4376522 -0.8691905 -0.2785246 0.5186831 -0.8235462 -0.2783567 0.33038 -0.7964487 0.2209728 0.2111209 -0.8367034 0.2209839 0.09591978 -0.858235 0.2209696 0.01306211 -0.8630865 0.2205849 -0.06080877 -0.8625563 0.2210417 -0.1393195 -0.8543131 0.2209783 -0.2565773 -0.8273985 0.2209835 -0.3224474 -0.8038329 0.2206225 -0.4183395 -0.7618271 0.221116 -0.412019 -0.7607134 0.2194534 -0.5146348 -0.6988794 0.2205849 -0.565346 -0.6607092 0.2209728 -0.6555804 -0.572943 0.220984 -0.7193167 -0.4914354 0.220968 -0.7759014 -0.3987482 0.2208915 -0.8153322 -0.3124147 0.2209728 -0.8486506 -0.2072948 0.221005 -0.8686676 -0.1009539 0.2209727 -0.874954 0.02513831 0.220992 -0.8648095 0.1349982 0.2209482 -0.843665 0.2361963 0.2209557 -0.8061974 0.3425182 0.220995 -0.76037 0.4358256 0.220984 -0.6871986 0.5443369 0.2210062 -0.6107648 0.6278756 0.2209758 0.5185394 -0.6582638 0.1675939 0.4467657 -0.7091622 0.1675939 0.3734762 -0.7507382 0.1675939 0.2964034 -0.7848135 0.1675939 0.2163332 -0.8110415 0.1675939 0.1117433 -0.8330583 0.1675939 0.008247375 -0.8407943 0.1675939 -0.07597136 -0.8380553 0.1675939 -0.1594981 -0.8269444 0.1675939 -0.2632871 -0.8013991 0.1675939 -0.3805021 -0.7541164 0.1675939 -0.4703689 -0.7022089 0.1675939 -0.53841 -0.6525043 0.1675939 -0.6011659 -0.5962698 0.1675939 -0.6725237 -0.5167056 0.1675939 -0.7427395 -0.4116068 0.1675938 -0.7877526 -0.3180909 0.1675938 -0.815972 -0.2386915 0.1675938 -0.8361446 -0.1568807 0.1675938 -0.8502839 -0.05093771 0.1675938 -0.850264 0.05284655 0.1675938 -0.8336062 0.1780735 0.1675938 -0.8054841 0.2811862 0.1675938 -0.7552922 0.3971927 0.1675938 -0.7011575 0.4857409 0.1675938 -0.649774 0.552519 0.1675938 -0.5795502 0.6259545 0.1675938 0.4234267 -0.6653784 0.1828224 0.3361979 -0.7015976 0.1784414 0.2965745 -0.733186 0.182789 0.244269 -0.7388113 0.1784459 0.1514184 -0.7643107 0.1784414 0.1300787 -0.7802215 0.1827677 -0.008946895 -0.7918903 0.1828083 -0.04312753 -0.7794905 0.1784415 -0.1668436 -0.7764731 0.1828042 -0.1416575 -0.7682076 0.1784459 -0.2354062 -0.7461938 0.1784415 -0.3133856 -0.7301718 0.1828085 -0.4527381 -0.6564188 0.1828033 -0.5403451 -0.5706362 0.1784105 -0.5745813 -0.5532613 0.1828085 -0.61921 -0.4860331 0.1785525 -0.6660302 -0.4429095 0.1828411 -0.6847543 -0.3900977 0.1784414 -0.7325981 -0.3213006 0.1827799 -0.7359628 -0.2845912 0.1784414 -0.7720566 -0.2136327 0.1828085 -0.7708743 -0.1726301 0.1784414 -0.7967624 -0.09217584 0.1828083 -0.786699 -0.07472884 0.1784459 -0.7908985 0.02147835 0.1784414 -0.8020783 0.03126376 0.1828313 -0.7817936 0.1214527 0.1783711 -0.7898434 0.1443536 0.1827799 -0.7661809 0.1987767 0.1784244 -0.7545835 0.2788164 0.1828411 -0.737471 0.2898356 0.1785525 -0.6871594 0.3945682 0.1784414 -0.6849662 0.4211001 0.1827676 -0.6213923 0.4916683 0.1784414 -0.6048949 0.5292275 0.1828084 -0.3489501 -0.09046632 -0.03877371 -0.3700128 -0.08511155 -0.0388053 -0.3839101 -0.0684216 -0.03881841 -0.3853694 -0.04675245 -0.0388053 -0.1248226 -0.3593642 -0.03870701 -0.09389114 -0.3368585 -0.03892397 -0.1459441 -0.3540267 -0.03870701 -0.09223669 -0.3180102 -0.0388574 -0.1598946 -0.3372933 -0.03870701 -0.1148036 -0.2909419 -0.0388574 -0.1613454 -0.3155562 -0.03870701 -0.1336421 -0.2891779 -0.03892397 0.08743876 -0.3491921 -0.03870701 0.05561041 -0.3757277 -0.03870701 0.08598822 -0.327455 -0.03870701 0.03448861 -0.3703902 -0.03870701 0.07203775 -0.3107216 -0.03870701 0.02053809 -0.3536568 -0.03870701 0.05091589 -0.3053841 -0.03870701 0.01908731 -0.3319197 -0.03870701 -0.3414019 0.1600835 -0.03892403 -0.322563 0.1583201 -0.0388574 -0.2999962 0.1312515 -0.0388574 -0.3075942 0.147858 -0.03904563 -0.3016506 0.1124029 -0.03892403 -0.5731866 0.8044816 0.2208498 -0.6673123 0.7278134 0.2209574 -0.4871602 0.8587116 0.2209453 -0.3117117 0.935787 0.2210127 -0.1245949 0.9775037 0.2209509 0.03109174 0.9823563 0.221217 0.1517479 0.9723374 0.220616 0.2868854 0.9391124 0.2210417 0.3934937 0.8977755 0.221175 0.5708128 0.7965502 0.2210105 0.6446327 0.7373461 0.2208704 0.716256 0.6672343 0.2208518 0.8297718 0.5155875 0.2210687 0.8784343 0.4259147 0.2209962 0.9312949 0.2898338 0.2209476 0.9519454 0.2134624 0.220631 0.9725947 0.05430835 0.2210112 0.9672321 -0.1074937 0.2210544 0.9534701 -0.1948373 0.2209527 0.9344223 -0.2729847 0.2206161 0.8830026 -0.4060261 0.2211014 0.8003298 -0.5528842 0.2209084 0.6804401 -0.6948987 0.2210052 -0.5006647 0.6899937 0.1675938 -0.4299378 0.7357972 0.1675938 -0.3550039 0.7743297 0.1675938 -0.2581628 0.8116511 0.1675938 -0.1350197 0.840155 0.1675938 -0.02852702 0.8492685 0.1675938 0.05571281 0.8472713 0.1675938 0.1393342 0.8368964 0.1675938 0.2403769 0.8131775 0.1675938 0.3581722 0.7673612 0.1675938 0.4512913 0.7149037 0.1675938 0.5197675 0.6658001 0.1675938 0.5830163 0.6101204 0.1675938 0.653134 0.5336118 0.1675938 0.7048557 0.4605131 0.1675938 0.7449383 0.3924215 0.1675938 0.7874907 0.2943841 0.1675938 0.8124262 0.2138962 0.1675938 0.8323643 0.1120443 0.1675938 0.8390515 -0.01417148 0.1675938 0.8268528 -0.1399744 0.1675938 0.8015758 -0.2438252 0.1675938 0.7728525 -0.3230448 0.1675938 0.7363838 -0.3990116 0.1675938 0.6925329 -0.4709679 0.1675938 0.6417396 -0.5381957 0.1675939 0.5845034 -0.6000339 0.1675939 0.3111204 0.04121071 -0.03904563 -0.2032381 0.2706708 -0.03879171 -0.2095234 0.29067 -0.03884249 -0.2280731 0.3003661 -0.03887635 -0.6312331 0.607331 -0.2783505 -0.6337006 0.6000817 -0.2745339 -0.6699225 0.5596669 -0.273707 -0.677777 0.5548842 -0.278447 -0.6933454 0.5315771 -0.2763215 -0.7350574 0.4717597 -0.2737069 -0.7269083 0.4891686 -0.2784095 -0.7418504 0.4614266 -0.2762058 -0.7752032 0.4082297 -0.278374 -0.7847337 0.3821854 -0.2744792 -0.8144561 0.3236701 -0.2783926 -0.818242 0.3056704 -0.2763214 -0.8198458 0.2992517 -0.273707 -0.8439136 0.2243419 -0.2762057 -0.8451691 0.216797 -0.273707 -0.8526732 0.2002987 -0.2783869 -0.8578217 0.1572335 -0.27481 -0.8677489 0.09806728 -0.2771732 -0.8674695 0.08941203 -0.273707 -0.8728721 0.0619859 -0.2783904 -0.8713808 0.01358681 -0.2743842 -0.8746064 -0.005464792 -0.2784469 -0.8702176 -0.04116898 -0.2741542 -0.8706685 -0.07938945 -0.2784014 -0.8633385 -0.1144405 -0.2745411 -0.8542977 -0.1681656 -0.273707 -0.8572171 -0.1702667 -0.2784293 -0.8467184 -0.2072748 -0.2772419 -0.8261802 -0.2739034 -0.2737069 -0.8227319 -0.2917535 -0.2784092 -0.8223328 -0.2856687 -0.2762058 -0.7758558 -0.404537 -0.2787064 -0.7911105 -0.3638283 -0.2775064 -0.7855179 -0.3720514 -0.273707 -0.7695397 -0.4049699 -0.2763214 -0.7441709 -0.4477562 -0.273707 -0.745649 -0.448129 -0.2774462 -0.6896068 -0.5323767 -0.2784063 -0.7022778 -0.5095291 -0.2743324 -0.6537364 -0.5704827 -0.2737068 -0.643833 -0.5817913 -0.2761794 -0.6019884 -0.628204 -0.2784063 -0.5815144 -0.6419995 -0.2743063 -0.5150607 -0.6964703 -0.2761796 -0.5106336 -0.6988295 -0.273707 -0.5029248 -0.7083231 -0.2782962 -0.4261149 -0.7562846 -0.278387 -0.4427555 -0.7436335 -0.2761794 -0.4381144 -0.7455409 -0.273707 -0.3661098 -0.7833641 -0.2761796 -0.3613111 -0.784796 -0.273707 -0.3095243 -0.8098776 -0.2784063 -0.2858997 -0.8152619 -0.2761794 -0.2809837 -0.8162081 -0.273707 -0.2249776 -0.8326423 -0.2746655 -0.2040622 -0.8412362 -0.2784091 -0.1606224 -0.8477631 -0.2761794 -0.1556168 -0.8479667 -0.273707 -0.1016636 -0.8591457 -0.2783982 -0.07501775 -0.8588826 -0.2761794 -0.07001245 -0.8585871 -0.273707 0.001690328 -0.8639733 -0.2783823 0.01127129 -0.8614233 -0.2761796 0.01621788 -0.8606313 -0.273707 0.09086221 -0.8586549 -0.2784096 0.07445973 -0.8569194 -0.2746661 0.1400992 -0.8491179 -0.2761794 0.1448706 -0.847598 -0.273707 0.1802577 -0.8431096 -0.2780367 0.2328273 -0.8335109 -0.2787064 0.2176785 -0.8311694 -0.2743326 0.2701551 -0.8155333 -0.2737071 0.2705353 -0.8169156 -0.2774091 0.3247243 -0.794816 -0.274666 0.364799 -0.7811656 -0.2784063 0.3851142 -0.7671504 -0.2743061 0.4620183 -0.7241076 -0.2763225 0.4788801 -0.7123684 -0.2737068 0.4608843 -0.7275652 -0.2784091 0.5124328 -0.6895838 -0.2774463 -0.09983474 -0.3014034 -0.03904563 0.224177 -0.2995249 -0.03892403 0.2053382 -0.2977614 -0.0388574 0.1827713 -0.2706932 -0.0388574 0.1903693 -0.2873 -0.03904563 0.1844257 -0.2518449 -0.03892397 0.08699744 0.3100395 -0.03904569 -0.224069 0.2381326 -0.03892403 -0.2429076 0.2398959 -0.03885746 -0.2654745 0.2669643 -0.0388574 -0.2578765 0.2503575 -0.03904569 -0.2638201 0.2858133 -0.03892403 -0.1813323 -0.958351 0.2212578 -0.03728401 -0.9754274 0.2209791 0.08854442 -0.9711756 0.2209358 -0.4206569 -0.883948 0.2210535 0.230036 -0.9465639 0.2210138 0.3884437 -0.8928741 0.2209899 -0.6263018 -0.7548992 0.221038 0.47253 -0.8507143 0.2210021 -0.8168147 -0.5471213 0.221019 -0.8713466 -0.456933 0.2209868 -0.9682865 -0.1860905 0.2208721 -0.9799796 -0.1076219 0.2209562 -0.9854952 0.05656206 0.2209019 -0.9775373 0.1346258 0.2210226 -0.9651107 0.2099407 0.2209028 -0.9064645 0.3926635 0.2210151 -0.7214991 0.6749154 0.2209833 -0.06846255 0.3845888 -0.0389328 -0.04720562 0.3792171 -0.0389328 -0.03321826 0.3623558 -0.03887635 -0.03176063 0.3405143 -0.03887635 -0.2650454 0.2818663 -0.03904569 -0.3372991 0.1605784 -0.03904563 -0.2635808 0.2599198 -0.03904569 -0.3159743 0.1551896 -0.03904563 -0.2494963 0.2430259 -0.03904569 -0.3018898 0.1382957 -0.03904563 -0.2281718 0.2376371 -0.03904569 -0.3004253 0.1163499 -0.03904563 -0.3536623 -0.0198543 -0.03904563 -0.3323378 -0.0252431 -0.03904563 0.07982856 0.3415477 -0.03904569 0.1119627 0.3683378 -0.03904569 -0.3182533 -0.04213702 -0.03904563 0.0812931 0.3196018 -0.03904569 0.1332871 0.362949 -0.03904569 0.09537762 0.3027079 -0.03904569 0.1473716 0.3460551 -0.03904569 -0.3167888 -0.0640828 -0.03904563 0.1488361 0.3241093 -0.03904569 0.116702 0.2973191 -0.03904569 -0.1616734 -0.3154732 -0.03904563 -0.1295393 -0.2886831 -0.03904563 -0.1602089 -0.337419 -0.03904563 -0.1082149 -0.2940719 -0.03904563 0.3039515 0.07271891 -0.03904563 -0.1461244 -0.3543129 -0.03904563 0.3054161 0.05077308 -0.03904563 -0.09413039 -0.3109657 -0.03904563 -0.09266585 -0.3329116 -0.03904563 0.01875925 -0.3318367 -0.03904563 0.05089336 -0.3050466 -0.03904563 0.02022379 -0.3537825 -0.03904563 0.3195005 0.03387916 -0.03904563 0.3197221 -0.08092361 -0.03904563 0.340825 0.02849036 -0.03904563 -0.1248 -0.3597017 -0.03904563 0.03430825 -0.3706765 -0.03904563 0.3410465 -0.08631241 -0.03904563 0.1832005 -0.2557912 -0.03904563 0.07221782 -0.3104354 -0.03904563 0.2153345 -0.229001 -0.03904563 0.355131 -0.1032063 -0.03904563 0.184665 -0.2777376 -0.03904563 0.08630228 -0.3273293 -0.03904563 0.236659 -0.2343898 -0.03904563 0.1987495 -0.2946316 -0.03904563 0.08776682 -0.3492751 -0.03904563 0.2507435 -0.2512838 -0.03904563 0.2200739 -0.3000203 -0.03904563 0.2522081 -0.2732301 -0.03904563 0.05563271 -0.3760653 -0.03904563 0.3565959 -0.1251521 -0.03904563 -0.3246561 -0.9242029 0.2204368 -0.5580461 -0.8070197 0.2205414 0.25188 -0.2731472 -0.03870707 0.2504292 -0.2514095 -0.03870707 0.2364786 -0.2346767 -0.03870707 0.2153571 -0.2293391 -0.03870707</float_array>
          <technique_common>
            <accessor source="#B2W_ES_ASM-mesh-positions-array" count="2974" stride="3">
              <param name="X" type="float"/>
              <param name="Y" type="float"/>
              <param name="Z" type="float"/>
            </accessor>
          </technique_common>
        </source>
        <source id="B2W_ES_ASM-mesh-normals">
          <float_array id="B2W_ES_ASM-mesh-normals-array" count="17172">0.4213247 -0.5260697 0.7387397 0.1970127 -0.2627333 0.9445407 0.3228381 -0.5369063 0.7794276 0.1901116 -0.3280428 0.9253354 0.04243558 -0.06996989 0.9966461 0.2249066 -0.3721622 0.9005068 0.2416659 -0.4921218 0.8363096 0.2490982 -0.5526967 0.7952839 0.1356805 -0.3024156 0.94347 0.19221 -0.5140006 0.8359777 0.1492171 -0.3702232 0.9168801 0.04458135 -0.1117505 0.9927358 0.1063108 -0.3138106 0.9435152 0.1936005 -0.5766176 0.7937449 0.104857 -0.3120746 0.9442533 0.1403385 -0.5291681 0.836831 0.1015388 -0.4082494 0.9072057 0.02575856 -0.1015973 0.9944921 0.1315465 -0.6319122 0.7637948 0.07767444 -0.3440248 0.9357423 0.03460049 -0.3429563 0.9387139 0.004717409 -0.1518974 0.988385 0.005354583 -0.128466 0.9916995 0.02009111 -0.4596555 0.88787 -0.002713382 -0.6541208 0.7563853 -0.009217321 -0.3316508 0.9433572 -0.03019005 -0.5639157 0.8252803 -0.07610708 -0.6082751 0.7900691 -0.05132055 -0.404614 0.9130464 -0.01305031 -0.1002657 0.9948751 -0.05101877 -0.3916796 0.9186861 -0.08576005 -0.5594722 0.8244004 -0.05168199 -0.2420866 0.9688772 -0.1366559 -0.5980594 0.7897154 -0.06833279 -0.3033901 0.9504131 -0.1437612 -0.5107137 0.8476464 -0.2048904 -0.5927915 0.7788569 -0.112107 -0.3237158 0.9394893 -0.02677637 -0.08449244 0.9960643 -0.1226686 -0.388613 0.913199 -0.1959799 -0.4918256 0.848351 -0.0426082 -0.09000569 0.9950294 -0.1725507 -0.36117 0.9163964 -0.2819229 -0.5466849 0.7884511 -0.1593943 -0.3226014 0.9330176 -0.1659255 -0.2873609 0.9433411 -0.1958464 -0.3016317 0.933093 -0.05164188 -0.07064676 0.9961637 -0.2801213 -0.38479 0.8794707 -0.3726021 -0.4664421 0.8022466 -0.2066782 -0.2475759 0.9465676 -0.376722 -0.3594319 0.8537501 -0.1515559 -0.1428528 0.9780715 -0.2342173 -0.2329328 0.9438669 -0.3937974 -0.3333396 0.8566261 -0.07133406 -0.06038212 0.9956231 -0.4581514 -0.3420544 0.8204244 -0.501213 -0.395582 0.7696105 -0.2683653 -0.2009291 0.9421293 -0.5076659 -0.3077327 0.804721 -0.2557432 -0.1543917 0.9543367 -0.5001188 -0.3010436 0.8119446 -0.1555933 -0.08138722 0.9844627 -0.4919268 -0.2354695 0.8381898 -0.426171 -0.2160857 0.8784562 -0.1215913 -0.06162494 0.9906654 -0.2979264 -0.1294446 0.9457716 -0.5747441 -0.2489215 0.7795559 -0.5137622 -0.1863048 0.8374598 -0.5854269 -0.1801676 0.7904524 -0.3780243 -0.1145979 0.9186757 -0.08677983 -0.02631777 0.9958798 -0.3907165 -0.1199725 0.9126594 -0.5299989 -0.1349437 0.8371925 -0.5998764 -0.1204931 0.7909677 -0.3060721 -0.06147885 0.9500212 -0.2457288 -0.04905617 0.9680965 -0.5411528 -0.08219581 0.8368975 -0.6079271 -0.06057912 0.7916784 -0.4059316 -0.04002332 0.9130267 -0.4278082 -0.04448956 0.9027739 -0.09087663 -0.009450614 0.9958174 -0.5474807 -0.02858525 0.83633 -0.3109865 -8.91635e-4 0.9504139 -0.6128714 1.47289e-4 0.7901827 -0.5477582 0.02544671 0.8362497 -0.1863434 0.01288163 0.9824002 -0.6091947 0.06084507 0.7906831 -0.4281257 0.04116088 0.9027814 -0.4057492 0.04121679 0.9130547 -0.1181038 0.01135474 0.9929363 -0.5436102 0.07938814 0.8355749 -0.2983067 0.06199556 0.9524545 -0.6084524 0.1272964 0.7833144 -0.5303771 0.131819 0.8374509 -0.4297931 0.1270155 0.8939491 -0.09618002 0.02843451 0.9949578 -0.5689927 0.2058569 0.7961597 -0.5866882 0.2090899 0.7823545 -0.2941188 0.105767 0.9498987 -0.1816217 0.06484931 0.9812279 -0.4545422 0.2382438 0.8582723 -0.3941984 0.1922016 0.8987026 -0.08630031 0.04206645 0.9953806 -0.341052 0.1735413 0.9238869 -0.1885728 0.1247168 0.9741078 -0.5442678 0.3535895 0.7607543 -0.2821489 0.1930893 0.9397386 -0.4441908 0.3293739 0.8331911 -0.08270621 0.06113195 0.9946972 -0.3493411 0.2581611 0.9007295 -0.2430533 0.2064867 0.9477808 -0.4742339 0.4029528 0.7827714 -0.4208813 0.3772607 0.8249444 -0.3956536 0.4454022 0.8031656 -0.2949565 0.3005577 0.9070092 -0.06398397 0.06519901 0.9958189 -0.2330062 0.2530786 0.9389671 -5.80498e-4 -0.01526927 0.9998832 5.50314e-4 -0.005590081 0.9999842 -0.002947807 -0.01504492 0.9998825 3.2531e-4 -0.01029866 0.9999469 -0.00310564 -0.01239383 0.9999183 0.00379306 -0.01478362 0.9998835 -0.004593133 -0.00945574 0.9999448 0.004127144 -0.01382082 0.999896 -0.006901204 -0.01282513 0.9998939 0.003461897 -0.0103802 0.9999401 -0.01015442 -0.01335853 0.9998593 0.003743648 -0.01047813 0.9999381 -0.008526563 -0.009160578 0.9999217 -0.009298801 -0.009705245 0.9999097 -5.13045e-5 6.58138e-5 1 -9.83916e-5 1.0521e-4 1 -0.009292364 -0.006077289 0.9999384 -0.007835268 -0.004715502 0.9999582 -0.01487791 -0.004647195 0.9998785 -1.10666e-4 8.15565e-5 1 -4.07714e-5 1.59501e-5 1 -0.01473242 -0.00779736 0.9998611 5.38218e-5 9.70548e-6 1 0.003320693 3.77333e-4 0.9999944 0.008125782 -0.002895593 0.9999628 5.94446e-5 8.09729e-6 1 0.003660857 -0.003406822 0.9999875 7.69214e-5 1.32529e-5 1 1.56873e-4 -1.15194e-5 1 -0.004550218 0.004108667 0.9999812 0.0130437 -9.04864e-4 0.9999145 1.00121e-4 -3.02927e-5 1 0.01798987 0.001709699 0.9998367 4.89081e-5 -2.4278e-5 1 0.01246899 0.002492487 0.9999192 0.01386052 0.00325483 0.9998986 -0.005620479 0.006361186 0.999964 -0.01055318 0.006672501 0.999922 0.01372003 0.003028869 0.9999013 -0.01148968 0.007584869 0.9999052 -4.96253e-5 -2.82467e-5 1 -0.01172125 0.01063764 0.9998747 0.003347992 0.003557324 0.9999881 -0.009239137 0.01068544 0.9999002 -0.007172226 0.00895965 0.9999341 0.004085361 0.003852069 0.9999842 -0.008029818 0.01177394 0.9998984 0.007993936 0.01027816 0.9999152 -0.001401722 0.008271813 0.9999648 0.006547629 0.01037693 0.9999247 -0.003734529 0.01109427 0.9999315 0.005174636 0.008972287 0.9999464 -0.003939211 0.01303189 0.9999073 0.006257116 0.0145446 0.9998747 -0.003507912 0.0172733 0.9998447 0.006037116 0.01761013 0.9998267 -3.36474e-4 0.01065778 0.9999431 0.001984894 0.01114553 0.9999359 0.002824544 0.01318407 0.9999091 0.001049458 0.01611262 0.9998696 -0.3018062 0.6526427 0.6949609 -0.3019587 0.6529429 0.6946124 0.06494146 0.7161123 0.6949574 0.0649383 0.7160536 0.6950182 0.4145117 0.588005 0.694572 0.414313 0.5876998 0.6949487 0.6533088 0.3021317 0.6941931 0.6529422 0.3019455 0.6946188 0.7164093 -0.06498014 0.6946476 0.7166833 -0.06499481 0.6943636 0.5877749 -0.4143409 0.6948685 0.5879854 -0.4145011 0.6945948 0.008562266 0.01214599 0.9998896 0.01348811 0.006237745 0.9998896 0.002275168 0.0250889 0.9996827 0.009714424 0.01280349 0.9998708 0.009576559 0.001588582 0.9999529 0.01270717 -0.001152515 0.9999186 0.01113981 0.001233518 0.9999372 -0.00607717 0.01566833 0.9998587 0.01066756 -0.002370417 0.9999403 0.003011941 0.01109844 0.9999339 0.008615374 -0.001312136 0.999962 0.01360005 -0.01044297 0.999853 -0.002085566 0.01060914 0.9999415 -7.79632e-5 0.008983671 0.9999597 0.02641826 -0.002397835 0.9996481 0.01658594 0.006604969 0.9998406 0.002996087 0.01157289 0.9999285 0.001291215 0.01425564 0.9998975 0.01950365 0.01019644 0.9997578 0.01353871 0.01735132 0.9997578 0.301958 -0.6529434 0.6946123 0.3018168 -0.6526657 0.6949346 -0.06494134 -0.7161108 0.6949589 -0.06493997 -0.7160856 0.6949851 -0.4145117 -0.588005 0.694572 -0.4143081 -0.5876922 0.6949581 -0.6533087 -0.3021322 0.694193 -0.652942 -0.3019459 0.6946189 -0.7163906 0.06497907 0.6946669 -0.7166833 0.06499475 0.6943635 -0.5879915 0.4144937 0.6945942 -0.5877442 0.4143328 0.6948993 0.3019008 -0.6528199 0.6947532 0.301822 -0.6526649 0.694933 -0.06494033 -0.7161114 0.6949585 -0.0649389 -0.7160851 0.6949856 -0.4145116 -0.5880051 0.6945719 -0.4143093 -0.5876942 0.6949558 -0.6530435 -0.3019967 0.6945014 -0.6529423 -0.3019453 0.6946188 -0.7164594 0.06497073 0.6945967 -0.7163596 0.06496542 0.6947002 -0.5879845 0.414506 0.6945928 -0.5880612 0.4145559 0.694498 0.001131415 -0.003628671 0.9999928 8.13012e-4 -0.007099986 0.9999745 0 0 1 0 0 1 -8.1296e-4 0.007100403 0.9999745 -0.001131415 0.003628671 0.9999928 0.006887555 -3.74331e-4 0.9999762 0.001245141 -1.12853e-4 0.9999992 0.001868784 8.17312e-5 0.9999982 -0.006887495 3.7451e-4 0.9999762 -0.001868724 -8.1549e-5 0.9999982 -0.0012452 1.12993e-4 0.9999992 0.09374159 -0.09698432 -0.9908615 0.1656806 -0.1263743 -0.9780488 0.1709402 -0.09220558 -0.9809575 0.1827836 -0.04571211 -0.9820899 0.1858518 0.006139934 -0.9825587 0.1800689 0.03670918 -0.9829688 0.1515443 0.06247198 -0.9864743 0.07209753 0.04779523 -0.9962517 0.09603071 0.1201182 -0.9881041 0.1735849 0.2382767 -0.9555587 0.1810511 0.3090986 -0.9336373 0.08388179 0.1605479 -0.9834573 0.01876187 0.04248261 -0.998921 0.0766012 0.2097363 -0.9747527 -0.01149857 0.1651363 -0.9862037 -0.01894837 0.06970041 -0.997388 -0.06364721 0.2057947 -0.9765232 -0.08218997 0.1603161 -0.9836379 -0.6261991 0.7775705 0.05708634 0.3833741 -0.4924241 0.7813724 0.4978223 -0.7525785 -0.4310436 0.5484019 -0.8098292 0.2084031 0.2720192 -0.4572772 0.8467014 0.3236555 -0.7069457 0.628868 0.3335068 -0.7330647 0.592781 0.2202157 -0.5787576 0.7852036 0.2994217 -0.9181488 -0.2595176 0.2738497 -0.8306991 0.4847117 0.1550859 -0.5615329 0.8127911 0.1943309 -0.9803301 0.03447115 0.05020135 -0.1966926 0.9791792 0.08530414 -0.6499256 0.7551953 0.07232475 -0.5747018 0.8151607 0.02991634 -0.6978346 0.7156339 0.01135659 -0.5652171 0.824864 -0.02964311 -0.8050664 0.5924435 -0.04486805 -0.5822611 0.8117629 -0.129989 -0.9575512 0.2572908 -0.1194634 -0.8855985 0.4488248 -0.10634 -0.5848479 0.8041422 -0.2227993 -0.9191752 0.3247728 -0.03098422 -0.1234046 0.9918726 -0.1610949 -0.5678952 0.8071824 -0.03347724 -0.0849117 -0.995826 -0.2641782 -0.6636862 0.6998075 -0.3070321 -0.7962229 0.5213065 -0.3330885 -0.6454443 0.6873527 -0.2179533 -0.4471727 0.8674866 -0.4619654 -0.6802968 -0.5690204 -0.4639226 -0.7182983 0.5184819 -0.5113754 -0.7170389 0.4736563 -0.3592333 -0.4411122 0.8224181 -0.5883794 -0.6154828 0.5243955 -0.4857754 -0.493964 0.7211254 -0.5603345 -0.4629267 0.6868218 -0.6921072 -0.5874175 0.4194382 -0.4681627 -0.346318 0.8129498 -0.7284364 -0.4554578 0.5117995 -0.5878804 -0.3559325 0.7264357 -0.5935456 -0.2794196 0.7547373 -0.6410089 -0.3054535 0.7041349 -0.6879989 -0.3164773 -0.6530694 -0.729476 -0.2665216 0.6299452 -0.1744608 -0.0637418 0.9825989 -0.6682512 -0.2401142 0.7041202 -0.8820858 -0.2340486 0.4088347 -0.745938 -0.1965619 0.6363489 -0.7195609 -0.1875577 0.6686211 -0.6093708 -0.1160017 0.7843537 -0.8573815 -0.130522 0.4978563 -0.5837798 -0.05598902 0.8099793 -0.8734897 -0.03955513 0.4852331 -0.952547 -0.0394687 -0.3018219 -0.5975624 0.002459824 0.8018187 -0.946452 0.05209898 0.3186134 -0.1162234 0.008100211 0.9931901 -0.5592432 0.05828589 0.8269522 -0.9039037 0.1774412 0.3891949 -0.8596302 0.1717882 0.4811701 -0.5583027 0.1489357 0.8161594 -0.7846705 0.2781648 0.5540005 -0.6500579 0.239633 0.7211108 -0.707346 0.3442386 0.6173828 -0.6524637 0.3209954 0.6864788 -0.5118311 0.3088089 0.8016645 -0.5686072 0.3976903 0.7200891 -0.7219412 0.4839257 0.4945876 -0.5483993 0.4626622 0.6965644 -0.4885732 0.4057288 0.7724509 -0.4247922 0.4396131 0.7913861 -0.5929853 0.7281457 0.343762 -0.5426777 0.5360113 0.6466784 -0.6374868 0.7704511 0.00395596 -0.6044366 0.7959698 0.03299266 -0.5714687 0.8205488 -0.01109719 -0.5062608 0.8622844 0.01287555 -0.4913689 0.8699026 0.04273331 -0.4291386 0.9032137 -0.006725013 -0.362772 0.9317384 0.0161255 -0.3563964 0.933865 0.02962726 -0.2680444 0.9631808 -0.02085536 -0.2131134 0.9760006 0.04478216 -0.1712776 0.9851087 -0.01499271 -0.07193261 0.9972811 0.01599752 -0.06530863 0.9974337 0.02933961 0.02730369 0.9994069 -0.02098643 0.1268567 0.9918147 -0.01452755 0.07488292 0.9966004 0.03435546 0.1810461 0.9830973 0.02724355 0.2173119 0.9760725 -0.007625937 0.2822297 0.9591885 0.01743042 0.2870023 0.9575887 0.02556467 0.3676356 0.9297396 -0.02069687 0.411225 0.9108918 0.03420633 0.4355078 0.9001384 0.0091542 0.5104476 0.8597221 0.0179187 0.5065305 0.8621586 0.01045948 0.5858053 0.8104482 0.002417027 0.5898528 0.8074418 0.01055103 0.6633633 0.7482951 0.001926898 0.6673171 0.744699 0.010549 0.729422 0.684059 0.002623021 0.7441274 0.6673704 0.02985286 0.7738061 0.6333014 -0.01239174 0.8233695 0.56734 0.01371347 0.82615 0.563021 0.02199357 0.8594005 0.5112417 -0.007916331 0.9021593 0.4311487 -0.01480692 0.881492 0.471407 0.02733659 0.9379632 0.3466553 -0.007423222 0.9240503 0.3812922 0.02733659 0.9587767 0.2836597 0.01687043 0.957728 0.2874853 0.01045614 0.9791716 0.2030115 0.003056883 0.9905539 0.1369116 -0.007634341 0.981479 0.1906825 0.01841741 0.9987918 0.04685813 -0.01480591 0.9953849 0.09198731 0.02733665 0.9989638 -0.04490274 -0.007425069 0.9995977 -0.007573187 0.02733623 0.9936732 -0.1110363 0.0168724 0.9928787 -0.1163551 0.02556341 0.9810089 -0.1932494 -0.0166198 0.965407 -0.2584087 0.03484565 0.9689765 -0.246926 0.0105794 0.9386656 -0.3448195 0.002529799 0.9334744 -0.3577581 0.02519214 0.8996131 -0.4361997 -0.02064418 0.8558616 -0.5171865 -0.004378914 0.8727968 -0.4860022 0.04502928 0.8281286 -0.5604713 -0.008662521 0.7848879 -0.6177936 0.0477721 0.7910748 -0.6110151 0.02934634 0.7312718 -0.6817632 -0.02098768 0.6652273 -0.7466101 -0.006787359 0.6985936 -0.7147603 0.0329355 -0.3020818 0.6531866 0.6943298 -0.3019517 0.6529306 0.6946271 0.06499969 0.7167541 0.6942899 0.06499743 0.7167118 0.6943339 0.4145044 0.5879945 0.6945851 0.4145957 0.5881348 0.6944119 0.6530584 0.302005 0.6944838 0.6529361 0.3019429 0.6946257 0.7163936 -0.06497871 0.6946639 0.7167429 -0.06499743 0.6943017 0.5883156 -0.414722 0.6941834 0.5877528 -0.4143555 0.6948786 -0.3018186 0.6526671 0.6949325 -0.3019465 0.6529189 0.6946403 0.06494289 0.7161401 0.6949285 0.06493997 0.7160853 0.6949855 0.4145166 0.5879998 0.6945734 0.4144157 0.5878449 0.6947647 0.6530411 0.3020076 0.6944988 0.6529366 0.3019545 0.6946203 0.7164534 -0.06497031 0.694603 0.7163616 -0.06496536 0.6946982 0.5877746 -0.4143693 0.6948518 0.5880572 -0.4145532 0.694503 -0.5581457 0.6234096 0.5475708 -0.5430816 0.5606581 0.6250799 -0.6227054 0.5802485 0.5249282 -0.6036182 0.5237095 0.6011435 -0.6803136 0.5011466 0.5348136 -0.6742438 0.3866305 0.6292155 -0.7541809 0.3559276 0.5518394 -0.716806 0.3066926 0.6262019 -0.7995168 0.292317 0.5247128 -0.7458767 0.2313892 0.6246015 -0.8212025 0.2131439 0.5293356 -0.7613164 0.1577329 0.628902 -0.840065 0.1275882 0.5272685 -0.7767987 0.08098238 0.6245204 -0.8484373 0.04632562 0.5272647 -0.7790538 0.003644526 0.6269465 -0.8492497 -0.04100614 0.5263967 -0.7755943 -0.07643467 0.6265869 -0.8392619 -0.1247586 0.5292208 -0.7928264 -0.1414731 0.5927999 -0.796987 -0.2011842 0.5695055 -0.8040505 -0.2057489 0.5578263 -0.7676776 -0.2879709 0.5724893 -0.8037528 -0.363134 0.4712909 -0.6847432 -0.3717197 0.6268582 -0.7254191 -0.4415918 0.5279809 -0.6463442 -0.4363029 0.6260025 -0.6801413 -0.5099477 0.5266509 -0.5979779 -0.4978066 0.6281806 -0.6218606 -0.5698531 0.5371749 -0.5457929 -0.5552783 0.6275157 -0.5555733 -0.6268106 0.5463029 -0.4877218 -0.6068581 0.6275754 -0.4908571 -0.678643 0.5463542 -0.4532323 -0.6643639 0.5943074 -0.410034 -0.7066003 0.5767047 -0.4095554 -0.7036253 0.5806684 -0.3379989 -0.7406961 0.5806254 -0.3380365 -0.7413133 0.5798154 -0.2642154 -0.7721952 0.577845 -0.2714449 -0.7806841 0.5628944 -0.204037 -0.7800005 0.5915811 -0.1875349 -0.8249135 0.5332433 -0.1361013 -0.767335 0.6266366 -0.0905531 -0.8776839 0.4706073 -0.03579586 -0.8386906 0.5434304 0.03087759 -0.8017942 0.5968021 0.05083048 -0.8340606 0.5493262 0.1121047 -0.8105242 0.5748765 0.09463024 -0.7843493 0.613059 0.1724959 -0.7996981 0.5750898 0.1760484 -0.7776811 0.6035057 0.2595215 -0.8189651 0.5118055 0.2899529 -0.7764536 0.5595062 0.3646224 -0.7265893 0.5823389 0.375405 -0.7369452 0.5621236 0.447996 -0.6959072 0.5612599 0.4352257 -0.6856601 0.58348 0.5048227 -0.6418904 0.5771749 0.5012379 -0.6320071 0.5910394 0.4482025 -0.6378425 0.6263158 0.4960533 -0.6720288 0.5498257 0.447738 -0.7166751 0.5347033 0.3838151 -0.688498 0.6153507 0.3858778 -0.7634969 0.5178521 0.3117251 -0.722378 0.6172499 0.3074414 -0.8049896 0.5074166 0.2526003 -0.7755387 0.578561 0.2271428 -0.838121 0.4959429 0.181244 -0.7971612 0.5759208 0.1437844 -0.8584099 0.4924007 0.1014893 -0.8104317 0.5769752 0.06781834 -0.8565016 0.5116694 0.003061056 -0.7630007 0.6463904 0.02012205 -0.8230011 0.5676832 -0.06068044 -0.8608392 0.5052464 -0.1075972 -0.8255252 0.5540136 -0.1098144 -0.8129995 0.5718152 -0.1890453 -0.8444271 0.5012032 -0.2152455 -0.7585164 0.6150792 -0.2162889 -0.7750234 0.5937659 -0.3133674 -0.7825636 0.5379546 -0.3095666 -0.7774596 0.5474715 -0.3855816 -0.7497723 0.5377438 -0.3839039 -0.7388162 0.5538669 -0.4583159 -0.7073517 0.5381452 -0.4555409 -0.6968438 0.5539777 -0.5076215 -0.6596829 0.5542011 -0.4948544 -0.6062073 0.6226008 -0.5721981 -0.6338106 0.520455 -0.5800337 -0.5920886 0.5594568 -0.5510455 -0.5372338 0.6385363 -0.651203 -0.5541053 0.5185577 -0.6393044 -0.4773772 0.6028274 -0.6587213 -0.5019556 0.5604702 -0.6739717 -0.3889188 0.6280958 -0.7135913 -0.4349563 0.5491816 -0.7832797 -0.3732255 0.4971674 -0.7569847 -0.3219845 0.568595 -0.7798399 -0.3173328 0.5395829 -0.7944672 -0.2518674 0.5526164 -0.819058 -0.2487284 0.5169897 -0.7942501 -0.1903304 0.5770105 -0.8419372 -0.1726936 0.5111932 -0.8172045 -0.1129782 0.5651662 -0.8289995 -0.1196435 0.5463014 -0.8489357 -0.04303324 0.526741 -0.8174288 -0.02958434 0.5752694 -0.8724783 0.04483091 0.486592 -0.7886987 0.07974004 0.6095866 -0.8654661 0.1310254 0.4835295 -0.7999837 0.196717 0.5668584 -0.8165295 0.2079817 0.538538 -0.7920289 0.2890834 0.5376998 -0.7919781 0.2890411 0.5377973 -0.7699483 0.3674787 0.5216695 -0.7498056 0.3661439 0.5511172 -0.7304946 0.439472 0.5227258 -0.7078365 0.4379519 0.5542253 -0.7040929 0.4894697 0.5144635 -0.621312 0.4788283 0.6202378 -0.6429106 0.5317794 0.55125 -0.5815081 0.5450144 0.6039931 -0.5929478 0.5649817 0.573767 -0.5638997 0.6388292 0.5233684 0.3806639 -0.478691 0.79117 0.2629345 -0.3314049 0.9061105 0.4678081 -0.6383968 0.6112324 0.1108751 -0.182276 0.976976 0.4304227 -0.6836225 0.5894035 0.3059588 -0.5377238 0.7856478 0.3471135 -0.6745218 0.6515617 0.2608759 -0.6051262 0.7521742 0.03992974 -0.1151627 0.9925438 0.28882 -0.7169255 0.6345083 0.2512035 -0.7423188 0.6211758 0.1786846 -0.6207066 0.7634101 0.1824453 -0.6579933 0.7305878 0.1053653 -0.6419515 0.7594712 0.1552386 -0.8687222 0.4703432 0.1300393 -0.7253428 0.6759939 0.0464068 -0.6901555 0.7221716 0.05345749 -0.7110856 0.7010704 0.001000642 -0.1738305 0.9847751 0.01850277 -0.7803333 0.62509 -0.02438789 -0.6451047 0.7637049 -0.05647474 -0.7801058 0.6230936 -0.0638045 -0.8797444 0.4711464 -0.08258914 -0.6218991 0.77873 -0.133203 -0.7057281 0.6958484 -0.1318543 -0.7220772 0.679131 -0.05626231 -0.2145308 0.9750955 -0.1870363 -0.6236815 0.7589722 -0.1986668 -0.7311909 0.6526036 -0.2424496 -0.7037236 0.6678258 -0.2512332 -0.6062633 0.7545375 -0.05258613 -0.1048397 0.9930979 -0.3069007 -0.6986336 0.6463151 -0.3740507 -0.7091797 0.5976205 -0.3234422 -0.5583707 0.763942 -0.3983853 -0.6311307 0.6655548 -0.3997064 -0.5470758 0.7354883 -0.3978571 -0.5435847 0.7390706 -0.4816706 -0.5464829 0.6850911 -0.443646 -0.4879764 0.7517029 -0.08925497 -0.08747899 0.9921598 -0.6204203 -0.5763816 0.5318485 -0.4995728 -0.4222023 0.7564206 -0.5971429 -0.4608063 0.6565653 -0.1746335 -0.1102312 0.9784438 -0.543223 -0.3643047 0.756433 -0.5878425 -0.404137 0.7007955 -0.6606637 -0.3674983 0.6545749 -0.6226271 -0.3372354 0.7061216 -0.6405277 -0.3024464 0.7058686 -0.6207494 -0.2882527 0.7290956 -0.1913887 -0.06072455 0.9796341 -0.6731765 -0.2518726 0.6952651 -0.6411879 -0.2319843 0.731479 -0.7612996 -0.228463 0.6068177 -0.4400504 -0.1089908 0.8913342 -0.6452358 -0.1598111 0.7470818 -0.769685 -0.162795 0.617319 -0.2483969 -0.03419047 0.9680548 -0.1465693 -0.01582103 0.9890739 -0.6697098 -0.09133648 0.7369847 -0.7042779 -0.1006462 0.7027539 -0.8067107 -0.04810708 0.5889852 -0.6513586 -0.005240559 0.7587519 -0.4959091 -0.003739416 0.8683664 -0.7496789 0.009219169 0.6617376 -0.1817852 0.02050679 0.9831244 -0.2497201 0.02481627 0.9680001 -0.6117448 0.07026553 0.7879284 -0.7585579 0.07227092 0.6475853 -0.9782698 0.1040363 0.1793452 -0.9797331 0.1573796 0.123914 -0.8385658 0.1709256 0.5172929 -0.8764982 0.1779177 0.4473213 -0.2514628 0.06380069 0.9657618 -0.1824538 0.05000823 0.9819419 -0.5987905 0.1517951 0.7863894 -0.7656401 0.2403424 0.5966832 -0.3868146 0.143663 0.9108982 -0.6231295 0.2314304 0.747094 -0.7276436 0.2990702 0.6173264 -0.2018952 0.09266138 0.9750139 -0.6047013 0.3017669 0.7370706 -0.6386083 0.313583 0.7027412 -0.5832828 0.3593242 0.7284691 -0.6223123 0.3726701 0.6883634 -0.1505401 0.1029579 0.983228 -0.6533086 0.452777 0.606779 -0.523148 0.4031479 0.7508581 -0.5585432 0.4602109 0.6900982 -0.5089228 0.442667 0.7382706 -0.5298051 0.4889204 0.6930105 -0.4699985 0.4781777 0.7419216 -0.1045815 0.1196693 0.9872902 -0.5094447 0.532685 0.6758052 -0.6565048 0.6982752 0.2853301 0.006887316 -3.74386e-4 0.9999762 0.001245141 -1.12925e-4 0.9999992 0.001868724 8.16431e-5 0.9999982 -0.006887316 3.74413e-4 0.9999762 -0.001868724 -8.16361e-5 0.9999982 -0.0012452 1.12926e-4 0.9999992 0.006887137 -3.7435e-4 0.9999762 0.001245141 -1.12929e-4 0.9999992 0.001868784 8.16447e-5 0.9999982 -0.006887257 3.74441e-4 0.9999762 -0.001868724 -8.16249e-5 0.9999982 -0.0012452 1.12931e-4 0.9999992 0.006887078 -3.74268e-4 0.9999762 0.001245141 -1.12852e-4 0.9999992 0.001868784 8.17375e-5 0.9999982 -0.006887078 3.74486e-4 0.9999762 -0.001868724 -8.15443e-5 0.9999982 -0.0012452 1.12995e-4 0.9999992 0.006886959 -3.74235e-4 0.9999762 0.001245141 -1.12858e-4 0.9999992 0.001868844 8.17362e-5 0.9999982 -0.006887018 3.74498e-4 0.9999762 -0.001868724 -8.15379e-5 0.9999982 -0.0012452 1.12999e-4 0.9999992 0.006887316 -3.74405e-4 0.9999762 0.001245141 -1.12927e-4 0.9999992 0.001868724 8.164e-5 0.9999982 -0.006887316 3.74373e-4 0.9999762 -0.001868784 -8.16444e-5 0.9999982 -0.0012452 1.12927e-4 0.9999992 0.4642772 -0.4826688 0.7426153 0.4974781 -0.4448278 0.744744 0.4314722 -0.4919009 0.7562178 0.4622606 -0.4871598 0.7409389 0.4947312 -0.45776 0.7387129 0.5106266 -0.4311489 0.7438892 0.5506889 -0.37865 0.7438857 0.5402475 -0.400816 0.7399184 0.5921033 -0.3262535 0.7368667 0.5679562 -0.3480361 0.745853 0.6051442 -0.2888773 0.741856 0.6041465 -0.294183 0.7405831 0.628948 -0.2307674 0.7424088 0.6325602 -0.2254976 0.7409577 0.6488734 -0.1669535 0.7423542 0.6515619 -0.16209 0.7410762 0.6622739 -0.1016869 0.7423294 0.6642537 -0.09714239 0.7411683 0.669381 -0.03476685 0.7421053 0.6705172 -0.03127306 0.7412347 0.6696336 0.03203386 0.7420005 0.6702649 0.03488242 0.7413017 0.6632394 0.09854722 0.7418909 0.6635003 0.1006776 0.7413714 0.6502571 0.1641026 0.741779 0.6502922 0.1654763 0.741443 0.6308138 0.2280524 0.7416644 0.6307715 0.2286501 0.7415163 0.6051012 0.2897574 0.7415478 0.6051305 0.2895829 0.7415921 0.5733734 0.3486113 0.7414264 0.5736236 0.3476825 0.7416689 0.5359396 0.4040256 0.7413044 0.5355017 0.4051876 0.7409865 0.4880543 0.4578129 0.7431085 0.4806979 0.4712042 0.7395242 0.4421464 0.4988316 0.7454352 0.4270361 0.5162816 0.7423567 0.3639968 0.5605847 0.7438085 0.38902 0.5378558 0.7479135 0.306441 0.5939753 0.7438329 0.3339259 0.5736905 0.7479122 0.2379899 0.626008 0.7426134 0.2755446 0.6038908 0.7479246 0.1756131 0.6497354 0.7395972 0.2153527 0.6307938 0.745468 0.1562395 0.650116 0.7435984 0.0850957 0.6633116 0.7434894 0.1021218 0.6645714 0.7402135 0.01924437 0.6684683 0.7434916 0.03617882 0.6713754 0.7402338 -0.04757487 0.6683603 0.7423147 -0.03635013 0.6720881 0.7395786 -0.03226166 0.5664142 0.8234891 -0.1134219 0.6601963 0.7424799 -0.1075089 0.6628277 0.7410137 -0.172164 0.64914 0.7409299 -0.1790016 0.6452693 0.7426883 -0.2426295 0.6239801 0.7428188 -0.2352705 0.6291158 0.7408516 -0.2961421 0.6030148 0.7407247 -0.3034757 0.5967997 0.7427871 -0.3613511 0.5638024 0.7426657 -0.3571504 0.5693176 0.740487 -0.4188836 0.5341501 0.7343162 -0.3899094 0.5390391 0.7465973 -0.3953827 0.5281237 0.7515038 -0.3348692 0.5698004 0.7504599 0.564478 -0.5882 0.5791246 0.5752671 -0.5936071 0.5627595 0.6237936 -0.5286718 0.5756628 0.62006 -0.5226407 0.585126 0.6615504 -0.4687075 0.5853756 0.6920789 -0.4738317 0.5445277 0.6852831 -0.412431 0.6002398 0.7233434 -0.4119856 0.5541138 0.74633 -0.3527769 0.5643934 0.7282413 -0.3546692 0.586408 0.7293005 -0.3025705 0.6136544 0.7973769 -0.291548 0.5283842 0.7443906 -0.2335455 0.625571 0.8224011 -0.2134683 0.5273402 0.7815253 -0.1743627 0.5990123 0.8247436 -0.1210962 0.5523892 0.8104013 -0.1236039 0.5726882 0.8209577 -0.04686146 0.5690628 0.8320046 -0.04316914 0.5530866 0.7921838 0.004194378 0.6102684 0.8486971 0.04065698 0.5273142 0.7759918 0.07442522 0.6263367 0.8404667 0.124939 0.5272627 0.7646892 0.1513307 0.6263779 0.8238972 0.2079861 0.5271956 0.7457802 0.2267336 0.6264213 0.7991298 0.2889618 0.5271552 0.7203199 0.2997816 0.6255158 0.7674313 0.3675631 0.5253062 0.6847432 0.3717198 0.6268581 0.7250603 0.4409084 0.5290438 0.6451851 0.4355093 0.6277483 0.6786197 0.5116276 0.5269843 0.5989664 0.498629 0.6265847 0.6225021 0.5699484 0.5363301 0.5457938 0.5552796 0.627514 0.5555738 0.6268106 0.5463023 0.4877213 0.6068579 0.6275759 0.4908568 0.6786426 0.5463551 0.4355486 0.6570151 0.6153281 0.4117515 0.7176902 0.5615884 0.4095552 0.7036241 0.5806701 0.3378134 0.740336 0.5811926 0.3378407 0.7407695 0.5806241 0.2627906 0.7705218 0.5807212 0.2628167 0.7697839 0.5816874 0.1853665 0.7926639 0.5807954 0.1837244 0.8043063 0.565099 0.1060599 0.8142837 0.5706955 0.1060937 0.8143535 0.5705897 0.02237224 0.8345413 0.5504909 0.02989959 0.8150856 0.5785684 -0.03194594 0.8064402 0.5904521 -0.05941069 0.8482633 0.5262318 -0.09421783 0.7741416 0.6259614 -0.143829 0.8374546 0.5272411 -0.1672612 0.7723243 0.6128122 -0.2216 0.8021533 0.5544759 -0.2238969 0.7794001 0.5851543 -0.3001489 0.770127 0.5628632 -0.2896036 0.75773 0.5847864 -0.3605594 0.7295179 0.5812062 -0.3801506 0.7455615 0.5473788 -0.409178 0.6903689 0.5966272 -0.4582974 0.7167595 0.5255656 -0.4870138 0.6250517 0.610023 -0.4536288 0.6466991 0.6131893 -0.527297 0.6532007 0.5434029 0.6013426 -0.6917477 0.3998404 -0.5784171 0.7170436 0.3889501 0.6415916 -0.6604363 0.3901081 0.6439463 -0.6568593 0.3922615 0.7011877 -0.5991391 0.3864818 0.694008 -0.6041709 0.3915743 0.7510642 -0.5216716 0.4046743 0.7420036 -0.550388 0.3827581 0.7794455 -0.4870737 0.3939846 0.7892431 -0.4756582 0.3883873 0.8067281 -0.436645 0.3981596 0.8506821 -0.3538534 0.3887514 0.8452723 -0.3792156 0.3764443 0.8171808 -0.4062117 0.4089101 0.8811337 -0.2753199 0.3844504 0.863272 -0.3084306 0.3995399 0.8962505 -0.2325898 0.3776731 0.8909584 -0.1904869 0.4121986 0.90083 -0.1791132 0.3955042 0.9111778 -0.09645605 0.4005638 0.912869 -0.1344109 0.3854918 0.9213604 0.004511773 0.3886833 0.9115294 -0.05775529 0.407159 0.9267489 -0.02172267 0.3750529 0.91912 0.08815926 0.3839875 0.915331 0.04870361 0.3997462 0.9060564 0.134867 0.4010893 0.9057208 0.179248 0.3841094 0.8833639 0.2685678 0.384109 0.8882833 0.2234529 0.4012749 0.8520886 0.3556966 0.3839595 0.8630403 0.3080156 0.4003595 0.8184919 0.4040354 0.408444 0.8547726 0.3835932 0.3495997 0.8132091 0.4389956 0.3820653 0.803179 0.4352982 0.4067174 0.7652094 0.5179445 0.3823456 0.7767424 0.4737606 0.4149966 0.7911475 0.4825468 0.3758114 0.7579221 0.5106566 0.4059358 0.7092769 0.5904738 0.3850543 0.7334666 0.5426287 0.4093666 0.7322827 0.5818391 0.353872 0.6725977 0.6229041 0.3995032 0.6463449 0.6575964 0.3870469 0.578388 0.7196818 0.3840903 0.6099163 0.6807734 0.4056472 0.6844605 0.7290474 0.001944959 0.5088486 0.7679386 0.3890287 0.5372378 0.7428274 0.3994784 0.4227811 0.8128831 0.4005961 0.4896343 0.7873753 0.3745643 0.4499475 0.7951707 0.4065104 0.3362032 0.8521758 0.4009535 0.383419 0.8404814 0.3828587 0.2508571 0.8808419 0.4014826 0.2980198 0.873554 0.3848217 0.1600143 0.9021306 0.4006944 0.2099422 0.8992177 0.383838 0.06897336 0.9135463 0.4008441 0.1199053 0.9155323 0.3839575 -0.01190263 0.9187236 0.3947218 0.03156566 0.9222933 0.3851997 -0.1115357 0.9165881 0.3839609 -0.02681195 0.9105309 0.4125708 -0.07067674 0.9243491 0.3749448 -0.1946259 0.9014065 0.386765 -0.1517039 0.9034156 0.4010316 -0.2532424 0.8847259 0.3913162 -0.2404168 0.8854262 0.3977691 -0.3312304 0.8578649 0.3928794 -0.3334109 0.8560694 0.3949459 -0.4144029 0.8198386 0.3951392 -0.4093114 0.8242455 0.3912588 -0.530143 0.7533299 0.3891562 -0.5431724 0.7402006 0.3963165 -0.4589444 0.7911759 0.404241 -0.4880746 0.7843415 0.3828726 -0.4836665 0.5874597 0.6488127 -0.5006546 0.6975132 0.5126601 -0.4429339 0.6956016 0.5656393 -0.4414379 0.6882646 0.5756948 -0.3926336 0.7768437 0.4922933 -0.2994906 0.6836625 0.6655157 -0.3066747 0.8068431 0.5049306 -0.2234721 0.8229759 0.5222746 -0.2267965 0.795946 0.5612784 -0.1442676 0.8223848 0.5503363 -0.1402382 0.8411464 0.5223083 -0.06952947 0.8420515 0.5348973 -0.0595448 0.8243577 0.5629287 -0.01615244 0.8495995 0.5271809 0.02423828 0.7733069 0.6335684 0.06510412 0.8666614 0.4946308 0.1404149 0.7918894 0.5943018 0.1419926 0.7522354 0.6434129 0.2396892 0.8470675 0.4743688 0.2551665 0.696105 0.6710648 0.3148976 0.7812868 0.5389161 0.3781296 0.7423409 0.5531257 0.3705825 0.7116817 0.5968064 0.437944 0.6722553 0.5968902 0.4222495 0.6568767 0.6246747 0.5108975 0.6913333 0.5109228 0.5199416 0.6495132 0.5547911 0.5066278 0.6182844 0.6008766 0.5788025 0.6100208 0.5411675 0.5598693 0.5236543 0.6421312 0.6212807 0.5573144 0.5508276 0.6733758 0.5466641 0.4977182 0.6615999 0.4539715 0.5968211 0.6668102 0.4592247 0.5869215 0.703248 0.386052 0.5969976 0.7432795 0.3960902 0.5391179 0.7672041 0.3233207 0.5539508 0.7487388 0.3219546 0.5794268 0.8180008 0.2930321 0.4949817 0.7715492 0.2308819 0.5927947 0.8503557 0.2139227 0.4807623 0.8374759 0.1232622 0.5323913 0.811735 0.1284776 0.5697191 0.8493003 0.04581755 0.5259179 0.8335826 0.03765714 0.5511099 0.8540609 -0.009873747 0.5200792 0.7580298 -0.05621129 0.6497932 0.8400657 -0.08862292 0.535197 0.8222321 -0.1605918 0.5460264 0.7272426 -0.170979 0.6647439 0.805472 -0.2220139 0.5494769 0.7888011 -0.2862883 0.5439043 0.7921985 -0.2890988 0.5374414 0.7887243 -0.3405155 0.5118235 0.6993213 -0.342221 0.6275624 0.6691852 -0.4126957 0.617959 0.7330179 -0.395588 0.5533488 0.6879753 -0.4346403 0.5811866 0.6715074 -0.5100118 0.5375554 0.6600695 -0.5085389 0.5528983 0.6524856 -0.5572557 0.5135452 0.5723661 -0.5388347 0.6181053 0.5409479 -0.6363128 0.5499831 0.5855364 -0.5903995 0.5554957 0.5216561 -0.5900608 0.6162006 -0.6056511 0.7634178 0.2244549 -0.4413014 0.5564972 0.7039631 -0.5977614 0.75712 0.2635349 -0.4052042 0.5179133 0.753376 -0.1082126 0.1822392 0.9772814 -0.3688548 0.5737808 0.7312467 -0.5251719 0.7916573 0.3122069 -0.372155 0.5773024 0.7267892 -0.4644474 0.8426063 0.2725861 -0.3859145 0.6824597 0.6207406 -0.2916762 0.5668572 0.770453 -0.2696555 0.6196098 0.7371361 -0.401314 0.8610826 0.3122239 -0.2922717 0.6485993 0.7027776 -0.2609376 0.6717494 0.6932997 -0.2076501 0.6181101 0.7581697 -0.217275 0.6878107 0.6926095 -0.163681 0.6995832 0.6955515 -0.1511514 0.6703363 0.7265002 -0.02693718 0.1580501 0.9870636 -0.1516806 0.9654496 0.2118961 -0.1302329 0.7702687 0.62428 -0.0681526 0.5997701 0.7972647 -0.05678558 0.7342918 0.6764547 -0.08309233 0.9491073 0.3037945 -0.01467466 0.6804541 0.7326438 -0.01552474 0.6853026 0.728093 0.005923807 0.1623478 0.9867158 0.06040269 0.6878202 0.7233636 0.0664094 0.8847501 0.46131 0.05845743 0.7741826 0.6302573 0.1803785 0.9629157 0.2006413 0.1191965 0.6715679 0.7312926 0.1162846 0.6230968 0.7734522 0.1893737 0.6643727 0.7230122 0.2465456 0.9203081 0.3037239 0.1905794 0.6798076 0.7081958 0.05383765 0.1561619 0.9862631 0.328518 0.9204079 0.2119554 0.2537963 0.7381803 0.6250417 0.2276757 0.5645777 0.7933574 0.3811295 0.8730803 0.3040907 0.2986009 0.6669733 0.6826303 0.2979756 0.5959745 0.7456708 0.342923 0.6400948 0.6875191 0.3369777 0.5852999 0.7374755 0.1159138 0.1792566 0.9769499 0.4275214 0.6697894 0.6071307 0.3961221 0.5502909 0.7350288 0.4322546 0.5787652 0.6915106 0.4233909 0.5240843 0.7389693 0.1285599 0.1409413 0.9816353 0.6551176 0.7290494 0.1982624 0.5340921 0.6054682 0.5900456 0.422241 0.4211309 0.8027211 0.4954591 0.4309024 0.7542171 0.5317432 0.4946049 0.6874701 0.6941852 0.6457023 0.318081 0.723819 0.6614686 0.19633 0.1198682 0.08412677 0.989219 0.658621 0.5057193 0.5571953 0.7522049 0.5847357 0.3037629 0.2026567 0.1348191 0.9699248 0.5448472 0.3692771 0.7528452 0.5134577 0.3433982 0.7864089 0.757983 0.4163171 0.5021374 0.7896875 0.4329684 0.434663 0.3461928 0.1673626 0.9231144 0.5299344 0.2557657 0.8085502 0.902355 0.4261543 0.06440567 0.1484662 0.0615409 0.9870008 0.7694466 0.3214128 0.5519472 0.8242297 0.3456585 0.4485148 0.5957725 0.2100169 0.7752084 0.69164 0.2120269 0.6904193 0.6316989 0.1607035 0.7583739 0.7016956 0.1651546 0.6930709 0.6700419 0.09893679 0.7357006 0.9704574 0.1373775 0.1983426 0.7122204 0.1104328 0.6932148 0.1523973 0.01407438 0.9882191 0.735414 0.03844445 0.6765267 0.6706552 0.0252617 0.741339 0.9508901 0.0593965 0.3037765 0.7318377 -0.003226041 0.6814712 0.9771069 -0.01827603 0.2119627 0.2151865 -0.01897042 0.9763888 0.6072186 -0.03295743 0.793851 0.8071799 -0.07976776 0.5848913 0.9434862 -0.0932374 0.3180261 0.9748935 -0.1050154 0.1963527 0.407606 -0.0641669 0.9109007 0.6091667 -0.09589737 0.7872228 0.7775934 -0.153234 0.6098096 0.936142 -0.1770746 0.3037808 0.2298987 -0.05181652 0.9718342 0.6364783 -0.1701834 0.7522852 0.6815883 -0.17645 0.7101428 0.6408252 -0.2061228 0.7394975 0.7941113 -0.2892944 0.5345054 0.8337117 -0.3035588 0.4612775 0.1523106 -0.06696057 0.9860617 0.1854577 -0.07996082 0.9793936 0.5630414 -0.2477817 0.7884089 0.7062135 -0.3417052 0.6200807 0.8493682 -0.4833508 0.212004 0.6955366 -0.3858274 0.6061074 0.3237012 -0.1967971 0.9254666 0.506157 -0.3078026 0.8056443 0.1244695 -0.08788114 0.988324 0.6512199 -0.4391044 0.6189507 0.7936326 -0.5269479 0.3040945 0.2134068 -0.1624903 0.9633558 0.5446468 -0.4130353 0.7299052 0.5997286 -0.4711348 0.6468057 0.3383425 -0.3218778 0.8842619 0.4770466 -0.4547699 0.7520711 0.550737 -0.5057086 0.6640388 0.09257632 -0.1028057 0.9903841 0.4973186 -0.5815367 0.6438084 0.5399232 -0.557857 0.6303003 0.001131474 -0.003628373 0.9999928 8.13025e-4 -0.007099986 0.9999745 0 0 1 0 1.91975e-7 1 -8.13006e-4 0.007099926 0.9999745 -0.001131415 0.003628551 0.9999928 -0.3539495 0.3891041 0.8504809 0.3838458 -0.4445106 0.8093656 0.3002827 -0.4235561 0.8546523 0.305298 -0.4273059 0.851001 0.4534497 -0.5688328 0.6861578 0.365871 -0.5247947 0.768589 0.3871439 -0.5319343 0.753104 0.5068279 -0.6349363 0.5830793 0.5000197 -0.6351615 0.5886851 0.414912 -0.5631732 0.7146217 0.4226891 -0.6231689 0.6580232 0.2673497 -0.4570901 0.8482881 0.2589573 -0.4492594 0.8550481 0.5507757 -0.698951 0.4561948 0.5583399 -0.6978487 0.4486244 0.4825988 -0.6484539 0.5887325 0.4126889 -0.6352928 0.6527565 0.3255135 -0.5534569 0.7666333 0.2949168 -0.5226742 0.7998974 0.4794924 -0.7007443 0.5282467 0.5956723 -0.7438436 0.3031029 0.5863124 -0.7464427 0.3147398 0.2177188 -0.4344847 0.8739688 0.5295895 -0.7156895 0.4553279 0.4629587 -0.7113505 0.5288193 0.4197437 -0.6826346 0.598185 0.3402984 -0.6021218 0.7222509 0.5258096 -0.75239 0.3967792 0.559023 -0.7666184 0.3158949 0.6212717 -0.7690884 0.1500812 0.6082022 -0.7744856 0.1739604 0.5526439 -0.77972 0.2943152 0.2158445 -0.4783378 0.8512368 0.2439345 -0.5391545 0.806107 0.4605458 -0.7563995 0.4644969 0.6115081 -0.7885241 0.06547999 0.3295161 -0.6322979 0.7011553 0.5753318 -0.7992069 0.1739587 0.2440147 -0.5412341 0.8046878 0.5044606 -0.7674921 0.3955696 0.4545384 -0.7618685 0.4614664 0.6372576 -0.7703546 -0.02136677 0.3730599 -0.7116918 0.5952488 0.568107 -0.8081315 0.1554921 0.2871097 -0.6363793 0.7159535 0.5057348 -0.8044534 0.3115881 0.5196445 -0.8027077 0.2926259 0.1789805 -0.4575213 0.8709996 0.6067245 -0.7910181 -0.07858663 0.3705371 -0.7248756 0.5807389 0.5866755 -0.8071708 0.06547755 0.2840448 -0.6456261 0.7088622 0.5340451 -0.8305026 0.1583076 0.443331 -0.8080189 0.3880247 0.3912594 -0.7610713 0.5173842 0.5683658 -0.8227503 0.006513893 0.5321893 -0.8322469 0.1553697 0.4865505 -0.817059 0.3093269 0.6083592 -0.7599528 -0.228847 0.6101665 -0.7576145 -0.2317694 0.1697803 -0.5152393 0.8400614 0.3867084 -0.7991011 0.4603195 0.4328489 -0.8136822 0.3880246 0.5916028 -0.8023889 -0.07860255 0.3257459 -0.7316024 0.5988719 0.5414039 -0.8407452 0.005434513 0.2623078 -0.6616123 0.7024698 0.4708139 -0.8487864 0.2406158 0.5044733 -0.8489198 0.1576133 0.195495 -0.5693382 0.798521 0.5616714 -0.8136808 -0.1498294 0.5369542 -0.8436099 -0.00155723 0.2588085 -0.7026467 0.6628015 0.5702123 -0.7159217 -0.4028822 0.5679566 -0.7244213 -0.3906906 0.1982505 -0.6030826 0.77265 0.4527778 -0.8585427 0.2406173 0.4183261 -0.8554213 0.3053813 0.5772666 -0.7825212 -0.2332892 0.1347131 -0.4932534 0.8593913 0.3788402 -0.8052913 0.456055 0.536906 -0.8302361 -0.1497998 0.2888755 -0.7534174 0.5906888 0.3037316 -0.7570075 0.5785211 0.4851798 -0.8691242 0.09604078 0.5040556 -0.8636711 -2.74886e-4 0.5326267 -0.6928825 -0.4860275 0.5507576 -0.7451424 -0.3760703 0.5423052 -0.7836786 -0.3029076 0.3643417 -0.8508287 0.37861 0.5294218 -0.8330473 -0.1604518 0.3228174 -0.7983691 0.5083264 0.4945306 -0.8689793 -0.01772987 0.4367535 -0.8829358 0.1722522 0.4574599 -0.8840293 0.09603369 0.1795932 -0.6359153 0.7505719 0.4017789 -0.8631023 0.3059873 0.5181324 -0.7998817 -0.3028665 0.1152156 -0.5126307 0.8508438 0.1166371 -0.5141627 0.849725 0.308205 -0.835579 0.4547719 0.5080298 -0.6326402 -0.5845273 0.5077072 -0.6266763 -0.5911938 0.2606964 -0.781857 0.5663365 0.4469136 -0.8923665 0.06285142 0.2036058 -0.7159404 0.6678128 0.1857715 -0.6793127 0.709946 0.3970836 -0.9014849 0.1721906 0.3884949 -0.8854952 0.2548919 0.4988216 -0.803336 -0.3253126 0.3496415 -0.8569744 0.3786104 0.4933163 -0.8544067 -0.1631817 0.4891958 -0.8579429 -0.1569117 0.4558547 -0.6022391 -0.655366 0.4616783 -0.8869003 -0.01615816 0.4793314 -0.7002905 -0.528994 0.2031764 -0.7363091 0.645421 0.3937222 -0.9050318 0.1609358 0.4869789 -0.7832435 -0.3864986 0.4940875 -0.7547148 -0.4316052 0.1347525 -0.6040638 0.7854608 0.3315117 -0.8909519 0.3103301 0.4765272 -0.8269223 -0.2985317 0.4352053 -0.5391707 -0.7210349 0.06373858 -0.5190099 0.8523885 0.2831552 -0.8444578 0.4546585 0.2783322 -0.843437 0.4595054 0.4378899 -0.8958759 -0.07522392 0.2303015 -0.7796087 0.5823842 0.4160897 -0.9071486 0.06285512 0.3908665 -0.5200266 -0.7594707 0.4624211 -0.8722904 -0.1589847 0.251372 -0.8513144 0.460517 0.215311 -0.8248066 0.5228148 0.3953646 -0.9185181 0.003368079 0.4226176 -0.9031808 -0.07522475 0.4657418 -0.7148576 -0.5215968 0.4649317 -0.7109778 -0.527588 0.1680652 -0.7662771 0.6201399 0.3703408 -0.9173799 0.1458148 0.3404807 -0.415279 -0.8435735 0.336965 -0.4140845 -0.84557 0.1121602 -0.6456534 0.7553488 0.3131178 -0.9021626 0.2967488 0.2963998 -0.9012448 0.3160777 0.4260929 -0.8726863 -0.2384604 0.0609225 -0.5252295 0.848777 0.4333573 -0.6897681 -0.5800184 0.4220671 -0.6277795 -0.6540278 0.1849418 -0.8308598 0.5248509 0.3482679 -0.9346218 0.07205218 0.3752101 -0.9269337 0.003367602 0.4327157 -0.7783542 -0.4548866 0.1199471 -0.6939607 0.7099516 0.1232666 -0.6977449 0.705661 0.3170684 -0.9236589 0.2152251 0.442891 -0.8403672 -0.3124588 0.234337 -0.8863884 0.3992516 0.2632207 -0.9114754 0.3161131 0.3875955 -0.9078319 -0.1600346 0.1837423 -0.8326562 0.5224196 0.1428797 -0.7516429 0.6439086 0.2963145 -0.9412055 0.1622654 0.413672 -0.8263533 -0.38212 0.2910713 -0.4262146 -0.8565154 0.07342684 -0.6148306 0.7852336 0.2519014 -0.9223948 0.2928028 0.4099996 -0.8805164 -0.2378892 0.3777058 -0.5986234 -0.7063912 0.03652405 -0.5131387 0.8575283 0.2040854 -0.8944458 0.3978893 0.345869 -0.9349322 -0.07922452 0.4009416 -0.6953058 -0.5964861 0.3285831 -0.9416692 0.07274794 0.4204926 -0.7838792 -0.456858 0.0889945 -0.7167582 0.6916196 0.2690755 -0.9491996 0.1631523 0.3740331 -0.8753569 -0.3063487 0.3494515 -0.5499096 -0.758606 0.3499688 -0.54047 -0.7651236 0.1947017 -0.9039591 0.3807219 0.3724549 -0.9141482 -0.1600326 0.3605694 -0.6686296 -0.6503261 0.1510909 -0.8492313 0.5059426 0.3006348 -0.9537364 0.002383947 0.3941596 -0.7683482 -0.504261 0.1008825 -0.7926976 0.6012099 0.2597617 -0.9539648 0.1499168 0.3919337 -0.8361007 -0.3838278 0.2901996 -0.4419978 -0.8487769 0.05016821 -0.6543642 0.7545135 0.04966068 -0.6989088 0.7134845 0.2206743 -0.9303495 0.2928357 0.3531125 -0.8840121 -0.306324 0.3451361 -0.9121444 -0.2210739 0.01333665 -0.5426456 0.8398559 0.1587153 -0.9099682 0.3831022 0.3288491 -0.9410011 -0.0798453 0.09603214 -0.8068026 0.5829645 0.3501979 -0.8172267 -0.4577139 0.3631075 -0.7730136 -0.5201951 0.04617518 -0.7045159 0.7081844 0.1981765 -0.9529521 0.2293651 0.3389269 -0.8824284 -0.326265 0.3156839 -0.5555132 -0.7692521 0.007034957 -0.5916733 0.8061472 0.1576926 -0.9106284 0.3819538 0.2971905 -0.9428238 -0.1508679 0.3643109 -0.668672 -0.6481939 0.1104726 -0.8413687 0.5290507 0.267708 -0.9635001 8.87115e-5 0.2678533 -0.9634598 -8.53637e-5 0.2322216 -0.9608891 0.1508817 0.2485032 -0.4379815 -0.8639551 0.317555 -0.9221162 -0.2210444 0.3152801 -0.6371731 -0.7032844 -0.010284 -0.5024683 0.8645345 0.095968 -0.8720751 0.4798701 0.1066539 -0.915795 0.3872265 0.2697541 -0.951191 -0.1498951 0.3278881 -0.7411086 -0.5858731 0.3284474 -0.7305871 -0.5986358 0.05583208 -0.7985578 0.5993232 0.2035011 -0.9760851 0.07645392 0.3213379 -0.8290114 -0.457692 0.3213043 -0.8290722 -0.4576054 0.01010447 -0.7223376 0.6914668 0.1711787 -0.9586037 0.2275452 0.1603493 -0.9574173 0.2400839 0.3016732 -0.896455 -0.3245946 0.2916455 -0.9073041 -0.3028897 -0.01851499 -0.6180171 0.7859466 0.1078751 -0.9144744 0.3899995 0.2592931 -0.9519163 -0.1631638 0.2920483 -0.6420286 -0.7088773 0.2323192 -0.9726363 -0.002540349 0.2887099 -0.7573168 -0.5857626 0.1699699 -0.9822 0.07995986 0.2360984 -0.4724602 -0.8491401 0.2449092 -0.4762463 -0.844517 0.2667511 -0.5164022 -0.81374 -0.02657949 -0.6412701 0.7668548 0.1210164 -0.9638255 0.2374774 0.2600818 -0.9168578 -0.3028684 0.2864233 -0.6395972 -0.7133563 -0.04115813 -0.5041159 0.8626548 -0.0369541 -0.5095258 0.8596615 0.2037717 -0.9759321 -0.07767611 0.2897825 -0.7577601 -0.5846586 0.01237213 -0.8060208 0.5917579 0.02670598 -0.8150392 0.57879 0.168926 -0.9824788 0.07873731 0.2805438 -0.8550704 -0.4360618 -0.005263268 -0.7107372 0.703438 0.1260629 -0.9614938 0.2442087 0.2491207 -0.9154283 -0.3161169 0.2587954 -0.59622 -0.759965 0.06973993 -0.9301339 0.3605378 0.2325035 -0.9589581 -0.1623007 0.03265035 -0.8672559 0.4967908 0.1346523 -0.9875704 0.08107686 0.1098336 -0.9838806 0.1411225 0.2436511 -0.8544845 -0.4587923 0.2097412 -0.4841538 -0.8494727 -0.04985809 -0.6530529 0.7556692 0.07167005 -0.9664007 0.2468465 0.2047045 -0.9535347 -0.2210602 0.2603543 -0.6737046 -0.6916197 -0.07117694 -0.5379358 0.8399755 -0.09012794 -0.508107 0.8565653 0.01519745 -0.8926686 0.4504573 0.1722221 -0.9818161 -0.07985424 0.1658843 -0.9835348 -0.07170569 0.2715933 -0.7596755 -0.5908725 -0.02086037 -0.8170319 0.576215 0.2386869 -0.8517283 -0.4664627 -0.05410534 -0.7438982 0.6660991 0.06015574 -0.9718952 0.2275987 0.2111657 -0.9249252 -0.3161048 0.2152323 -0.922026 -0.3217812 0.2212885 -0.5765234 -0.7865445 -0.08269006 -0.6378898 0.7656756 0.03340715 -0.924797 0.3789915 0.2243321 -0.7290918 -0.6466067 0.1152349 -0.9906237 -0.07338714 0.1124638 -0.9934086 0.02216207 0.2290151 -0.8158848 -0.5309276 -0.06288003 -0.7603841 0.6464226 0.08182966 -0.986604 0.1411257 0.2174934 -0.5674182 -0.7941871 0.1758244 -0.4593901 -0.8706586 -0.08537274 -0.6406823 0.763045 0.01023334 -0.9458419 0.3244664 0.1573075 -0.9625255 -0.220905 0.1630209 -0.9597446 -0.2287237 0.2362306 -0.6703792 -0.7034108 -0.02236759 -0.8918936 0.4516918 -0.02779287 -0.8885064 0.4580219 0.1150467 -0.9906181 -0.07375663 0.2118837 -0.7976614 -0.5646605 0.2019492 -0.7370758 -0.644931 -0.04801779 -0.8049083 0.5914533 0.05975973 -0.9950881 0.07892036 0.1950569 -0.8754688 -0.4421617 0.02990835 -0.9743289 0.2231338 0.02554607 -0.9731648 0.2286869 0.1711586 -0.9311246 -0.322043 0.2072035 -0.6234823 -0.753881 -0.02386564 -0.9456103 0.3244251 0.1230306 -0.9659895 -0.2274375 0.1919841 -0.7292175 -0.6567982 -0.07331126 -0.8396904 0.5380944 -0.07285076 -0.8852422 0.4593897 -0.1031668 -0.7328911 0.6724785 -0.09639304 -0.7559823 0.6474559 0.142117 -0.9134929 -0.3812261 0.1628336 -0.4921857 -0.8551248 0.1628111 -0.4921832 -0.8551305 -0.0358929 -0.9514462 0.3057153 0.1138437 -0.9643871 -0.2387407 -0.1217724 -0.5320055 0.8379389 -0.07361572 -0.8858328 0.4581276 0.08258807 -0.9923139 -0.09215342 -0.1226017 -0.800943 0.5860539 0.03431612 -0.9975391 0.06114208 0.01768535 -0.9963026 0.0840739 0.1691327 -0.8725053 -0.4583981 -0.01670372 -0.9750901 0.2211792 0.1716417 -0.6208416 -0.764915 0.1683038 -0.626568 -0.7609772 0.05576431 -0.9859778 -0.1572835 0.03132182 -0.9993654 -0.01696062 0.142257 -0.8251441 -0.5467176 0.1404868 -0.8355892 -0.5310878 -0.0146256 -0.9962599 0.08516043 -0.04130643 -0.9871487 0.1543738 0.1130458 -0.9167658 -0.3830941 0.1105039 -0.9183088 -0.3801288 0.1500321 -0.5186793 -0.8417019 -0.1407289 -0.6371038 0.7578219 -0.1444038 -0.6286454 0.7641678 -0.06990474 -0.9499081 0.3046109 -0.08463823 -0.9430788 0.321619 0.08470535 -0.9673718 -0.2387819 -0.14188 -0.4992192 0.8547808 -0.1418541 -0.4877267 0.8613944 0.008963108 -0.9978389 -0.06509262 0.1335587 -0.7932673 -0.5940448 -0.135087 -0.8074257 0.5742954 0.10821 -0.8539738 -0.5089393 -0.1530985 -0.7101662 0.6871861 -0.07575988 -0.9845418 0.1579171 0.05368345 -0.9492018 -0.3100547 0.08386576 -0.9210897 -0.3802109 0.134398 -0.6258853 -0.7682479 0.009945034 -0.9897862 -0.1422122 0.0228812 -0.9871132 -0.1583794 0.1432518 -0.7386038 -0.6587437 -0.1526045 -0.8789163 0.4519048 -0.04378509 -0.9990409 3.86328e-4 -0.1711807 -0.7325053 0.6588878 -0.1819311 -0.7820466 0.5960739 -0.07986497 -0.9849292 0.1534148 0.1066658 -0.497 -0.8611697 -0.1793073 -0.6300793 0.7555454 -0.1045981 -0.9448001 0.3105027 0.1207837 -0.7078166 -0.6959936 -0.1539379 -0.8797795 0.4497679 -0.1863375 -0.7853652 0.5903217 -0.09795182 -0.9913098 0.08780896 0.0433861 -0.884202 -0.4650853 -0.2133997 -0.6779032 0.7034968 -0.1360164 -0.9619978 0.2367696 0.01416707 -0.9502224 -0.3112501 0.01844179 -0.9472175 -0.3200608 0.1115562 -0.6573425 -0.7452893 -0.187228 -0.573022 0.7978668 -0.1555163 -0.9156081 0.3707782 -0.02630823 -0.9846806 -0.1723719 0.07685554 -0.7556455 -0.6504561 -0.05916464 -0.9982143 -0.008241057 0.06608778 -0.8467796 -0.5278227 0.008743643 -0.9195485 -0.3928793 0.09979146 -0.5148968 -0.8514242 -0.1834397 -0.9332109 0.3089779 -0.02314436 -0.9570566 -0.2889758 -0.1941102 -0.474141 0.858785 -0.1940422 -0.4758983 0.8578277 -0.198133 -0.8701136 0.4512712 -0.2019087 -0.8667052 0.4561303 -0.07704919 -0.9950419 -0.06288975 -0.06665313 -0.9863506 -0.1505652 0.05205768 -0.8082809 -0.5864913 -0.2221149 -0.7894749 0.5721839 -0.1150429 -0.9904956 0.07538968 0.03719538 -0.8859487 -0.4622892 -0.2230563 -0.6816527 0.6968469 -0.1538692 -0.9617344 0.2266966 0.08378171 -0.6381552 -0.7653357 -0.2157042 -0.560578 0.7995149 -0.07940882 -0.9818539 -0.1722127 0.07423728 -0.7558028 -0.6505774 0.04875874 -0.7072106 -0.7053197 -0.1391245 -0.9902645 0.004545927 -0.1296183 -0.9897064 -0.06066572 -0.25077 -0.7152507 0.6523273 -0.1720281 -0.9742921 0.1454689 -0.1750018 -0.9717413 0.1584085 0.06427246 -0.5078485 -0.8590454 0.06671369 -0.5900133 -0.8046326 0.07064038 -0.5213338 -0.850424 -0.2441059 -0.5954763 0.765389 -0.2173491 -0.9239664 0.3147149 -0.2124949 -0.9273837 0.3079048 -0.2431713 -0.8576082 0.453184 -0.2467905 -0.8539843 0.4580451 -0.1351452 -0.9873803 -0.08255815 0.01451599 -0.7975089 -0.6031325 -0.2488854 -0.7709569 0.5862436 -0.03806442 -0.8958355 -0.4427525 -0.2811543 -0.712444 0.642943 -0.07712101 -0.9525496 -0.2944515 -0.06481832 -0.9474459 -0.3132808 -0.2559058 -0.9135792 0.3160462 -0.1167742 -0.97811 -0.172234 -0.2789846 -0.7952067 0.5383439 -0.2889357 -0.8399279 0.4593881 -0.1784121 -0.9832397 0.03753602 -0.03318041 -0.8591293 -0.5106818 -0.02186387 -0.8521406 -0.5228559 -0.2154044 -0.9638195 0.1570122 -0.2247511 -0.9587638 0.1739515 -0.06979054 -0.9183937 -0.3894642 -0.27329 -0.6061508 0.7469227 -0.2658562 -0.9146472 0.304534 -0.1361654 -0.9643752 -0.2268028 -0.1244211 -0.9475444 -0.2944129 0.01262098 -0.710362 -0.7037234 0.02008634 -0.6974977 -0.7163054 -0.2407606 -0.4697285 0.8493465 -0.2408292 -0.4641714 0.8523768 -0.3016679 -0.8456181 0.4403709 -0.1828531 -0.9759038 -0.1190655 -0.006048262 -0.8072269 -0.5902103 -0.3170331 -0.7492305 0.5815012 -0.2340347 -0.970303 0.06115359 -0.21367 -0.976856 0.009874045 -0.2934227 -0.6491668 0.7017732 -0.2655789 -0.9482651 0.1739569 -0.1290464 -0.9405463 -0.314197 0.008235394 -0.6357356 -0.771863 -0.02388411 -0.7297382 -0.6833094 -0.03349733 -0.7679085 -0.6396831 -0.06906378 -0.8396947 -0.5386492 -0.2796978 -0.9482874 0.1500674 -0.1054274 -0.9069754 -0.4077753 0.008607804 -0.5216476 -0.8531177 0.005943536 -0.5157036 -0.8567465 0.01938199 -0.5907132 -0.8066487 -0.2906701 -0.5653131 0.7719663 -0.2913069 -0.906848 0.3045769 -0.1827331 -0.9639887 -0.1932213 -0.2719149 -0.4545886 0.8481813 -0.2707859 -0.422989 0.8647285 -0.3218762 -0.843527 0.4299511 -0.2209021 -0.9736399 -0.0568121 -0.05776399 -0.7776899 -0.6259887 -0.3317165 -0.7515392 0.5702219 -0.264216 -0.9624385 0.06246548 -0.1194722 -0.8832947 -0.4533396 -0.329089 -0.910041 0.2520432 -0.1696684 -0.9235507 -0.3438994 -0.2072334 -0.9506234 -0.2310184 -0.2835482 -0.958869 0.01306438 -0.09257847 -0.8428703 -0.5300933 -0.3537917 -0.682352 0.6397088 -0.3037795 -0.9407141 0.1509141 -0.330583 -0.5737103 0.7493807 -0.337382 -0.9069989 0.2520444 -0.3651285 -0.8759753 0.3151962 -0.05434745 -0.6721975 -0.7383745 -0.3673104 -0.8094115 0.4581878 -0.3672119 -0.809631 0.4578788 -0.2621837 -0.9605926 -0.09231185 -0.2645265 -0.9602297 -0.08935731 -0.09214514 -0.7565332 -0.6474308 -0.1158934 -0.8022615 -0.5856153 -0.357103 -0.7248067 0.5891797 -0.3292063 -0.9391204 0.09836709 -0.1558178 -0.8763133 -0.4558464 -0.1586169 -0.8771863 -0.453194 -0.3592291 -0.6084676 0.7076169 -0.2129443 -0.9273341 -0.3077438 -0.2110505 -0.926434 -0.3117335 -0.05147546 -0.6412048 -0.7656413 -0.04631108 -0.631633 -0.7738831 -0.3405256 -0.5199922 0.7833584 -0.3892178 -0.86524 0.316021 -0.2588567 -0.9515076 -0.1662124 -0.4089676 -0.7555817 0.5117048 -0.404848 -0.7906809 0.4592621 -0.3333685 -0.9426903 0.01415908 -0.3308705 -0.9436144 0.01079767 -0.3676483 -0.6670249 0.6480066 -0.3754351 -0.9113066 0.1690228 -0.03918766 -0.5185999 -0.8541185 -0.0379014 -0.5218359 -0.8522034 -0.3375134 -0.515387 0.7876935 -0.3980597 -0.8648718 0.3058519 -0.277198 -0.9361948 -0.216103 -0.09485822 -0.7260158 -0.6811043 -0.3037197 -0.4202353 0.855077 -0.3065057 -0.4095795 0.8592432 -0.3103035 -0.9462141 -0.0916 -0.1465179 -0.8073638 -0.5715736 -0.4159141 -0.6882448 0.5944195 -0.1996357 -0.8672286 -0.4561359 -0.2045379 -0.8686341 -0.451264 -0.4020799 -0.6024824 0.6894539 -0.4048284 -0.901751 0.1515227 -0.2593153 -0.9148896 -0.3094069 -0.2709883 -0.9156094 -0.2970264 -0.4379193 -0.8127379 0.3842967 -0.3292387 -0.9318159 -0.1527128 -0.4252709 -0.7392809 0.5221192 -0.3562028 -0.9344068 -0.001884341 -0.1778977 -0.7872942 -0.590356 -0.4040908 -0.9018523 0.1528823 -0.2403985 -0.8600069 -0.4501073 -0.3855364 -0.5354552 0.7514315 -0.4066542 -0.5663667 0.7168411 -0.423061 -0.8532173 0.3050241 -0.1121286 -0.7062633 -0.6990132 -0.3360329 -0.4139816 0.8459913 -0.3813513 -0.9210324 -0.07918769 -0.1824411 -0.7782998 -0.6008034 -0.4396598 -0.6608443 0.6082631 -0.4056515 -0.9122442 0.05707371 -0.2419725 -0.8585248 -0.452089 -0.4523321 -0.8566532 0.2480743 -0.4465544 -0.8810361 0.1560912 -0.2928716 -0.9032315 -0.3136864 -0.1088182 -0.6237732 -0.7739934 -0.1165159 -0.6489289 -0.7518746 -0.4722769 -0.8025011 0.3646184 -0.3459788 -0.923799 -0.1639938 -0.1670052 -0.7325104 -0.6599529 -0.4735899 -0.74674 0.4670032 -0.4285462 -0.9035121 -0.003756463 -0.2505442 -0.8134317 -0.5249347 -0.456036 -0.8787053 0.1410961 -0.3093766 -0.8700502 -0.3837953 -0.08893537 -0.5247356 -0.8466069 -0.09246766 -0.4963319 -0.8631943 -0.1111394 -0.5947123 -0.7962194 -0.3937841 -0.4839094 0.7815151 -0.3556193 -0.9025512 -0.2427678 -0.3586895 -0.9036996 -0.2338137 -0.1719021 -0.6870856 -0.7059484 -0.3396292 -0.3790667 0.8607906 -0.4005085 -0.9128025 -0.07990491 -0.2051981 -0.7784787 -0.5931818 -0.4749533 -0.6645497 0.5768822 -0.4505012 -0.5744076 0.6834505 -0.4887993 -0.8404993 0.2337438 -0.4961858 -0.8327252 0.2456998 -0.4982477 -0.7777429 0.3832301 -0.4999659 -0.7726232 0.3912642 -0.4199216 -0.8965217 -0.1411194 -0.4955998 -0.7020465 0.5113821 -0.4624584 -0.8866346 0.003367304 -0.4566633 -0.8896267 -0.004805624 -0.269599 -0.7995635 -0.5366699 -0.4958824 -0.6324105 0.5951114 -0.4882696 -0.8612071 0.1411206 -0.3280146 -0.8572213 -0.396961 -0.3414093 -0.8582268 -0.3832579 -0.1436784 -0.5795398 -0.8021783 -0.4361785 -0.492668 0.7530117 -0.3919232 -0.8863865 -0.2464048 -0.4026263 -0.884988 -0.2338551 -0.1902257 -0.6647736 -0.7224197 -0.3681334 -0.3825329 0.8474352 -0.3789124 -0.350795 0.8563692 -0.5362002 -0.7133059 0.4513138 -0.4520705 -0.8807514 -0.1410996 -0.2719507 -0.7588418 -0.5917786 -0.2364421 -0.7340223 -0.6366368 -0.5083115 -0.6309707 0.5860849 -0.5082374 -0.8563208 0.09170317 -0.4952175 -0.8687626 0.00336647 -0.316751 -0.8224834 -0.4724297 -0.468824 -0.5277164 0.7083215 -0.4693284 -0.5305532 0.7058641 -0.5292059 -0.8161212 0.2321364 -0.5310747 -0.8139441 0.2354884 -0.1873511 -0.6463042 -0.7397233 -0.5299043 -0.7564747 0.3833373 -0.4615741 -0.8722594 -0.1615954 -0.223791 -0.6894578 -0.6888872 -0.5059666 -0.8623715 -0.01769661 -0.5327971 -0.6058052 0.5908699 -0.3827775 -0.8413392 -0.3816146 -0.3811367 -0.8413141 -0.3833084 -0.1412718 -0.5017487 -0.8533995 -0.1521871 -0.5393983 -0.828184 -0.1425409 -0.4886549 -0.8607547 -0.4352856 -0.4481624 0.7808181 -0.5635328 -0.7597071 0.3244624 -0.4368921 -0.8650399 -0.24664 -0.3970122 -0.3549343 0.8464059 -0.5576283 -0.6973132 0.4503387 -0.5601071 -0.6916144 0.4560149 -0.2915396 -0.742279 -0.6033461 -0.5408629 -0.6045819 0.5847633 -0.5448292 -0.8343276 0.08401495 -0.5492959 -0.8305908 0.09161341 -0.5053597 -0.5169248 0.6909416 -0.5692133 -0.7882177 0.2338996 -0.5633811 -0.7953588 0.2236204 -0.449702 -0.838292 -0.3082769 -0.1956823 -0.6004984 -0.7753129 -0.589198 -0.7399961 0.3244248 -0.4946122 -0.8541891 -0.160374 -0.4974071 -0.8532333 -0.156777 -0.5367692 -0.8435739 -0.01618498 -0.3558118 -0.7774845 -0.518571 -0.3511465 -0.7767315 -0.5228617 -0.5806934 -0.8096243 0.08546257 -0.4194234 -0.8230137 -0.3830568 -0.1637479 -0.4798632 -0.8619269 -0.5135857 -0.4775853 0.7128407 -0.4753709 -0.4411779 0.7611731 -0.4711374 -0.425419 0.772689 -0.6037486 -0.7370651 0.3036819 -0.2664366 -0.6660564 -0.6966925 -0.2580773 -0.6564903 -0.7088136 -0.5907475 -0.6682518 0.4521692 -0.5926892 -0.6627821 0.4576455 -0.5558356 -0.8284732 -0.06840437 -0.3205714 -0.743124 -0.5873676 -0.5667756 -0.5741091 0.5909011 -0.5655957 -0.5803591 0.5859052 -0.586392 -0.8063296 0.07731163 -0.3875413 -0.7629224 -0.5174564 -0.4258341 -0.7837774 -0.4520601 -0.5334185 -0.4808735 0.6958631 -0.6034787 -0.7666218 0.2193273 -0.4816079 -0.8261656 -0.2924112 -0.2299068 -0.5891611 -0.7746174 -0.2470774 -0.6060014 -0.7561184 -0.5382743 -0.8277445 -0.158429 -0.5438112 -0.8254874 -0.1511293 -0.3296756 -0.6899123 -0.644465 -0.6202281 -0.6361572 0.4589348 -0.5844312 -0.8105314 -0.03845959 -0.6239055 -0.7773379 0.08054715 -0.6270027 -0.7623754 0.1601606 -0.1996163 -0.50246 -0.8412415 -0.6327768 -0.7091262 0.31102 -0.6308339 -0.7130376 0.3059837 -0.4182294 -0.3094791 0.8539947 -0.4238569 -0.319016 0.8476875 -0.6274283 -0.6339311 0.4521781 -0.3836569 -0.7113933 -0.5888352 -0.3347062 -0.685243 -0.6468491 -0.5932417 -0.5505219 0.5873585 -0.5958359 -0.5365557 0.5975679 -0.623939 -0.7773207 0.08045268 -0.435873 -0.7784028 -0.4517785 -0.5183948 -0.7971684 -0.3094984 -0.5077406 -0.7994764 -0.3209939 -0.2756615 -0.5875821 -0.7607613 -0.5753021 -0.7961696 -0.1874607 -0.6518603 -0.604932 0.4573134 -0.6239407 -0.7773184 -0.08046078 -0.6528714 -0.7339008 0.1874797 -0.4891316 -0.7771105 -0.3960423 -0.2157089 -0.4620392 -0.8602264 -0.5640155 -0.4314339 0.7040961 -0.5170134 -0.3872704 0.7633601 -0.5166773 -0.386533 0.7639613 -0.6661512 -0.6785708 0.3094906 -0.6668668 -0.6770509 0.3112729 -0.3322823 -0.6435022 -0.6895603 -0.6559513 -0.6033468 0.4535421 -0.6239615 -0.7772934 -0.08054256 -0.4073613 -0.6871897 -0.6015206 -0.6313022 -0.5186799 0.5765663 -0.66438 -0.7463757 0.03902018 -0.4962208 -0.7380816 -0.4571656 -0.4650494 -0.7199338 -0.5151935 -0.5718922 -0.4341214 0.6960446 -0.5599813 -0.7705998 -0.3042976 -0.55435 -0.7719978 -0.3109915 -0.2829382 -0.5528478 -0.7837764 -0.6086801 -0.7770822 -0.1601619 -0.6731784 -0.5817496 0.4565067 -0.6648914 -0.5420614 0.5138958 -0.6610704 -0.7463374 -0.07724314 -0.6314897 -0.4857814 0.6043487 -0.6889661 -0.7090081 0.1504435 -0.6918877 -0.7047932 0.1567097 -0.2388917 -0.453688 -0.8585441 -0.2767747 -0.5268263 -0.8036479 -0.2377585 -0.4713599 -0.8492884 -0.539757 -0.3556732 0.7629934 -0.6990249 -0.6452847 0.3081752 -0.6982114 -0.6380398 0.3246627 -0.6002127 -0.7403993 -0.3025783 -0.6179141 -0.7550366 -0.2193213 -0.365448 -0.6123065 -0.7010908 -0.3500453 -0.615121 -0.7064663 -0.4405228 -0.2713415 0.8557531 -0.4342402 -0.2622535 0.8617764 -0.6644961 -0.7426458 -0.08319944 -0.4499993 -0.6918395 -0.5646758 -0.6885837 -0.7218855 0.06880283 -0.530066 -0.7270501 -0.4363809 -0.7260231 -0.6441593 0.2407267 -0.6006865 -0.7388811 -0.3053367 -0.7188243 -0.5790881 0.384641 -0.6726238 -0.7235645 -0.1550213 -0.709319 -0.704881 0.003036737 -0.6338421 -0.409617 0.6560931 -0.7154706 -0.6808383 0.1567193 -0.5521843 -0.697203 -0.4571658 -0.304251 -0.5096595 -0.8047848 -0.5298866 -0.3216462 0.7847063 -0.3752991 -0.5888364 -0.7158368 -0.7208421 -0.5192089 0.4591393 -0.4589251 -0.6676275 -0.5862262 -0.6619547 -0.4648689 0.5879737 -0.7430177 -0.6644923 0.07984048 -0.5525664 -0.6943907 -0.4609685 -0.6283937 -0.3834838 0.6768025 -0.6369797 -0.3938643 0.6626672 -0.7483715 -0.6246063 0.2231752 -0.6294541 -0.7006471 -0.335978 -0.3653222 -0.5527999 -0.7489673 -0.7303557 -0.5701144 0.3762314 -0.6781957 -0.7158991 -0.1659489 -0.4496021 -0.6243408 -0.6387931 -0.6956655 -0.47038 0.5429478 -0.7294811 -0.4965674 0.4704021 -0.7223966 -0.6914358 -0.007725954 -0.5216076 -0.6620903 -0.5381097 -0.7688933 -0.6177601 0.1648498 -0.6282947 -0.680471 -0.3771008 -0.2848973 -0.4308806 -0.8562566 -0.2840723 -0.4369004 -0.8534758 -0.6112338 -0.331297 0.7187737 -0.5610529 -0.31366 0.7660529 -0.7515166 -0.5707574 0.3308455 -0.6825745 -0.6962019 -0.2222501 -0.4497213 -0.2114896 0.867769 -0.4678328 -0.2290953 0.8536087 -0.7457796 -0.4913169 0.4499117 -0.7332121 -0.674572 -0.08574849 -0.7337722 -0.6754431 -0.07317894 -0.5165024 -0.6213026 -0.5892438 -0.4632672 -0.6053408 -0.6472604 -0.6965709 -0.4028873 0.5936924 -0.7556642 -0.6501549 0.079185 -0.5775876 -0.674348 -0.4600514 -0.3747151 -0.5176937 -0.7691436 -0.5211647 -0.2483422 0.8165253 -0.7401125 -0.6565359 -0.1455821 -0.7748525 -0.6320083 0.01300168 -0.5780028 -0.6269133 -0.5223911 -0.7802354 -0.6057211 0.1559959 -0.6369663 -0.6671651 -0.3862184 -0.3034796 -0.4197214 -0.8554146 -0.3032212 -0.4291967 -0.8507921 -0.7891297 -0.5278433 0.3140949 -0.7851537 -0.5433024 0.2972477 -0.7009107 -0.6708545 -0.2422362 -0.4028214 -0.5143755 -0.7570685 -0.4454614 -0.5428212 -0.7119755 -0.7575975 -0.4748429 0.4478508 -0.5241299 -0.6145277 -0.5896131 -0.7160564 -0.3940432 0.5761885 -0.8009783 -0.5916287 0.09170162 -0.7921944 -0.6102619 -0.002898573 -0.6347304 -0.6243194 -0.4553489 -0.6305822 -0.3204767 0.7068668 -0.8003119 -0.556063 0.224265 -0.7008643 -0.6458042 -0.3028634 -0.6975324 -0.6426978 -0.3168409 -0.5707126 -0.2388283 0.7856514 -0.7491135 -0.6437602 -0.156211 -0.5205678 -0.5731754 -0.6328342 -0.7568571 -0.4179602 0.5024704 -0.7950819 -0.6062975 -0.01575058 -0.7906571 -0.6050626 -0.09359794 -0.5856348 -0.6194809 -0.5227575 -0.7220058 -0.3468545 0.5986648 -0.6795881 -0.3236746 0.6583273 -0.8218159 -0.5438922 0.1697058 -0.6934274 -0.6146749 -0.375943 -0.5854164 -0.2418786 0.7738103 -0.6017654 -0.2516791 0.7579816 -0.8159222 -0.4971008 0.2952318 -0.7545758 -0.6143344 -0.23067 -0.4815729 -0.5306333 -0.6975068 -0.484744 -0.1718655 0.8576045 -0.4869387 -0.1767675 0.8553619 -0.7938109 -0.4095293 0.449611 -0.5762972 -0.5670837 -0.5884706 -0.7293176 -0.3448334 0.5909193 -0.8295559 -0.5508592 0.09160375 -0.8204984 -0.5676177 0.06776952 -0.6436127 -0.6148205 -0.4558054 -0.6648671 -0.26248 0.6993254 -0.8255891 -0.4606279 0.3259211 -0.8052219 -0.4502105 0.3859123 -0.7979252 -0.5866263 -0.1385098 -0.8219513 -0.5693399 -0.01575505 -0.6406409 -0.5779278 -0.5055479 -0.8465005 -0.5046677 0.1695504 -0.8449854 -0.5091704 0.1635396 -0.7055503 -0.589839 -0.3927959 -0.3387586 -0.3777951 -0.8616922 -0.383353 -0.4346185 -0.8149523 -0.3508508 -0.4043204 -0.8446472 -0.8399262 -0.4493952 0.3042498 -0.7871357 -0.575927 -0.2207386 -0.76814 -0.5901874 -0.2482734 -0.4830883 -0.5173126 -0.7064087 -0.5200437 -0.1600606 0.8390085 -0.8047389 -0.3818126 0.4545486 -0.8050854 -0.3878835 0.4487581 -0.8322601 -0.5504678 -0.06579017 -0.6062946 -0.5454277 -0.5787189 -0.5844436 -0.5501295 -0.5964757 -0.7557235 -0.318571 0.572184 -0.8481656 -0.5256614 0.06553882 -0.6939783 -0.5641093 -0.447409 -0.6885792 -0.2495191 0.680881 -0.8658281 -0.4728581 0.1635445 -0.749761 -0.576135 -0.3254641 -0.4530699 -0.4514626 -0.7687062 -0.5399397 -0.5078359 -0.6712436 -0.8432376 -0.5319418 -0.07738441 -0.8621014 -0.5066879 0.006955921 -0.8638404 -0.4751445 0.167384 -0.3469497 -0.3519617 -0.8693383 -0.4335358 -0.4393689 -0.7867666 -0.6185167 -0.1908562 0.7622407 -0.6075541 -0.1818825 0.7731732 -0.6631764 -0.2046297 0.719947 -0.8586163 -0.4135558 0.3029021 -0.8590921 -0.4077095 0.3094086 -0.797102 -0.5562291 -0.2350268 -0.5332278 -0.4792201 -0.6971487 -0.4941602 -0.120149 0.8610284 -0.8207925 -0.3392691 0.4595607 -0.8216532 -0.345705 0.4531822 -0.6116991 -0.5303429 -0.5869928 -0.7550559 -0.2679383 0.5984144 -0.7584935 -0.2743225 0.5911301 -0.8823055 -0.4661001 0.06548106 -0.8721029 -0.4892731 0.00695604 -0.699303 -0.5312219 -0.4783082 -0.8882181 -0.4268351 0.1699427 -0.7970941 -0.5213457 -0.3046961 -0.4902673 -0.440324 -0.7521653 -0.8466487 -0.5136309 -0.1391732 -0.8420265 -0.5117394 -0.1706283 -0.5954281 -0.4743788 -0.6484058 -0.8335227 -0.3048204 0.4607869 -0.6662709 -0.5087867 -0.5451781 -0.8961503 -0.417501 0.150358 -0.7608906 -0.529725 -0.3747494 -0.3893625 -0.3655074 -0.8454591 -0.8744048 -0.3747125 0.3082319 -0.8733034 -0.3619521 0.3260858 -0.8070895 -0.5057364 -0.3046924 -0.8396627 -0.4906544 -0.2328618 -0.5253399 -0.1042067 0.8444874 -0.8418956 -0.2978281 0.4500114 -0.8841606 -0.4604213 -0.07919764 -0.6561922 -0.4797005 -0.582494 -0.6035897 -0.4565215 -0.653657 -0.7780647 -0.2360909 0.5821308 -0.8958856 -0.4394329 0.06548112 -0.7369847 -0.5057994 -0.4483531 -0.7378698 -0.5056454 -0.4470692 -0.7170648 -0.1773519 0.6740655 -0.903762 -0.3665531 0.2210274 -0.4873431 -0.4062179 -0.7729707 -0.6210782 -0.128424 0.7731553 -0.887861 -0.3245989 0.326096 -0.5994228 -0.4472972 -0.6637902 -0.9090095 -0.4167174 -0.006956279 -0.7747777 -0.2047586 0.5981584 -0.7310492 -0.1776006 0.6588058 -0.9056754 -0.3961247 0.15112 -0.8013151 -0.4760442 -0.3623203 -0.7662922 -0.460172 -0.4483726 -0.4078209 -0.3433858 -0.8460309 -0.3998356 -0.3268268 -0.8563386 -0.6358973 -0.1258575 0.7614424 -0.8996281 -0.3142879 0.3031376 -0.8479028 -0.4705495 -0.2442208 -0.5093047 -0.07874995 0.8569756 -0.5036565 -0.07597547 0.8605568 -0.8447851 -0.2535409 0.4712272 -0.853468 -0.262877 0.4499868 -0.889993 -0.4471036 -0.08950304 -0.889863 -0.4298532 -0.1528725 -0.6866724 -0.4614892 -0.5617018 -0.9234864 -0.3735501 0.08736896 -0.7658259 -0.457699 -0.4516884 -0.9144512 -0.3389886 0.221056 -0.8435975 -0.4394099 -0.3086459 -0.5294936 -0.3925672 -0.7520155 -0.8860467 -0.2516263 0.3893656 -0.8925208 -0.4193945 -0.1658761 -0.8292701 -0.1877649 0.5263605 -0.9269101 -0.3750355 0.01364451 -0.9210216 -0.3894494 -0.006955444 -0.6925477 -0.4261882 -0.5820148 -0.9339497 -0.3207776 0.1576065 -0.6612956 -0.09857708 0.74362 -0.9066096 -0.2927416 0.3039104 -0.4927039 -0.04626154 0.8689665 -0.6886559 -0.4177201 -0.5926744 -0.7755368 -0.4210614 -0.470372 -0.9344766 -0.2684273 0.2338806 -0.8491073 -0.4178875 -0.3230895 -0.8662515 -0.4010825 -0.2978944 -0.5248349 -0.3603182 -0.7711803 -0.6112884 -0.05804723 0.7892763 -0.8991912 -0.2267694 0.3742069 -0.9153875 -0.3791353 -0.1353591 -0.6328783 -0.3982581 -0.6639696 -0.8397825 -0.1752719 0.513853 -0.9401704 -0.3402787 -0.01702839 -0.7562872 -0.3933544 -0.5227828 -0.7449011 -0.106005 0.6586997 -0.7573953 -0.1206241 0.6417181 -0.9405455 -0.30548 0.148513 -0.8230293 -0.4032526 -0.4000129 -0.5022602 -0.3344699 -0.7974112 -0.4280769 -0.2973172 -0.8534358 -0.4285669 -0.2979517 -0.8529684 -0.6295813 -0.05962729 0.7746431 -0.9238279 -0.2132345 0.3179201 -0.6115189 -0.3684661 -0.7001982 -0.5333591 -0.02900344 0.8453916 -0.8618214 -0.1717422 0.4772511 -0.9267556 -0.3385385 -0.1628368 -0.7011592 -0.3962085 -0.5927855 -0.8054819 -0.1304 0.5780958 -0.9534687 -0.3014346 0.005877792 -0.9523532 -0.2908856 0.09169936 -0.9389849 -0.2522197 0.2338646 -0.8712633 -0.3819872 -0.308198 -0.9267443 -0.3389729 -0.1619955 -0.616926 -0.3415492 -0.7090462 -0.6777963 -0.3469865 -0.6482226 -0.957461 -0.2880195 -0.01769846 -0.7616415 -0.358972 -0.5394825 -0.7632208 -0.07409536 0.6418754 -0.9572533 -0.2302073 0.1751304 -0.8599798 -0.341765 -0.3789874 -0.5157148 -0.3019074 -0.8018043 -0.4224847 -0.2479847 -0.8717857 -0.6627654 -0.0307582 0.7481952 -0.9296627 -0.1987187 0.3102227 -0.9086416 -0.3368821 -0.2467407 -0.5174125 0.005782604 0.8557166 -0.5324677 -9.22658e-4 0.8464499 -0.8889568 -0.1421841 0.4353613 -0.6901621 -0.3351283 -0.6413777 -0.8421118 -0.08687174 0.5322602 -0.9682555 -0.2325745 0.09159964 -0.9682314 -0.2327719 0.09135198 -0.8214043 -0.3557571 -0.4457935 -0.7153166 -0.02988767 0.6981611 -0.9550064 -0.177586 0.2375416 -0.8997631 -0.3116052 -0.3054975 -0.8710363 -0.3148812 -0.3770221 -0.5924085 -0.3169532 -0.7406705 -0.6302192 0.001949608 0.7764148 -0.9168668 -0.1469708 0.3711532 -0.9435716 -0.2897492 -0.1603681 -0.9449736 -0.2871416 -0.156763 -0.8517132 -0.08290332 0.5174087 -0.8800612 -0.1005469 0.4640932 -0.9669951 -0.254278 -0.01622509 -0.786901 -0.3345555 -0.5185167 -0.7858743 -0.3348995 -0.5198499 -0.7572805 -0.05086165 0.6511062 -0.8683005 -0.3089115 -0.3881082 -0.4611067 -0.2494762 -0.8515529 -0.4948263 -0.2685326 -0.8264605 -0.9407609 -0.1225574 0.3161467 -0.9705377 -0.2281937 -0.0773577 -0.7982038 -0.02831637 0.6017217 -0.9756587 -0.2063257 0.07429474 -0.9612596 -0.1594542 0.2248429 -0.9183216 -0.2793393 -0.2804551 -0.5511727 -0.2664369 -0.7907085 -0.5750063 -0.2740443 -0.7708875 -0.9208738 -0.0739687 0.3827793 -0.9426239 -0.1072929 0.3161463 -0.9538539 -0.2553793 -0.1579371 -0.7049278 -0.2898452 -0.6473535 -0.6916785 -0.2965224 -0.6585251 -0.8448476 -0.02966773 0.5341838 -0.8530694 -0.04317802 0.5200079 -0.983708 -0.1797704 -0.001129806 -0.8019881 -0.2882045 -0.5232144 -0.802911 -0.2878381 -0.5219992 -0.7534452 0.02333432 0.6570965 -0.9779887 -0.1480083 0.1470769 -0.976027 -0.1436311 0.1635276 -0.870445 -0.2615416 -0.4170389 -0.4456506 -0.2135183 -0.8693706 -0.6599546 0.04154467 0.7501561 -0.9479383 -0.2222244 -0.2280995 -0.5199616 0.05127865 0.852649 -0.5190743 0.05159527 0.8531705 -0.9743786 -0.2109697 -0.07796257 -0.7169706 -0.2632514 -0.6454859 -0.7518558 -0.2589122 -0.6063641 -0.7091817 0.04111808 0.7038258 -0.7535314 0.02009999 0.6571046 -0.9809846 -0.1044897 0.1635572 -0.9655462 -0.08301246 0.2466364 -0.9193814 -0.2458047 -0.307112 -0.5981159 -0.2548406 -0.7598116 -0.6126061 -0.2547206 -0.7482188 -0.6337808 0.06250238 0.7709833 -0.9227914 -0.05071586 0.3819473 -0.9165603 -0.03996741 0.3978943 -0.9705512 -0.179511 -0.1606432 -0.9545459 -0.1930855 -0.2270683 -0.8584565 0.001481473 0.5128844 -0.9898916 -0.1416557 0.006955385 -0.9887941 -0.1492513 -0.003198683 -0.8293843 -0.2512139 -0.4990124 -0.9860336 -0.09120148 0.1393558 -0.8983076 -0.2273852 -0.3759513 -0.8955456 -0.2273306 -0.3825164 -0.4853281 -0.2109934 -0.8484919 -0.6384338 0.07153344 0.7663455 -0.955542 -0.03324401 0.292975 -0.6723608 -0.226126 -0.704839 -0.5031461 0.08438521 0.8600716 -0.9167183 -0.001002192 0.399533 -0.8458248 0.04648411 0.5314316 -0.7998366 0.04721242 0.5983581 -0.9948217 -0.1013979 0.006955504 -0.8711733 -0.2002876 -0.4482655 -0.9676461 -0.05358076 0.2465566 -0.9383403 -0.1671567 -0.3026157 -0.6325824 -0.2217311 -0.7420747 -0.9254161 0.01270312 0.3787397 -0.9807936 -0.1416617 -0.1340742 -0.8495516 0.05020767 0.5251109 -0.9963805 -0.08291167 -0.01875275 -0.8246324 -0.2217778 -0.5203809 -0.7599092 0.09429442 0.6431537 -0.9889848 -0.04989182 0.1393548 -0.9866961 -0.03871208 0.157899 -0.4772394 -0.168968 -0.862376 -0.526934 -0.1912568 -0.8281071 -0.5016028 -0.1860935 -0.8448455 -0.9557546 -0.006534576 0.2940925 -0.5231623 0.1049809 0.8457425 -0.9816767 -0.1131463 -0.1533257 -0.7887406 -0.1997851 -0.5813556 -0.77264 -0.1982989 -0.6030796 -0.8699585 -0.1861177 -0.4566535 -0.712323 0.1099258 0.6931899 -0.9723613 0.0189321 0.232712 -0.9369177 -0.1582179 -0.3116926 -0.5912566 -0.1821898 -0.7856351 -0.5808944 -0.1806821 -0.7936723 -0.6207726 0.1245676 0.7740313 -0.9168218 0.05876678 0.3949484 -0.9239566 0.04578381 0.3797474 -0.7462393 -0.1806144 -0.6407069 -0.998043 -0.05965411 -0.01875209 -0.9990847 -0.04260659 0.003817617 -0.8386344 -0.153206 -0.5227048 -0.759629 0.09801852 0.6429278 -0.9876437 -0.01331603 0.1561495 -0.9078061 -0.1375155 -0.396204 -0.9159651 -0.1339638 -0.3782348 -0.4692638 -0.1425533 -0.8714758 -0.6379256 0.1368203 0.7578464 -0.6900865 0.1394662 0.7101618 -0.9682517 -0.0905236 -0.2330108 -0.9724294 -0.08983147 -0.2152009 -0.6867644 -0.1865358 -0.7025375 -0.4909691 0.129882 0.8614407 -0.7883515 0.1219214 0.6030234 -0.9999262 -0.01115733 0.004818141 -0.9972063 0.0170685 0.07272005 -0.9718257 0.04822236 0.2307146 -0.9694426 0.05471295 0.2391391 -0.9505209 -0.07573771 -0.3012871 -0.9200439 -0.105436 -0.3773627 -0.6331911 -0.1573632 -0.7578297 -0.638916 -0.1571866 -0.7530462 -0.9193754 0.07924872 0.3853164 -0.9865809 -0.03090369 -0.1603219 -0.7429523 -0.1642699 -0.6488739 -0.8327367 0.1339253 0.5372276 -0.8511073 0.120748 0.510917 -0.8472626 -0.1205266 -0.5173196 -0.8356519 -0.1333367 -0.5328295 -0.7359071 0.1680566 0.6558946 -0.5084261 -0.1337448 -0.8506557 -0.5167863 -0.1081724 -0.849253 -0.9668892 0.08612006 0.2402261 -0.9463388 0.1115694 0.303307 -0.6968002 -0.1273745 -0.7058649 -0.6596801 -0.1289873 -0.7403948 -0.5097938 0.152745 0.8466281 -0.8891904 0.1249756 0.440138 -0.996613 0.01982444 -0.07980906 -0.7837318 -0.1225228 -0.6088945 -0.995945 0.04991859 0.07484334 -0.99371 0.05593907 0.09701192 -0.8500912 -0.09826868 -0.517386 -0.8900135 -0.07004773 -0.4505209 -0.9436333 -0.04477387 -0.3279502 -0.6179925 0.1835016 0.7644687 -0.9081919 0.1550346 0.3887824 -0.985935 -0.01701611 -0.1662609 -0.7650963 -0.1027407 -0.6356666 -0.8365899 0.1574856 0.5247054 -0.997484 0.07087749 -0.001445412 -0.747406 0.1908471 0.6363661 -0.9807808 0.1160454 0.1568521 -0.8923106 -0.04700213 -0.4489685 -0.5345464 -0.101549 -0.8390161 -0.5313246 -0.1010478 -0.8411204 -0.6273848 0.1974687 0.7532559 -0.9437519 0.1302167 0.3039343 -0.9706928 0.008411645 -0.2401763 -0.7191382 -0.09680479 -0.6880909 -0.4891245 0.1822639 0.8529579 -0.4813884 0.1829984 0.8571912 -0.9012227 0.1893215 0.3898141 -0.8637244 0.1859412 0.4684079 -0.9959353 0.03918135 -0.08110332 -0.8044598 -0.06010812 -0.5909581 -0.7943636 0.2020907 0.5728401 -0.8877005 -0.03748887 -0.4588927 -0.9569689 0.1640585 0.2393644 -0.9495586 -0.01172244 -0.3133707 -0.6189807 -0.09541094 -0.7795895 -0.9022734 0.1913176 0.3863939 -0.9865347 0.06455534 -0.1502725 -0.8222451 0.2314366 0.519952 -0.9958706 0.08999967 -0.01190924 -0.7100716 0.2248417 0.6672665 -0.9804853 0.132511 0.1452222 -0.9209287 0.01826 -0.389303 -0.4919263 -0.07033324 -0.8677913 -0.5964338 0.2260784 0.7701657 -0.9518768 0.1903666 0.2401896 -0.9698972 0.04702877 -0.2389308 -0.9734292 0.06163418 -0.2205374 -0.6400482 -0.07042783 -0.7651002 -0.6889759 -0.06767714 -0.7216176 -0.989835 0.1167083 -0.08127599 -0.8016609 -0.04677796 -0.595946 -0.8095973 -0.03620028 -0.5858684 -0.985542 0.1525561 0.07371312 -0.985337 0.1528608 0.07579261 -0.8888419 -0.0113542 -0.4580733 -0.9528731 0.2010886 0.2271477 -0.9029307 0.2287466 0.363856 -0.7101752 -0.03750407 -0.7030254 -0.8233518 0.2376643 0.5153712 -0.8509504 0.01744621 -0.5249563 -0.810402 4.36529e-4 -0.5858741 -0.7232175 0.2551104 0.6417749 -0.9203734 0.04613602 -0.3883094 -0.9235749 0.05316644 -0.379714 -0.6065869 0.2586734 0.7517582 -0.962235 0.0986694 -0.2537093 -0.7043216 -0.02605628 -0.7094027 -0.4660945 0.2279988 0.8548523 -0.4703032 0.2279582 0.8525549 -0.876025 0.2754865 0.3958374 -0.8462911 0.2648879 0.4621967 -0.985427 0.1421862 -0.09336322 -0.9845505 0.1622202 -0.06591498 -0.7985855 0.006591379 -0.6018453 -0.7695323 0.2726233 0.5774917 -0.9745402 0.2009225 0.09950584 -0.6901456 0.2928922 0.6617501 -0.9389274 0.2476195 0.2389559 -0.9433318 0.2406651 0.2284851 -0.9217003 0.08989822 -0.3773419 -0.5717049 0.2742314 0.7732726 -0.8773031 0.2787076 0.3907192 -0.7911043 0.3092063 0.527774 -0.9795196 0.1862621 -0.07647067 -0.860372 0.04767346 -0.5074321 -0.6940013 0.3004378 0.654293 -0.9148174 0.1013972 -0.3909319 -0.5268392 -0.0313546 -0.8493865 -0.5011407 -0.02133768 -0.8651028 -0.5738481 -0.03039968 -0.8183974 -0.9279794 0.2848805 0.2402026 -0.9616136 0.1463626 -0.2321149 -0.961691 0.1466521 -0.2316107 -0.7222525 0.003774821 -0.6916193 -0.7886203 0.3296161 0.5190678 -0.9647578 0.251809 0.07638496 -0.9678952 0.2439783 0.06044375 -0.9278288 0.293249 0.2305184 -0.6164299 -0.002200424 -0.7874068 -0.6142861 -0.002435028 -0.7890796 -0.8750014 0.3164563 0.3663714 -0.964447 0.2161554 -0.1520488 -0.7628486 0.06048548 -0.6437419 -0.7883861 0.3289343 0.5198554 -0.9696906 0.2443232 0.002541601 -0.8516218 0.09638363 -0.5152189 -0.8456104 0.08275765 -0.5273464 -0.6923185 0.3302393 0.6415895 -0.9185321 0.1421074 -0.3689233 -0.4990306 0.005701363 -0.8665655 -0.582918 0.3198421 0.7469322 -0.9122931 0.3353077 0.2351382 -0.9554648 0.1806592 -0.2333434 -0.7058213 0.03284496 -0.707628 -0.4511924 0.2758613 0.8487201 -0.4426985 0.2749143 0.8534871 -0.8495079 0.3558035 0.3895384 -0.9595484 0.2378869 -0.1505885 -0.9639894 0.2605316 -0.05336445 -0.7666205 0.06718415 -0.638576 -0.7666854 0.3721547 0.5231582 -0.9493241 0.2980338 0.0997976 -0.6595849 0.3604216 0.6595786 -0.9120309 0.3380463 0.2322161 -0.928852 0.2068106 -0.3073488 -0.6775287 0.03600358 -0.7346146 -0.8502156 0.3645485 0.3797864 -0.9522837 0.2506952 -0.1740909 -0.7668017 0.3738588 0.5217708 -0.8449965 0.1123102 -0.5228455 -0.6627524 0.368573 0.6518537 -0.9063337 0.1678715 -0.3877864 -0.4847256 0.0521329 -0.8731113 -0.5573887 0.02776366 -0.8297874 -0.5361989 0.02670609 -0.843669 -0.5416809 0.3341053 0.7713336 -0.895173 0.3777886 0.2365188 -0.4210029 0.2894437 0.8596389 -0.9550511 0.2879348 -0.07050585 -0.7991739 0.1390905 -0.5847862 -0.7476117 0.4060604 0.5255395 -0.9344985 0.3463764 0.08207273 -0.9401825 0.3341894 0.06613892 -0.8740742 0.1796929 -0.4513365 -0.8723157 0.1780575 -0.4553688 -0.894441 0.3832618 0.2304032 -0.9207633 0.2374261 -0.3095544 -0.9207767 0.2375838 -0.3093931 -0.6349046 0.06754314 -0.7696323 -0.8344933 0.4016928 0.3771789 -0.8286892 0.4065727 0.3846721 -0.9410514 0.3026412 -0.1510977 -0.9413522 0.2900767 -0.1723703 -0.7503337 0.09944587 -0.6535364 -0.7480395 0.4137384 0.5189003 -0.9427975 0.3332903 -0.007091522 -0.7963933 0.1593829 -0.5833994 -0.6565883 0.3984292 0.6404263 -0.8659595 0.2179027 -0.4501473 -0.6103109 0.06467872 -0.7895171 -0.5214024 0.08285325 -0.8492791 -0.5456637 0.3644105 0.7546232 -0.8753923 0.422495 0.2349178 -0.7005752 0.1123238 -0.7046827 -0.4331166 0.3281424 0.8394836 -0.9334514 0.353223 -0.06246626 -0.9311308 0.3323822 -0.1500581 -0.7831903 0.1718258 -0.5975691 -0.916605 0.3923181 0.07695353 -0.9163807 0.3926612 0.07786864 -0.8574045 0.2269411 -0.4619039 -0.6246449 0.4193268 0.6587743 -0.873817 0.4307033 0.2256957 -0.9085066 0.2878955 -0.302873 -0.9078408 0.2795392 -0.3125429 -0.6666009 0.1017984 -0.738431 -0.5098998 0.3848658 0.7693377 -0.8122755 0.4418111 0.3808037 -0.8066125 0.4459531 0.3879461 -0.9227969 0.3437815 -0.1739543 -0.7205563 0.4498001 0.5277106 -0.7294367 0.445722 0.5188969 -0.9222553 0.3817096 -0.06117957 -0.915775 0.401569 -0.009931445 -0.6260018 0.4362719 0.6463657 -0.5247868 0.08434772 -0.8470445 -0.5499347 0.08551102 -0.8308187 -0.5133807 0.3994794 0.7595106 -0.8962454 0.3240544 -0.3028745 -0.7117813 0.1535183 -0.6854193 -0.3866969 0.3325995 0.8601413 -0.7863621 0.4807629 0.3879454 -0.7880073 0.2135291 -0.5774512 -0.7033364 0.4762775 0.5277099 -0.8888117 0.443424 0.1157113 -0.8580103 0.2709086 -0.4363794 -0.8460721 0.4676628 0.2558388 -0.8886981 0.3321074 -0.3161018 -0.6206168 0.1203649 -0.7748207 -0.7854648 0.4904425 0.3775066 -0.9062882 0.3945112 -0.1516661 -0.9078837 0.3814286 -0.1739521 -0.7031763 0.4876813 0.5174071 -0.8998187 0.434446 -0.03978878 -0.5933849 0.4641962 0.6575836 -0.608664 0.4601828 0.6463435 -0.8367587 0.3013777 -0.4571723 -0.8283703 0.514023 0.2226724 -0.672297 0.1736435 -0.7196281 -0.3921191 0.3640611 0.844809 -0.8908506 0.4282359 -0.1516547 -0.7789262 0.2220361 -0.5864929 -0.8809263 0.4663429 0.08058059 -0.831281 0.304066 -0.4653127 -0.8285003 0.505245 0.2414842 -0.8750392 0.366585 -0.3161038 -0.8750241 0.3776185 -0.3028814 -0.6306481 0.1681767 -0.7576276 -0.6174618 0.1580894 -0.7705509 -0.472869 0.4374334 0.7648836 -0.7562763 0.5208306 0.3959565 -0.8859723 0.4345973 -0.1617971 -0.7296661 0.2315023 -0.6434237 -0.6754557 0.518094 0.5247267 -0.6818932 0.5158573 0.518568 -0.8780001 0.4786313 0.005283951 -0.8784548 0.4778184 0.002595186 -0.7949607 0.2896561 -0.5330446 -0.5849722 0.4913036 0.6453126 -0.8474473 0.5107609 0.1447634 -0.5083801 0.1325162 -0.8508754 -0.5076112 0.1326251 -0.8513175 -0.4754952 0.4457859 0.7584057 -0.8591979 0.4123656 -0.3028758 -0.3554707 0.3645525 0.8606637 -0.3500061 0.3887572 0.8522697 -0.7524625 0.2942016 -0.5892755 -0.7198221 0.2474641 -0.6485505 -0.8564294 0.5162204 0.006726324 -0.8433692 0.5294572 0.09167063 -0.8252189 0.3556704 -0.4387623 -0.5492138 0.5108139 0.6613876 -0.8112389 0.5393609 0.2257906 -0.8529962 0.4179939 -0.3125358 -0.4269822 0.4828324 0.7645646 -0.7307844 0.5613815 0.3883361 -0.7457436 0.5538428 0.3703035 -0.8676732 0.4700725 -0.1617875 -0.8649548 0.4788637 -0.1501426 -0.6468601 0.5505511 0.5276983 -0.6516569 0.5490568 0.5233354 -0.8492509 0.527699 -0.01751047 -0.5500007 0.5171185 0.6558107 -0.8052253 0.5718819 0.156727 -0.8006809 0.3838237 -0.4599885 -0.493556 0.1800274 -0.8508775 -0.4362761 0.484826 0.7580283 -0.7651623 0.5695911 0.3001544 -0.833568 0.4575424 -0.3095471 -0.6717703 0.2509554 -0.6969549 -0.6044691 0.2248777 -0.7642297 -0.7062885 0.5910605 0.3896203 -0.844491 0.5137128 -0.1514402 -0.7486202 0.2992383 -0.5916284 -0.6230592 0.5773507 0.5276963 -0.8267437 0.5552909 0.0902602 -0.801257 0.3835992 -0.459172 -0.762856 0.5959351 0.2508229 -0.8336888 0.4574341 -0.3093817 -0.6205098 0.2227832 -0.7518879 -0.7038096 0.601196 0.3784382 -0.8381948 0.5202735 -0.1635391 -0.6930589 0.3147473 -0.6485396 -0.6221401 0.5822985 0.5233261 -0.8201737 0.5721127 0.001509249 -0.826399 0.5628127 -0.01750993 -0.7607729 0.3612993 -0.5391543 -0.4989598 0.5571243 0.663816 -0.5277929 0.5640176 0.6350739 -0.7927144 0.5918688 0.1459287 -0.7862169 0.5977627 0.1566619 -0.5299555 0.2028255 -0.8234131 -0.5038095 0.1895298 -0.8427659 -0.7423694 0.6212809 0.2507941 -0.812414 0.4960466 -0.3064661 -0.6821393 0.3278768 -0.6535921 -0.7262385 0.3648506 -0.5826334 -0.5471644 0.5901063 0.5936209 -0.603964 0.6002566 0.5243276 -0.5464352 0.6470552 0.531722 -0.7807545 0.423652 -0.4592835 -0.7809844 0.4345535 -0.448583 -0.7379729 0.6354021 0.2272887 -0.8056526 0.5010112 -0.316088 -0.6676058 0.6287856 0.3986617 -0.6774504 0.6307674 0.3784091 -0.8154589 0.555231 -0.16354 -0.8124396 0.5626394 -0.1529009 -0.6731268 0.3281821 -0.6627192 -0.7958347 0.6055139 9.35146e-5 -0.7940745 0.607809 0.003745675 -0.761745 0.6317283 0.1437492 -0.7627629 0.464681 -0.449738 -0.6800946 0.6597923 0.319602 -0.585559 0.2865524 -0.7582931 -0.6062054 0.646624 0.4630253 -0.5992989 0.6572269 0.4570489 -0.6048171 0.6946631 0.3894092 -0.7886282 0.5962359 -0.1502276 -0.7239322 0.4005128 -0.5617043 -0.7701677 0.6378221 0.004965484 -0.755034 0.6492462 0.09166789 -0.7530596 0.4695892 -0.460855 -0.7221246 0.6530767 0.228094 -0.7815377 0.5408506 -0.3109334 -0.7817003 0.5376399 -0.3160508 -0.5517463 0.2681951 -0.7897136 -0.5899507 0.286766 -0.7548003 -0.6169407 0.6973739 0.3647653 -0.7815337 0.6025384 -0.1617175 -0.7569117 0.6528814 -0.02882069 -0.6952021 0.421845 -0.5820145 -0.7117276 0.6819593 0.1684496 -0.4445019 0.2170704 -0.8690791 -0.6364136 0.7334739 0.2387338 -0.6723512 0.6720041 0.3104099 -0.6786735 0.4224932 -0.600751 -0.7197353 0.6879714 0.09314781 -0.7220723 0.6860226 0.08935648 -0.732878 0.5163738 -0.4429988 -0.7338565 0.4990749 -0.460846 -0.6513693 0.7266002 0.2185637 -0.6681474 0.7071338 0.2313891 -0.7604587 0.580523 -0.291025 -0.7558584 0.6347839 -0.160398 -0.7513628 0.6429645 -0.1484947 -0.6379826 0.387013 -0.665732 -0.7372592 0.6755427 -0.009535372 -0.7185206 0.5301924 -0.450138 -0.4809386 0.2565279 -0.8383862 -0.4881954 0.2603862 -0.8329852 -0.6010336 0.3778134 -0.7042839 -0.5648902 0.3396251 -0.7520331 -0.6692265 0.4631727 -0.5810396 -0.6554278 0.7515034 0.07521331 -0.6617586 0.7446671 0.08687001 -0.6955794 0.7157409 0.06232267 -0.7302018 0.6025222 -0.3221372 -0.7256152 0.6161131 -0.3064105 -0.5221612 0.321806 -0.7898029 -0.718428 0.6740269 -0.1718981 -0.6554278 0.7515033 -0.07521504 -0.6968802 0.7130961 -0.07649767 -0.6665463 0.5302056 -0.524021 -0.7101698 0.5830161 -0.3946532 -0.4262546 0.2601265 -0.8663956 -0.7004724 0.6984254 -0.1467664 -0.6954929 0.7138473 -0.08192425 -0.6590948 0.7475832 -0.08193606 -0.6525405 0.47465 -0.5906761 -0.6701856 0.588643 -0.4520516 -0.696607 0.6473799 -0.3092538 -0.6943617 0.6526224 -0.3032256 -0.5684744 0.4224653 -0.7059463 -0.5966657 0.4621846 -0.6560301 -0.6501298 0.5514397 -0.5227288 -0.6504552 0.5491018 -0.5247812 -0.66066 0.6127883 -0.4336116 -0.4796433 0.3261539 -0.8145955 -0.4238507 0.2882145 -0.8586519 -0.4218156 0.2877265 -0.8598168 -0.6364132 0.7334744 -0.2387331 -0.6662821 0.7097001 -0.2288973 -0.6740505 0.6727184 -0.305133 -0.6438084 0.7301625 -0.2288524 -0.5125675 0.4001696 -0.7596966 -0.4897183 0.3714225 -0.78881 -0.5859307 0.4946239 -0.6418974 -0.603442 0.695851 -0.3894217 -0.6144352 0.6931545 -0.3768373 -0.631806 0.6317057 -0.449187 -0.6333541 0.6758828 -0.3768887 -0.5937614 0.5667737 -0.5711524 -0.5516554 0.5281473 -0.6455515 -0.5510951 0.5126606 -0.658387 -0.5958477 0.6198354 -0.5106559 -0.5620489 0.635922 -0.5288707 -0.5653799 0.6360824 -0.5251141 -0.3947115 0.3364511 -0.8549875 -0.4006529 0.3360473 -0.8523787 -0.526758 0.5905362 -0.6113862 -0.4732781 0.4380407 -0.7642828 -0.4756171 0.4454561 -0.7585231 -0.5416638 0.5353093 -0.6481083 -0.4864301 0.5777 -0.6554759 -0.3888174 0.3589612 -0.8485092 -0.3771035 0.3564581 -0.8548278 -0.4811258 0.5340902 -0.6951731 -0.43752 0.4846441 -0.7574275 -0.4275892 0.4825018 -0.7644341 -0.3521619 0.3978951 -0.847149 -0.3482769 0.3807591 -0.8565779 0.03011369 0.02510571 0.9992311 0.003344237 0.002788066 0.9999905 0.01401704 -0.004765331 0.9998905 0.004222571 0.003865838 0.9999836 -0.001867294 -7.89042e-5 0.9999983 -0.003321468 0.002307057 0.9999919 0.013242 -0.01640194 0.9997779 0.008725225 -0.007868945 0.9999309 -5.08738e-4 0.005533158 0.9999846 -0.01362085 0.01587307 0.9997812 0.01273864 -0.01682001 0.9997774 -2.43076e-4 -0.003113031 0.9999951 -0.01271587 0.009976029 0.9998694 -0.01572895 0.0141083 0.9997768 4.44629e-4 -0.002642869 0.9999965 4.54191e-4 -0.002699732 0.9999963 -0.004282414 -0.003884494 0.9999833 -0.01995432 0.001706779 0.9997995 -0.004115939 -0.003431439 0.9999856 0.006887197 -3.74366e-4 0.9999762 0.001245319 -1.1288e-4 0.9999992 0.001868784 8.16407e-5 0.9999982 -0.006887137 3.7435e-4 0.9999762 -0.001868963 -8.16299e-5 0.9999982 -0.0012452 1.13002e-4 0.9999992 0.005609333 -0.0140115 0.9998862 0.00164318 -0.009750127 0.9999511 0.002304375 -0.01676636 0.9998568 -0.003216624 -0.01272875 0.9999138 -0.006911456 5.6537e-4 0.999976 -0.002978563 -0.014261 0.9998939 -0.001669585 0.003680169 0.9999918 -0.0209859 -0.01749575 0.9996267 0.001820862 5.67788e-4 0.9999982 -0.0163381 -0.005094408 0.9998535 0.004208862 0.003508925 0.999985 -0.02585798 -0.001725852 0.9996641 -0.005540966 -0.001831114 0.9999829 -0.01479721 0.01075422 0.9998327 0.004974782 -0.01138132 0.9999229 0.002163827 -0.01464271 0.9998905 -0.01607799 0.005283057 0.9998567 -0.01277369 0.008038401 0.9998862 -0.004420459 -0.020069 0.9997888 0.003553211 -0.01161116 0.9999263 0.005785286 -0.01396942 0.9998857 -0.006983339 -0.004556119 0.9999653 -0.006331503 -0.004446446 0.99997 0.008725762 -0.007298946 0.9999353 0.001821577 0.002088725 0.9999961 -0.005324423 -0.001660168 0.9999845 -0.00834614 -5.56815e-4 0.999965 0.001024007 0.001174211 0.9999988 0.002289652 7.1416e-4 0.9999971 -0.007229089 7.3116e-4 0.9999736 -0.01078271 0.005584418 0.9999263 0.005025327 8.57019e-4 0.999987 0.002164304 3.691e-4 0.9999976 -0.003962337 0.008148312 0.999959 0.003138422 0.0124194 0.9999179 -0.005610287 0.009896874 0.9999353 0.5729882 -0.7166936 -0.3975358 -0.5064686 0.5558754 -0.6591602 -0.6200816 0.6400706 -0.4536612 -0.5193362 0.4813249 -0.7061277 -0.7252273 0.5928323 -0.350136 -0.6341812 0.4872294 -0.6003513 -0.8300234 0.5543895 -0.06093776 -0.3430927 0.2519148 -0.9048902 -0.6552652 0.3909659 -0.6463537 -0.8292008 0.5058161 -0.2378574 -0.752628 0.4605469 -0.4705823 -0.8697345 0.4803809 0.1131204 -0.4635604 0.2542973 -0.8487901 -0.8320911 0.4077736 -0.3759588 -0.1386944 0.06772881 -0.9880165 -0.5637905 0.2527925 -0.7862801 -0.8523448 0.3637744 -0.3757347 -0.8820157 0.3236883 -0.3424531 -0.8834971 0.3242459 -0.3380793 -0.7486245 0.2282958 -0.6224488 -0.5656495 0.1655741 -0.8078526 -0.9589969 0.2100107 0.1903163 -0.1711869 0.04320675 -0.9842907 -0.8879597 0.1854317 -0.4208831 -0.7841044 0.1231294 -0.6082922 -0.6819006 0.0732963 -0.7277632 -0.9668502 0.1114156 -0.2297548 -0.8711602 0.04517769 -0.488916 -0.8406062 0.04985934 -0.5393471 -0.937972 -0.001841545 -0.3467063 -0.6426033 -0.02123874 -0.7659047 -0.9713701 -0.06371837 0.2288669 -0.940843 -0.09462457 -0.3253622 -0.9337469 -0.09459155 -0.3452087 -0.6144927 -0.05381083 -0.7870852 -0.9190978 -0.186976 -0.3468418 -0.9653775 -0.188476 -0.1803414 -0.4400361 -0.09631258 -0.8928002 -0.7026094 -0.1371698 -0.6982296 -0.77998 -0.2496499 -0.5738519 -0.904927 -0.2721743 -0.3271517 -0.3067843 -0.09438961 -0.9470871 -0.9254519 -0.3718957 -0.07233405 -0.7163183 -0.2697736 0.6435141 -0.8638963 -0.3380526 -0.373368 -0.8244976 -0.3919662 -0.4081254 -0.8378699 -0.3971608 -0.3744827 -0.4704375 -0.2247973 -0.8533198 -0.7279499 -0.3855946 -0.5669265 -0.8454526 -0.5161336 -0.1371718 -0.5232415 -0.2997877 -0.7977128 -0.7736273 -0.544618 -0.3238707 -0.4965427 -0.3422105 -0.7977074 -0.7875883 -0.5511338 -0.2756018 -0.7024289 -0.5908795 -0.3968061 -0.7046968 -0.592357 -0.3905326 -0.179132 -0.1499934 -0.9723239 -0.6131789 -0.6302096 -0.476285 -0.6693636 -0.6725082 -0.3157294 -0.4022884 -0.4124596 -0.8173379 -0.5794048 -0.7006389 -0.4164075 -0.5192495 -0.6527714 -0.5516063 -0.5734021 -0.8140886 -0.09203243 -0.3994634 -0.5428683 -0.7387306 -0.4495395 -0.697908 -0.557529 -0.3098645 -0.5428428 -0.7805804 -0.5134672 -0.852702 -0.09618091 -0.3202028 -0.6543572 -0.6850451 -0.4271615 -0.8357489 -0.3450462 -0.3813058 -0.8374416 -0.3915323 -0.306034 -0.8046829 -0.508752 -0.3652047 -0.9133918 -0.1798358 -0.1448987 -0.3890513 -0.9097492 -0.2785651 -0.959487 -0.04226368 -0.2723963 -0.9346503 0.2285367 -0.07684433 -0.2860059 0.9551416 -0.1742159 -0.7537875 -0.6336034 -0.1798504 -0.8243557 -0.5367416 -0.08690685 -0.6769877 -0.7308453 -0.08057695 -0.934893 -0.3456622 -0.006173193 -0.1112809 0.9937698 -0.009168982 -0.6558959 -0.7547957 -0.02738386 -0.9200978 -0.3907303 -0.002811908 -0.7394284 -0.6732293 0.02414041 -0.5817546 -0.8130061 0.066688 -0.9895739 -0.1276571 0.1190494 -0.9317546 -0.3430171 0.1030809 -0.8977987 -0.4281728 0.09796035 -0.6875131 -0.7195342 0.2117635 -0.9602938 -0.1816372 0.2116878 -0.9600921 -0.1827878 0.1302142 -0.5452583 -0.8280928 0.2236158 -0.7936788 -0.5657472 0.2012084 -0.7482259 0.6321972 0.3058574 -0.9328969 -0.1901436 0.1055855 -0.3243922 -0.9400113 0.3075151 -0.7598329 -0.57279 0.3241461 -0.8201764 -0.4714233 0.08967065 -0.2193108 -0.9715256 0.4405584 -0.8944196 -0.0769549 0.4436461 -0.8961724 -0.007299065 0.2236269 -0.4363637 -0.8715375 0.4539412 -0.81068 -0.3697774 0.3334962 -0.6168078 -0.7129715 0.5079219 -0.783369 -0.3582574 0.3959368 -0.5903311 -0.7033798 0.6070576 -0.7779852 -0.1619261 0.4932946 -0.7147806 -0.4957308 0.3089313 -0.3816142 -0.871167 0.3386408 -0.3858649 -0.8581554 -0.3273661 0.417496 0.8476607 -0.3127305 0.4109176 0.8563565 -0.39346 0.5082582 0.7660697 -0.3997304 0.5102278 0.7615007 -0.4734724 0.5986368 0.6461099 -0.4608026 0.5946292 0.6588452 -0.2835505 0.4349701 0.8546345 -0.2658863 0.4202538 0.8675778 -0.491861 0.6402456 0.5900495 -0.311784 0.4947563 0.8111763 -0.558685 0.6787381 0.47664 -0.3557401 0.5354598 0.7659842 -0.5543555 0.6873294 0.4693276 -0.3684198 0.587602 0.7204102 -0.511118 0.7155495 0.4761798 -0.4793561 0.6946721 0.5363286 -0.4156425 0.6209453 0.6645811 -0.5696597 0.7503508 0.335353 -0.5113235 0.7227972 0.4648788 -0.2349172 0.4595367 0.8565278 -0.227839 0.4557261 0.8604668 -0.4252697 0.6711103 0.6072533 -0.6139743 0.7418703 0.2695628 -0.3514776 0.6050593 0.7143995 -0.291086 0.5657801 0.7714673 -0.2817494 0.5238582 0.8038594 -0.4417523 0.6946472 0.5677325 -0.5963661 0.7827697 0.1778177 -0.3584713 0.6568369 0.6633729 -0.5467604 0.7675052 0.3346474 -0.54786 0.7672452 0.3334428 -0.2168982 0.4921255 0.8430704 -0.6326902 0.7669562 0.1071507 -0.4790022 0.7761735 0.4100139 -0.4270995 0.7350651 0.5265598 -0.5706999 0.7992269 0.188515 -0.5793455 0.7956672 0.17684 -0.3481532 0.6778994 0.6474888 -0.5217204 0.785139 0.3337131 -0.2678471 0.5922684 0.7599185 -0.2521532 0.5789847 0.7753679 -0.6100068 0.7921324 -0.02044606 -0.6223778 0.7815518 -0.04269009 -0.4615437 0.7821411 0.418608 -0.1783463 0.4731415 0.8627455 -0.3857235 0.7451604 0.544016 -0.5085963 0.8214444 0.2579904 -0.2811464 0.640289 0.7148334 -0.6110441 0.7672199 -0.1949326 -0.4454401 0.8070219 0.3876838 -0.57146 0.819091 0.05023497 -0.5820228 0.8129511 -0.01897609 -0.3759589 0.7635459 0.5250263 -0.540881 0.8196979 0.1885284 -0.3231849 0.6803358 0.6577953 -0.6123378 0.7665734 -0.1934105 -0.5776051 0.8157525 -0.03033566 -0.1704506 0.4980878 0.8502089 -0.5244953 0.8437759 0.1137848 -0.3129542 0.734573 0.6020483 -0.4960769 0.8289241 0.2584424 -0.25547 0.674179 0.6929776 -0.430666 0.8150025 0.3876826 -0.4083891 0.8154153 0.4102635 -0.2072857 0.5915907 0.7791362 -0.1837947 0.5627411 0.8059417 -0.3596932 0.7660569 0.5327078 -0.5692127 0.7422068 -0.3537315 -0.5880545 0.7048072 -0.3967854 -0.4651847 0.8668859 0.1791987 -0.5725097 0.7967511 -0.1934434 -0.5699651 0.7997365 -0.1885774 -0.5404234 0.8391676 -0.06115835 -0.1320011 0.4702298 0.8726165 -0.5113365 0.8530673 0.1039772 -0.2894281 0.7449601 0.6010541 -0.2814132 0.742908 0.6073666 -0.422112 0.8694339 0.2567217 -0.2188748 0.6551494 0.7230997 -0.3775205 0.8416994 0.3860314 -0.1586685 0.5842951 0.7958791 -0.4985314 0.8664933 -0.02561074 -0.3214942 0.8136579 0.4843575 -0.5459088 0.7680742 -0.3347321 -0.5536831 0.7542647 -0.3528736 -0.4696908 0.8644525 0.1791992 -0.5277689 0.8276064 -0.1911218 -0.5274819 0.8279902 -0.19025 -0.5219888 0.6834874 -0.5102672 -0.5037422 0.6276687 -0.5935283 -0.1561776 0.6200222 0.768883 -0.4924605 0.8697049 -0.03310948 -0.3181885 0.8313536 0.4556396 -0.1222562 0.5178567 0.8466864 -0.4307546 0.8973925 0.0955891 -0.2522146 0.7680993 0.5885671 -0.3932455 0.8811975 0.262391 -0.3971779 0.8808726 0.2575135 -0.4988428 0.6270123 -0.5983406 -0.1942667 0.678004 0.7089224 -0.3340682 0.8464679 0.4145967 -0.4946016 0.7265464 -0.4769693 -0.2487441 0.8014037 0.5439472 -0.5095095 0.7926744 -0.3347645 -0.5037559 0.8013474 -0.3226024 -0.1927487 0.7138423 0.6732586 -0.4896673 0.8556246 -0.1677271 -0.3283097 0.8821242 0.3377419 -0.47079 0.8816474 -0.03247421 -0.2941634 0.8337635 0.4672326 -0.08343726 0.5101178 0.8560479 -0.09206175 0.5233459 0.8471326 -0.4165741 0.9040634 0.09558075 -0.4037842 0.9077806 0.1135462 -0.4377652 0.5757344 -0.6905733 -0.4125297 0.5136958 -0.7522872 -0.4822356 0.8105247 -0.3324129 -0.3628492 0.8941341 0.2624207 -0.4431012 0.8927719 -0.08136117 -0.4753564 0.7431967 -0.470845 -0.481604 0.7311534 -0.4831897 -0.1097291 0.634049 0.7654681 -0.3920209 0.5062768 -0.7681168 -0.2280144 0.8180003 0.5280956 -0.3424211 0.9185314 0.1976051 -0.1703385 0.739268 0.6515118 -0.4533999 0.8681322 -0.2019284 -0.4367026 0.8825317 -0.174438 -0.2966835 0.9014913 0.3151067 -0.4335928 0.6687896 -0.6039187 -0.108087 0.6391821 0.7614221 -0.3955253 0.9178112 -0.03438496 -0.3277136 0.4179746 -0.8472904 -0.3135246 0.4115756 -0.8557499 -0.4390774 0.7993276 -0.4102272 -0.3600248 0.9260125 0.1135035 -0.3545777 0.9272094 0.1206542 -0.1887638 0.8165487 0.5455425 -0.4471673 0.8525153 -0.2706641 -0.3093067 0.923404 0.2272759 -0.4334145 0.6687376 -0.6041042 -0.1290335 0.7317022 0.6692999 -0.2432174 0.8799208 0.4081479 -0.2474909 0.8808189 0.4036166 -0.4497275 0.7571812 -0.4737318 -0.1805375 0.8256298 0.5345481 -0.4156721 0.8477417 -0.3294705 -0.3986116 0.6090553 -0.6856825 -0.1248525 0.7390532 0.6619759 -0.4133887 0.8901966 -0.1914674 -0.2688366 0.9033437 0.334211 -0.4159154 0.7410055 -0.5271861 -0.3939132 0.6983369 -0.5976271 -0.3716101 0.9269862 -0.05101418 -0.3621235 0.931357 -0.03795522 -0.2895957 0.4147156 -0.8626386 -0.426582 0.8065292 -0.4093144 -0.04226201 0.535935 0.8432009 -0.03668373 0.5183444 0.8543848 -0.3150214 0.9455274 0.08209395 -0.3475517 0.5357273 -0.7695479 -0.3758098 0.5940705 -0.7112294 -0.3826634 0.8636301 -0.3281946 -0.2421497 0.9355491 0.2571213 -0.2754674 0.9409298 0.1968981 -0.3947141 0.698632 -0.596753 -0.3686718 0.9172597 -0.1507172 -0.2004179 0.8914425 0.4064026 -0.2015126 0.8916829 0.4053325 -0.3870209 0.7946002 -0.4677876 -0.0337193 0.5813519 0.8129533 -0.3438835 0.5331528 -0.7729762 -0.1418286 0.8324082 0.5357063 -0.1424839 0.8330883 0.5344737 -0.3803732 0.8637687 -0.330484 -0.08687031 0.7599641 0.6441335 -0.3403404 0.920079 -0.1939662 -0.216192 0.9417089 0.2577704 -0.0543881 0.644163 0.7629522 -0.3171332 0.9475587 -0.03948575 -0.3136419 0.9489189 -0.03437447 -0.2871745 0.4477603 -0.8467831 -0.1367186 0.8716691 0.4706388 -0.363864 0.7996245 -0.4777067 -0.2780115 0.9541891 0.110602 -0.3503926 0.6290062 -0.693957 -0.2168749 0.9413473 0.258516 -0.04367321 0.6913806 0.7211696 -0.1703738 0.8990206 0.4034041 -0.3627164 0.7992856 -0.4791443 -0.2554816 0.9643353 0.06918519 -0.2760396 0.9606164 -0.03191012 -0.09443181 0.8162093 0.5699869 -0.3481938 0.8757162 -0.3344881 -0.3450518 0.8784817 -0.3304682 -0.06840515 0.7490183 0.6590086 -0.3124938 0.9303007 -0.1920631 -0.3081693 0.9330939 -0.1853849 -0.1640287 0.9500355 0.2655696 -0.1494176 0.9290862 0.3383387 -0.3294225 0.7254922 -0.6042696 -0.2630675 0.9632121 -0.05493515 -0.2549987 0.4422459 -0.8598804 -0.2559143 0.4430724 -0.8591826 -0.1083227 0.8879298 0.4470424 0.01460504 0.4881607 0.8726316 -0.2317471 0.9703127 0.06918555 -0.203256 0.9724106 0.1144749 -0.3320869 0.6231618 -0.7080873 -0.1608908 0.9529967 0.2567323 -0.322334 0.7217866 -0.6124745 -0.007024526 0.7082538 0.705923 -0.3219691 0.8164961 -0.479239 -0.317551 0.8224685 -0.4719182 0.0146771 0.6129642 0.7899744 -0.2880095 0.557902 -0.7783288 -0.291606 0.5728707 -0.7660191 -0.05883032 0.8547921 0.5156252 -0.2991595 0.8929732 -0.3363071 -0.2950331 0.896774 -0.3297755 -0.3010293 0.6846876 -0.6637653 -0.3011134 0.6855675 -0.6628182 -0.2629539 0.9462332 -0.1884092 -0.2630837 0.9461635 -0.1885778 -0.1127979 0.924619 0.363808 -0.2124734 0.9764866 -0.03645616 -0.2215774 0.9736905 -0.05320024 -0.2793648 0.5451572 -0.790417 -0.076743 0.8805932 0.4676175 0.04006272 0.5491238 0.8347802 -0.1687273 0.9800633 0.1049148 -0.1658589 0.9797777 0.1119216 -0.0163415 0.7984873 0.6017899 -0.009208381 0.7938446 0.608051 -0.2575945 0.9086873 -0.3285309 -0.1190741 0.9671995 0.2243801 -0.2934198 0.7615865 -0.5778329 0.01960796 0.685118 0.7281682 -0.2789171 0.8356047 -0.4732547 -0.2759512 0.8390554 -0.4688676 0.03993266 0.5621039 0.826102 -0.1571058 0.9869498 0.0353266 -0.2677453 0.6122936 -0.7439146 -0.04074937 0.8502262 0.524838 -0.2471424 0.9070992 -0.3407222 -0.2133942 0.9608812 -0.1765507 -0.2170218 0.9571698 -0.1916442 -0.0735116 0.9411675 0.329848 -0.05567055 0.9344316 0.3517646 -0.2573058 0.7617784 -0.5945482 -0.1844571 0.9821286 -0.0374028 -0.2297265 0.5081331 -0.8300763 -0.2137169 0.4735686 -0.8544343 -0.1997233 0.4572116 -0.8666418 -0.002690017 0.8836236 0.4681901 -0.2412283 0.8496795 -0.4688854 0.06561022 0.5029293 0.8618337 -0.1192458 0.9819239 0.1469892 0.02091234 0.805171 0.5926739 -0.1974031 0.9450769 -0.2605027 -0.08173519 0.9624359 0.2589142 -0.2505444 0.7569013 -0.6035959 0.0491448 0.7026949 0.709792 -0.1574891 0.9811624 -0.1118816 -0.03319859 0.9354978 0.3517695 -0.2327742 0.8471593 -0.4776372 0.07718688 0.6363097 0.7675625 -0.1217816 0.9925485 0.004075825 -0.2245592 0.5916811 -0.7742652 -0.2213104 0.9140357 -0.3399416 -0.05954903 0.976935 0.2050656 -0.244192 0.6984332 -0.6727269 0.05808168 0.7880152 0.61291 0.06578546 0.748232 0.6601676 -0.1767925 0.9455333 -0.2733334 -0.01584446 0.9443968 0.3284261 -0.2194969 0.5718525 -0.7904466 -0.1769648 0.4635968 -0.8681944 0.02692174 0.8804574 0.4733603 0.02439451 0.8829038 0.4689198 -0.1861037 0.8946928 -0.4060667 0.09487724 0.5169408 0.850747 0.09576487 0.5147907 0.8519505 -0.07521003 0.9912803 0.1081976 -0.08086448 0.9916058 0.1008912 -0.2096882 0.6261202 -0.7510024 -0.2221602 0.671365 -0.7070459 0.06766313 0.8050734 0.5893035 -0.02529972 0.9784256 0.2050449 -0.2134048 0.77745 -0.5916333 -0.2149463 0.767767 -0.6035991 -0.1327251 0.982881 -0.1277855 -0.1188026 0.9869909 -0.1083285 -0.2047285 0.8543331 -0.4777042 -0.08484894 0.995746 0.03592622 -0.1490056 0.9028112 -0.4033972 -0.01276165 0.98319 0.1821392 -0.1836048 0.7268594 -0.661789 -0.125257 0.9660769 -0.2258452 0.02254635 0.9442632 0.3284186 0.03598272 0.9376296 0.3457688 -0.1720286 0.8258443 -0.5370172 0.107405 0.63434 0.7655566 0.1129144 0.6242212 0.7730449 -0.06331115 0.9976742 -0.02525836 -0.07974171 0.9910471 -0.1070836 -0.1728762 0.5035114 -0.8465164 0.06860631 0.8696137 0.4889429 -0.1519038 0.9034656 -0.4008432 -0.02989006 0.9944423 0.100951 -0.1110559 0.9628741 -0.2460488 -0.06696605 0.9892121 -0.1302878 -0.009973704 0.9989584 0.04452842 -0.168337 0.6043375 -0.7787419 0.1244336 0.8351922 0.5356962 -0.1021872 0.932394 -0.3466976 0.02828568 0.9826269 0.1834242 0.0310834 0.9798692 0.1972061 -0.1812767 0.7259039 -0.6634774 0.1285849 0.7378661 0.6625854 0.1287181 0.7376325 0.6628196 -0.07335579 0.96648 -0.2460392 0.05897682 0.9399287 0.3362377 -0.1427207 0.8302563 -0.5388 -0.1510484 0.8226019 -0.5481884 0.1554328 0.6307808 0.7602344 -0.01154339 0.9996723 -0.02284818 -0.01338171 0.9995914 -0.02526116 -0.1474462 0.5104954 -0.8471447 -0.1365866 0.4975826 -0.8565955 0.1090446 0.9036242 0.4142132 0.09593641 0.8794571 0.4662097 -0.130284 0.907059 -0.4003372 0.1442565 0.5083227 0.8489983 0.1453568 0.4998337 0.8538371 0.04662483 0.9913066 0.1230349 -0.1453554 0.6805096 -0.7181773 -0.1486473 0.6263203 -0.7652627 -0.05479907 0.9590237 -0.277976 0.08508151 0.957354 0.2761059 -0.1415933 0.7725309 -0.618989 -0.03169935 0.9909674 -0.1303026 0.1216013 0.9088222 0.3990679 -0.09235757 0.8765341 -0.4723962 0.1699442 0.6073982 0.7760066 0.142836 0.8272798 0.5433286 0.1425353 0.8276892 0.5427839 -0.06644684 0.9356074 -0.346733 -0.1144055 0.7424978 -0.6600065 -0.1364866 0.6853156 -0.7153418 0.1751398 0.7241367 0.6670472 0.1686058 0.732109 0.6599913 -0.007643997 0.9830826 -0.1830033 0.1176555 0.959382 0.2564046 -0.1167399 0.8336653 -0.5397907 0.02674347 0.9980995 -0.05551809 -0.1036105 0.5014185 -0.8589787 -0.05097979 0.912505 -0.4058764 0.1634013 0.482823 0.8603383 0.06170988 0.992411 0.1063596 0.1854252 0.8181357 0.5443083 -0.0344401 0.9631084 -0.2669008 0.1227724 0.9613514 0.2464354 0.1279103 0.9730722 0.1917535 -0.08006531 0.7958434 -0.6001858 0.02388131 0.9830152 -0.1819638 0.1574186 0.9033077 0.3990672 0.1658539 0.8962638 0.4113437 -0.07779741 0.8776865 -0.4728783 0.08166617 0.9959558 0.03745222 0.07656425 0.9967085 -0.02664649 0.1954845 0.8222649 0.5344776 0.1276899 0.9729925 0.192304 -0.09534668 0.7452055 -0.6599832 0.2177235 0.7310114 0.6466985 0.03239226 0.9805734 -0.1934595 -0.04669857 0.8404273 -0.5399085 -0.05670017 0.8070178 -0.5877988 0.2122161 0.624993 0.751231 0.08166813 0.9958503 -0.04015648 -0.09601593 0.5217519 -0.8476767 -0.09965932 0.5616738 -0.8213346 0.2009567 0.8890511 0.4113449 -0.02071535 0.9056894 -0.4234354 0.198822 0.5053655 0.8396877 -0.07116508 0.7000912 -0.7104983 0.02196627 0.9448512 -0.3267624 0.1719169 0.9403755 0.2934939 0.210399 0.891884 0.4003441 0.129731 0.9886641 0.07558518 -0.08284044 0.6462762 -0.7585938 0.2267508 0.8141983 0.5344765 0.2369744 0.8013704 0.5492255 0.02601557 0.9396876 -0.341043 0.1722002 0.9735463 0.1501822 0.2387013 0.6993932 0.6736994 0.07745265 0.9790013 -0.1885671 0.07356709 0.9783472 -0.1934545 0.2133843 0.9403459 0.2649847 -0.01726317 0.8543528 -0.5194066 0.2323088 0.5830014 0.7785512 0.1255551 0.9891892 -0.07576626 -0.06005376 0.4855259 -0.8721572 -0.07606601 0.6125995 -0.7867248 0.0106067 0.9155837 -0.4019877 0.2113035 0.461217 0.8617597 0.1740787 0.9840469 0.03671962 0.2163358 0.9414235 0.2586901 0.2545686 0.8759269 0.4098134 0.2474848 0.8828659 0.399123 0.01003038 0.8465381 -0.5322337 0.03775388 0.8768568 -0.4792668 0.1749854 0.983969 0.03442394 -0.04660499 0.5875667 -0.8078325 0.2774283 0.8039544 0.5260141 0.07551044 0.9398174 -0.3332291 0.06914192 0.9374911 -0.3410714 0.2116629 0.9604556 0.1808974 -0.01335096 0.7533128 -0.6575269 0.274221 0.7104903 0.6480789 0.1282144 0.9748422 -0.1823284 0.1260232 0.9736275 -0.1901777 0.2632132 0.928034 0.2635748 0.2702277 0.5953495 0.7566611 0.1657749 0.9853066 -0.04110383 -0.03762084 0.5405889 -0.8404453 0.2885947 0.8653126 0.4098135 0.2456219 0.4781209 0.8432498 0.2555363 0.4414651 0.860122 0.211114 0.9766725 0.0392633 0.2365912 0.9648245 0.1146225 -0.03114408 0.6984642 -0.7149671 0.1396051 0.9577297 -0.2515238 0.2684893 0.9282023 0.257593 0.02635204 0.7947887 -0.6063138 0.005732834 0.7596446 -0.6503131 0.1871768 0.9763588 -0.1081129 0.2983723 0.8669937 0.399119 0.06353926 0.8753942 -0.4792158 0.07257747 0.8804056 -0.4686348 0.2859003 0.5588061 0.7784579 -0.01484704 0.6528384 -0.7573518 0.3064386 0.7822252 0.5424197 0.3051128 0.785305 0.5387042 0.1062011 0.9364604 -0.3343099 0.3084102 0.6763837 0.6688708 0.3083473 0.6770686 0.6682066 0.1596384 0.9507522 -0.2656801 0.2408804 0.9698589 -0.03674662 -0.007685482 0.5083937 -0.8610905 0.1323144 0.9045683 -0.4052765 0.1061791 0.8775497 -0.4675816 0.2747261 0.9549781 0.1119925 0.2731778 0.9558913 0.107916 0.01938295 0.6384555 -0.7694146 0.02822542 0.7116889 -0.7019274 0.3111876 0.9134382 0.2622841 0.3089115 0.9151813 0.2588762 0.06160211 0.793724 -0.6051506 0.06720536 0.8055686 -0.5886787 0.2066767 0.970752 -0.1221686 0.3347292 0.8530352 0.400359 0.3385164 0.8485116 0.4067369 0.2876291 0.9577049 0.008421182 0.01846504 0.640435 -0.7677904 0.3545668 0.7544913 0.5522909 0.3469931 0.767697 0.5387365 0.1609835 0.9043369 -0.3952963 0.1796746 0.9233355 -0.3393651 0.07829427 0.7461747 -0.6611303 0.2215989 0.9577381 -0.1833894 0.2168228 0.9552671 -0.2011286 0.1202358 0.8375934 -0.5328984 0.3273862 0.5661953 0.7564663 0.3326098 0.5464819 0.7685886 0.2600881 0.9648603 -0.0374006 0.01536673 0.5329154 -0.8460289 0.3031694 0.4276677 0.8515801 0.2803317 0.4524549 0.8465806 0.3187487 0.9367015 0.1448779 0.3727239 0.7509549 0.5451089 0.3490169 0.9000383 0.2609947 0.3562765 0.8923447 0.2771067 0.3725231 0.6469507 0.665343 0.2725871 0.9448199 -0.1816914 0.38048 0.8290295 0.409811 0.377797 0.8324667 0.4053008 0.314194 0.9493247 -0.008049249 0.2177769 0.9237333 -0.3151032 0.3715545 0.9115654 0.1760563 0.07825005 0.7462164 -0.6610885 0.3799236 0.6514701 0.6566923 0.2744769 0.9438182 -0.1840375 0.3944731 0.8755933 0.2787962 0.1494236 0.815125 -0.5596818 0.03664863 0.5040527 -0.862895 0.4221397 0.8086462 0.4097432 0.3065993 0.4282193 0.8500736 0.3526257 0.9287678 0.1142169 0.08372902 0.6330469 -0.769572 0.09216529 0.7000048 -0.7081659 0.4077237 0.7058009 0.5793156 0.252196 0.9058881 -0.340241 0.4083725 0.8756664 0.2577599 0.1408103 0.7756796 -0.6152183 0.3373659 0.9351803 -0.1078051 0.4238764 0.8085325 0.4081715 0.1794242 0.8313543 -0.5259819 0.1868906 0.8637191 -0.4680396 0.3601071 0.4817117 0.7989222 0.3648385 0.9302949 0.03800439 0.3682594 0.9284622 0.04840409 0.08068341 0.6420642 -0.7623934 0.4305006 0.7148439 0.5510603 0.2524709 0.9055244 -0.3410044 0.4001784 0.8993636 0.1760746 0.1490011 0.7373319 -0.6588934 0.2978038 0.9367133 -0.1840684 0.3766729 0.5181317 0.7678914 0.3756902 0.5310841 0.7594779 0.3617001 0.9261392 -0.1069542 0.07190144 0.5104234 -0.856912 0.06696128 0.5199539 -0.8515657 0.2384248 0.8747303 -0.4219012 0.3055148 0.3788699 0.8735664 0.4245138 0.8983389 0.1130271 0.3280075 0.9062111 -0.2668195 0.4504571 0.8491547 0.2757261 0.4411536 0.8592894 0.258854 0.430674 0.6113706 0.6638869 0.3700177 0.9212628 -0.1198403 0.4597823 0.7783002 0.4276086 0.2547129 0.8398796 -0.4792948 0.4002898 0.9156497 0.03679239 0.2836182 0.896205 -0.3411414 0.1637924 0.7209194 -0.673385 0.4405933 0.614057 0.6548371 0.3498801 0.8980063 -0.2667745 0.474945 0.8395459 0.2637991 0.2143715 0.810071 -0.5457379 0.4265453 0.9036701 -0.03793847 0.09307289 0.5125647 -0.8535894 0.3535687 0.3952771 0.8477884 0.3539011 0.3613026 0.8626786 0.3828138 0.4391607 0.8127677 0.4499351 0.886 0.1120822 0.4570735 0.8801947 0.1278325 0.484638 0.6853131 0.5435734 0.3513892 0.8968154 -0.2687894 0.2227914 0.7566785 -0.6146557 0.4481437 0.5337787 0.7171105 0.3973132 0.9099421 -0.1189438 0.4829832 0.7768351 0.4040475 0.2844446 0.8303566 -0.4791651 0.2992802 0.8432683 -0.446464 0.468178 0.8833812 0.02114224 0.1454277 0.6293604 -0.7633846 0.1385414 0.6167694 -0.7748561 0.4929835 0.6876714 0.5329872 0.5073453 0.8409903 0.1879789 0.2002272 0.7261381 -0.6577481 0.4598135 0.5988122 0.6557404 0.4195519 0.8879362 -0.1885352 0.5111038 0.790373 0.3377624 0.5110679 0.790791 0.336837 0.2868796 0.7971971 -0.5312034 0.435653 0.4743677 0.7649717 0.4473575 0.8935495 -0.0379551 0.1111912 0.472253 -0.8744218 0.1379973 0.6001741 -0.7878755 0.5116523 0.7239971 0.4626445 0.3480747 0.8432013 -0.4097018 0.357262 0.3616003 0.8611674 0.4903462 0.8623358 0.1262439 0.2045053 0.6629592 -0.7201824 0.5101122 0.6115678 0.6047894 0.3853644 0.8827216 -0.2688808 0.2408727 0.7568172 -0.6076251 0.4563453 0.5237149 0.7193551 0.4683357 0.8763194 -0.1128095 0.5407159 0.769371 0.340139 0.5479338 0.7349788 0.399468 0.5085977 0.860155 0.0382325 0.5054674 0.8625426 0.02286773 0.5182048 0.668749 0.5331402 0.4033238 0.851407 -0.3353148 0.5345795 0.8241966 0.1868814 0.5371593 0.8214336 0.1915905 0.5001044 0.5455621 0.672501 0.5277531 0.5949754 0.6062021 0.4377206 0.8791179 -0.1885538 0.310175 0.7720576 -0.5547237 0.5136942 0.8566372 -0.04786252 0.143195 0.4887949 -0.8605666 0.1404013 0.4991294 -0.8550774 0.1540671 0.5496248 -0.8210822 0.5618301 0.6770001 0.4754133 0.3599603 0.8353385 -0.4154976 0.2140274 0.6500979 -0.729085 0.5372821 0.5973995 0.5953502 0.4590825 0.8471083 -0.2676764 0.5788607 0.7724208 0.2613168 0.2759741 0.7086268 -0.6493738 0.4889281 0.8647919 -0.1143867 0.562211 0.7237924 0.4000542 0.3687258 0.7958144 -0.4803341 0.4540386 0.4175066 0.7871069 0.5444824 0.8353021 0.0762189 0.4155027 0.8453527 -0.3357621 0.5627211 0.8045973 0.1896526 0.2768021 0.6869758 -0.6718965 0.5037374 0.8438205 -0.1849743 0.483955 0.8334059 -0.2668749 0.6006159 0.724112 0.3390021 0.3442484 0.7673362 -0.5410066 0.4723692 0.4375339 0.7651349 0.4729386 0.439204 0.7638252 0.5423071 0.8367556 -0.07578229 0.1923319 0.5716021 -0.7976713 0.5850282 0.6586333 0.4732275 0.5850835 0.6584789 0.4733738 0.392782 0.329277 0.8586612 0.3900845 0.3251054 0.8614758 0.5761112 0.8160448 0.04654866 0.5933512 0.7976843 0.1078618 0.2546999 0.6558936 -0.7105854 0.5725494 0.5848866 0.5745389 0.4815104 0.8374447 -0.2585232 0.5934768 0.7616499 0.260144 0.3470333 0.73927 -0.577103 0.5404677 0.5024911 0.6748313 0.6206496 0.7062269 0.3406429 0.4207864 0.7881712 -0.4491379 0.4285024 0.3564471 0.8302597 0.251366 0.5928167 -0.7651036 0.6252837 0.7566905 0.1908922 0.3223927 0.6872766 -0.6509332 0.5571563 0.5076473 0.657169 0.540242 0.8277378 -0.1516198 0.6320613 0.702377 0.3273608 0.5862654 0.809512 -0.03135555 0.5840373 0.8108434 -0.03786104 0.2090621 0.5469278 -0.810656 0.1938059 0.4843295 -0.8531496 0.1937609 0.4855979 -0.8524386 0.6164099 0.6313441 0.4705779 0.6175307 0.6270658 0.4748098 0.4314277 0.7785716 -0.4557372 0.469693 0.7813018 -0.4110428 0.6105571 0.7844041 0.1092259 0.5862607 0.5431089 0.6011083 0.5184328 0.8014152 -0.2982636 0.5721847 0.798956 -0.1851326 0.4909199 0.3658229 0.7906777 0.636456 0.7700812 0.04357296 0.6243139 0.5544537 0.5502847 0.6522315 0.7341884 0.1885772 0.6584106 0.7253668 0.2008449 0.3334229 0.660893 -0.6723463 0.5768136 0.7898274 -0.2084674 0.6561607 0.6656789 0.3554222 0.4250944 0.7272283 -0.5389192 0.4081261 0.7171427 -0.5649244 0.5146769 0.3800588 0.7685461 0.5245738 0.3980262 0.7525938 0.6145448 0.78785 -0.04033726 0.2157596 0.4659551 -0.8580989 0.6431883 0.6016474 0.4736341 0.4940645 0.7666403 -0.4100769 0.5027421 0.76613 -0.400369 0.4284726 0.2878788 0.8564678 0.4276452 0.285073 0.8578187 0.6597902 0.7501282 0.04454964 0.5538296 0.7881991 -0.2683558 0.3753028 0.6556339 -0.6552037 0.5953398 0.4517267 0.6644648 0.6306445 0.7700169 -0.09675508 0.6825207 0.6075291 0.406293 0.6822871 0.6493847 0.3358328 0.6672343 0.744178 0.03158265 0.2902667 0.5685328 -0.7697505 0.2906994 0.568816 -0.7693778 0.5404391 0.740839 -0.3988523 0.6771353 0.711506 0.1877424 0.3821715 0.6382671 -0.6682515 0.5960818 0.4517877 0.6637578 0.6016411 0.77128 -0.2077383 0.6066513 0.769189 -0.2008049 0.464683 0.7070308 -0.5330827 0.4555882 0.7066795 -0.5413349 0.6579671 0.7468063 -0.09674555 0.2469423 0.4832008 -0.8399622 0.5416039 0.7387985 -0.4010512 0.4509531 0.2777205 0.8482409 0.7057391 0.6986001 0.1178572 0.6662024 0.5129951 0.5413045 0.7094288 0.6541553 0.2622819 0.7094377 0.6538992 0.2628955 0.6651878 0.7372248 -0.1184261 0.6942441 0.5980771 0.400411 0.4921628 0.6881804 -0.5330887 0.5064123 0.2993015 0.8086812 0.6896353 0.7234258 0.03253185 0.3341312 0.5603979 -0.7578328 0.6730651 0.5127648 0.5329688 0.6039838 0.7232414 -0.3348513 0.7266245 0.6765186 0.1197478 0.4169626 0.6350423 -0.6502797 0.626162 0.4294776 0.6507459 0.6443312 0.7378637 -0.2009838 0.7321873 0.5907498 0.3389931 0.4957927 0.6766399 -0.5443786 0.5460799 0.3500957 0.7610715 0.7104073 0.7028026 -0.03728377 0.2582661 0.440922 -0.8595851 0.7027283 0.5410223 0.4620259 0.5577915 0.7266226 -0.4011088 0.4226216 0.2286342 0.8769934 0.7342313 0.6703624 0.107325 0.652133 0.712966 -0.2576862 0.7326223 0.6289594 0.2601438 0.4355493 0.6111294 -0.6609218 0.6106221 0.3643413 0.703133 0.6311362 0.3888826 0.6711463 0.684379 0.7194428 -0.1184379 0.7434639 0.5758057 0.3401606 0.740234 0.5408148 0.3994659 0.5625923 0.67776 -0.4734249 0.5344033 0.2852127 0.795655 0.3398545 0.5321204 -0.7754655 0.6915497 0.4633608 0.5541262 0.6995314 0.4759321 0.533052 0.6149904 0.7139037 -0.3348557 0.7628228 0.6177942 0.1908708 0.4364661 0.5977117 -0.6724866 0.6680015 0.6981215 -0.2576825 0.6966915 0.6906043 -0.1941308 0.5129716 0.6636595 -0.5444412 0.5796796 0.2992114 0.7579209 0.734622 0.6774131 -0.03797537 0.7338202 0.6782013 -0.03938263 0.2937976 0.4561969 -0.8399806 0.7352471 0.4781406 0.4804095 0.6199468 0.6755403 -0.3991382 0.4639248 0.2156994 0.8592134 0.4697046 0.2247404 0.8537384 0.7538799 0.6478716 0.1092135 0.6905935 0.4025425 0.6008661 0.7808221 0.5674787 0.2613135 0.5120863 0.6219826 -0.5923727 0.6141504 0.3364957 0.7138557 0.7505704 0.5259312 0.4000504 0.5740155 0.6681008 -0.4734423 0.5021991 0.2399297 0.8308007 0.7732728 0.6318114 0.05351126 0.3877112 0.532725 -0.7522527 0.6312748 0.6649664 -0.3991388 0.6698732 0.6630254 -0.3341664 0.7748777 0.602993 0.189642 0.4828456 0.5862349 -0.6505296 0.7226538 0.6640819 -0.1917465 0.7219432 0.6643619 -0.1934455 0.7873652 0.5149196 0.3389893 0.5730413 0.6219272 -0.5336951 0.767465 0.639865 -0.03962713 0.7617266 0.6459243 -0.05054038 0.3029193 0.4207888 -0.8550887 0.2995985 0.4112545 -0.8608778 0.7463743 0.4687899 0.4723997 0.7927341 0.6071008 0.05478417 0.8021076 0.5873615 0.1078418 0.7106239 0.3946227 0.5824831 0.7152675 0.6425965 -0.2747034 0.7916083 0.5528862 0.260141 0.7972516 0.4633572 0.3868979 0.7976225 0.498046 0.3402184 0.578912 0.6135739 -0.5370177 0.6291263 0.6195372 -0.46944 0.5541418 0.2348006 0.798621 0.3810539 0.4806627 -0.7897857 0.389661 0.4911982 -0.7790306 0.7463116 0.4135295 0.5215481 0.684178 0.6475249 -0.335577 0.8205423 0.5387684 0.1908898 0.4861252 0.5590619 -0.6716636 0.6867749 0.3275641 0.6488775 0.7585369 0.6324157 -0.1570738 0.5972815 0.2622441 0.7579466 0.802699 0.5951591 -0.03821021 0.7980098 0.600517 -0.05059212 0.7799105 0.4048225 0.4773452 0.6810497 0.6138562 -0.3991891 0.650145 0.5989598 -0.4675026 0.4891533 0.1708315 0.8553044 0.4904475 0.1720715 0.8543142 0.5454655 0.2026508 0.8132651 0.8146424 0.5695888 0.1092082 0.7141142 0.3560135 0.6027399 0.7317903 0.6121684 -0.2995544 0.5665237 0.5655088 -0.5993754 0.6450703 0.2641808 0.7170026 0.8020828 0.4545685 0.3873379 0.6493602 0.5918006 -0.4776016 0.838199 0.5443966 0.03247851 0.4262428 0.4845187 -0.7639101 0.4383518 0.490477 -0.7531799 0.7940296 0.3738553 0.4793215 0.7562583 0.352519 0.5511839 0.8426761 0.4999913 0.1997643 0.8396548 0.5093322 0.1885752 0.5218693 0.5402553 -0.6601339 0.6876817 0.3059644 0.6583917 0.7847042 0.5905183 -0.1884871 0.7803944 0.5939903 -0.1953461 0.8357263 0.4336445 0.3369183 0.6031032 0.2034753 0.7712745 0.8172685 0.5749331 -0.03904008 0.3424333 0.3802571 -0.859153 0.3415043 0.3930451 -0.8537508 0.7946274 0.373646 0.4784934 0.7142381 0.5933436 -0.3712243 0.4735954 0.1244438 0.8719066 0.4972094 0.1500825 0.8545514 0.8517587 0.5228855 0.03313326 0.5035 0.4899047 -0.7116749 0.4675066 0.474783 -0.7456666 0.7417085 0.2920877 0.6037825 0.762412 0.5899744 -0.265816 0.5953978 0.5483751 -0.5871851 0.6595441 0.2330698 0.7146189 0.663129 0.2392736 0.7092306 0.6638846 0.5566844 -0.4993592 0.8526731 0.5215048 0.03132575 0.7286451 0.5534135 -0.403497 0.7603057 0.5539904 -0.3391605 0.8614194 0.4681008 0.1970743 0.8597838 0.4734686 0.1913089 0.5034781 0.4899253 -0.7116761 0.757545 0.2701082 0.5942786 0.8172407 0.5445972 -0.1884981 0.8234245 0.5383896 -0.1791894 0.8503109 0.4061667 0.3346641 0.8503205 0.4060286 0.3348073 0.3889877 0.3988169 -0.8304418 0.3694677 0.383702 -0.8463252 0.8213836 0.3446425 0.4544783 0.6975747 0.5395096 -0.471507 0.7243129 0.5484157 -0.4178649 0.7444037 0.2743071 0.6087846 0.8829806 0.4271605 0.1946255 0.6053366 0.50651 -0.6140155 0.6146276 0.5061942 -0.6049797 0.854713 0.5016134 -0.1336023 0.8290466 0.529689 -0.1791963 0.6017649 0.1492578 0.7846025 0.8800004 0.4733298 0.0394746 0.8779161 0.4776834 0.03289186 0.4256821 0.4088898 -0.8072198 0.7746457 0.5408728 -0.3276901 0.889283 0.4194238 0.1823713 0.5729504 0.4818022 -0.6630192 0.8695209 0.3658335 0.331812 0.8694766 0.3617857 0.3363356 0.6848011 0.5035218 -0.5267955 0.6498563 0.4834882 -0.5864521 0.6141792 0.1518235 0.7744246 0.618884 0.1573421 0.7695621 0.3536757 0.3238887 -0.8775019 0.8269717 0.2992606 0.4759843 0.8268141 0.2988948 0.4764876 0.501993 0.09611839 0.859514 0.5108323 0.101868 0.8536236 0.5059403 0.4255349 -0.7502962 0.5459161 0.4358868 -0.7155265 0.7708235 0.2377888 0.5910057 0.6851468 0.1870436 0.7039805 0.8750534 0.4705019 -0.1136209 0.8659511 0.4822235 -0.1326249 0.7344936 0.4809892 -0.4787155 0.5632681 0.1113007 0.8187437 0.9016336 0.430684 0.03960102 0.901135 0.431871 0.03798776 0.839712 0.2587919 0.4773998 0.7909575 0.4893507 -0.3673175 0.8199274 0.4725 -0.323207 0.9065095 0.3759924 0.1920163 0.9058108 0.3811725 0.1849712 0.7671231 0.2080339 0.6068312 0.733274 0.1821427 0.6550827 0.8872066 0.3175373 0.3347157 0.8875133 0.3184142 0.3330655 0.4007567 0.3355349 -0.8525318 0.4520275 0.3801396 -0.806948 0.4503679 0.3795571 -0.8081492 0.8462145 0.2528679 0.4690189 0.5077946 0.04759454 0.8601624 0.5589072 0.411722 -0.7197971 0.8559765 0.4423469 -0.2676443 0.9142018 0.3178807 0.2513703 0.9179612 0.3459529 0.1940716 0.6465706 0.4463325 -0.6186549 0.6872439 0.121075 0.7162658 0.8977583 0.426963 -0.1083173 0.8949434 0.4310946 -0.1150382 0.7488753 0.461916 -0.4752046 0.7477065 0.4617396 -0.4772122 0.593853 0.08970004 0.7995578 0.9228722 0.3829563 0.04063689 0.9216936 0.3862137 0.0363329 0.8214887 0.1897682 0.5377213 0.824402 0.4641833 -0.3238751 0.7384725 0.1515822 0.6570246 0.8912633 0.2707157 0.3638167 0.6749696 0.4268555 -0.6018392 0.7292928 0.4346376 -0.5284147 0.9158884 0.3869336 -0.1069147 0.3896899 0.2923327 -0.8733175 0.851875 0.2316074 0.469752 0.8107572 0.4251068 -0.4024387 0.5074447 0.04766529 0.860365 0.5774384 0.05707025 0.8144372 0.9406078 0.3220845 0.1073248 0.5934215 0.408446 -0.6935582 0.7838637 0.1389638 0.6051833 0.8687647 0.4178171 -0.265851 0.873443 0.4132745 -0.2574911 0.9315201 0.2863845 0.2241752 0.6798048 0.1040149 0.7259796 0.9176892 0.3799437 -0.1161438 0.8924179 0.2083157 0.4002435 0.6001561 0.04799175 0.7984419 0.9355286 0.3512687 0.0373705 0.4937436 0.3430809 -0.79907 0.5052921 0.3477267 -0.7897887 0.8242867 0.1793251 0.5370232 0.6482853 0.3731179 -0.6637086 0.89055 0.3758591 -0.2562236 0.9111622 0.2416601 0.333742 0.7348309 0.4014543 -0.5466792 0.651998 0.05151623 0.7564685 0.9354042 0.3355246 -0.1115448 0.9438841 0.3284412 -0.03477388 0.443584 0.2984176 -0.8450918 0.8584416 0.1606135 0.4871152 0.815766 0.4008989 -0.4169005 0.827093 0.3924694 -0.4023494 0.9498001 0.2935275 0.1082657 0.9508041 0.2861077 0.1188019 0.5949658 0.3764551 -0.7101389 0.5562217 0.3418862 -0.7574505 0.7949473 0.1193807 0.5948169 0.8910489 0.3669282 -0.2671998 0.9371957 0.2376778 0.255291 0.933556 0.233284 0.2721247 0.7050951 0.3646231 -0.6081865 0.6931497 0.08475422 0.7157934 0.935504 0.3340096 -0.1151955 0.8977427 0.1802728 0.4019449 0.8999825 0.1877644 0.393416 0.7848687 0.3842877 -0.4861111 0.8628979 0.1302855 0.4882958 0.9603003 0.2282371 0.1604095 0.9596104 0.2545171 0.1198706 0.6567356 0.3582032 -0.663618 0.7522457 0.07025635 0.6551263 0.7885332 0.09144836 0.608155 0.9571532 0.2895814 5.65842e-4 0.4340507 0.2582149 -0.8630904 0.8730302 0.1204457 0.472558 0.8434839 0.3525685 -0.4052536 0.8435958 0.3524677 -0.4051083 0.5245261 0.002772867 0.8513898 0.5027198 -0.008041024 0.864412 0.559363 0.3041742 -0.7710973 0.6325129 0.3288194 -0.7012882 0.9059767 0.3283494 -0.2671947 0.9084739 0.3252245 -0.2624962 0.9381584 0.1858143 0.2921161 0.6973211 0.01752048 0.7165448 0.9450764 0.2899123 -0.150935 0.9082232 0.1419441 0.3936783 0.7776071 0.3303513 -0.5349721 0.5895645 0.005187809 0.8077047 0.9701318 0.2388042 -0.04262399 0.5554285 0.2995243 -0.7757476 0.8756647 0.0789783 0.4764175 0.8307447 0.07182246 0.5520007 0.9692509 0.2000599 0.1432781 0.7526854 0.05112242 0.6563926 0.9330475 0.123272 0.3379738 0.7378126 0.3157166 -0.59662 0.7691199 0.3199772 -0.5532351 0.6437437 -0.01009231 0.7651746 0.9693958 0.2432419 -0.03324377 0.4670063 0.2540128 -0.8469845 0.8740427 0.08036094 0.4791571 0.8605031 0.3087947 -0.4051916 0.8584039 0.3107324 -0.408152 0.4958407 -0.04659003 0.8671628 0.5304733 -0.031062 0.8471324 0.7968787 0.02079612 0.6037813 0.9255024 0.2792661 -0.2558431 0.9227765 0.2806555 -0.264038 0.9554609 0.1464034 0.2562433 0.695134 0.00646907 0.7188511 0.9603826 0.2529002 -0.1170761 0.9833697 0.1773698 0.03903907 0.9090085 0.2593351 -0.326265 0.9693224 0.132895 0.2067678 0.9710804 0.1391013 0.1940453 0.698351 0.2826232 -0.6575942 0.6535896 0.2781435 -0.703887 0.7990828 0.01323413 0.6010754 0.7516474 -0.0180546 0.659318 0.9559088 0.2289937 -0.1838483 0.9315588 0.08873301 0.3525973 0.7980585 0.286888 -0.5299038 0.9763557 0.2137175 -0.03246665 0.4567457 0.2189906 -0.8622219 0.8893445 0.04389411 0.4551259 0.8699319 0.2809721 -0.4053062 0.9765669 0.1121112 0.1837068 0.9777557 0.1798362 -0.1079475 0.8490316 0.2432687 -0.4690049 0.6356967 -0.05860549 0.769711 0.6120665 -0.05875205 0.7886208 0.9863675 0.1600008 0.03845643 0.6021822 0.2470017 -0.7591882 0.5776523 0.2470653 -0.7779953 0.8425504 -0.008954644 0.5385431 0.9096409 0.2418016 -0.3377655 0.7529475 -0.02319902 0.6576716 0.9579291 0.2073845 -0.1984025 0.9396365 0.04086136 0.3397259 0.9452145 0.05523008 0.321744 0.7982504 0.2624101 -0.5421599 0.6447312 -0.06317675 0.7617942 0.9917119 0.1271858 -0.01820486 0.981428 0.1590343 -0.1072719 0.499967 0.210201 -0.8401479 0.882104 0.01053357 0.470937 0.8528246 0.2296154 -0.4690064 0.8870664 0.2094773 -0.4113787 0.4932173 -0.07872062 0.866337 0.5027537 -0.07696598 0.8609966 0.9906374 0.07762509 0.1123026 0.7935926 -0.05741071 0.6057348 0.9481765 0.1883627 -0.2558921 0.9422263 0.1917642 -0.2746565 0.9652659 0.05790084 0.2547729 0.7223225 0.2208035 -0.6553596 0.7647992 0.2303331 -0.6016883 0.7097498 -0.06528151 0.7014225 0.9400155 -0.003360867 0.3411152 0.9154365 -0.01719903 0.402095 0.5510061 -0.08480709 0.8301808 0.9935662 0.1118411 -0.01782572 0.8424695 -0.03058344 0.5378752 0.9802893 0.03106194 0.1951099 0.716124 0.2148912 -0.6640694 0.7905293 -0.08519607 0.6064693 0.7403722 -0.08468246 0.6668418 0.9739571 0.1293538 -0.1862125 0.9540297 0.1559333 -0.2559535 0.9450749 -0.007590055 0.3267658 0.8157064 0.1889098 -0.5467506 0.6582127 -0.1060168 0.7453297 0.994825 0.09150397 -0.04416137 0.4887639 0.1774721 -0.8541741 0.4700877 0.1641378 -0.8672233 0.8708655 -0.05710613 0.4881927 0.8930341 0.1824733 -0.4113316 0.9002217 0.1741833 -0.3990752 0.9919691 0.06030011 0.1111812 0.7916736 -0.08622592 0.604829 0.9807857 0.001584827 0.1950819 0.7024568 -0.1178264 0.7019054 0.9059228 -0.04411047 0.421139 0.5977171 -0.1207474 0.792562 0.6138455 -0.1240063 0.7796257 0.9985109 0.03229093 0.04397058 0.609297 0.1924945 -0.7692223 0.6264586 0.1903136 -0.755864 0.5840592 0.1820571 -0.791031 0.8685113 -0.08606165 0.4881408 0.9360418 0.1236152 -0.3294616 0.9048091 0.1483822 -0.3991283 0.9832841 -0.007796406 0.1819111 0.9775189 0.09464937 -0.1884102 0.9774758 0.09478014 -0.1885678 0.8151975 0.165349 -0.5550789 0.8344222 0.1615326 -0.5269219 0.9971266 0.06279969 -0.04236429 0.8766257 -0.0984553 0.4709925 0.4983695 -0.1251696 0.8578814 0.5365464 -0.1366423 0.8327347 0.4902903 -0.125721 0.8624441 0.9990733 0.001604735 0.04301345 0.8032905 -0.1208034 0.5832073 0.9396145 0.09589797 -0.3285241 0.9615638 -0.06455075 0.2668864 0.7944761 0.1503338 -0.5883941 0.992998 0.03120851 -0.1139342 0.9171656 -0.08412867 0.3895248 0.8780147 0.1157968 -0.464415 0.9994904 -0.00664246 0.03121989 0.8710626 -0.1319187 0.4731252 0.9334339 0.0780549 -0.3501551 0.9825732 -0.03805947 0.1819372 0.7260604 0.1586825 -0.6690712 0.7334751 -0.1559432 0.6615859 0.9798666 0.05821055 -0.1909787 0.9572394 -0.08316117 0.2770864 0.9387221 -0.09935271 0.3300452 0.6505538 -0.1690302 0.7404111 0.9938293 6.31507e-6 -0.1109203 0.4934746 0.1259809 -0.8605879 0.5358802 0.1368308 -0.8331325 0.4924533 0.1253159 -0.8612698 0.8725745 -0.1359002 0.4691963 0.8741236 0.08638119 -0.4779607 0.4748464 -0.152135 0.8668194 0.9895074 -0.06189978 0.1305509 0.6922737 0.1337854 -0.7091252 0.7888608 -0.1490043 0.5962352 0.9647024 0.03068935 -0.2615482 0.7892458 0.1298804 -0.600185 0.673976 -0.1803002 0.7164135 0.7196078 -0.1776264 0.6712775 0.9918843 -0.01212048 -0.1265643 0.877529 0.08958524 -0.471081 0.5752584 -0.1731645 0.7994322 0.9965752 -0.0641821 0.05213904 0.9983097 -0.04902148 0.03122013 0.6360639 0.1274408 -0.7610398 0.6445763 0.1257693 -0.7541244 0.8209792 -0.1834379 0.5406881 0.9377807 0.06009858 -0.3419877 0.9747669 -0.1132043 0.1923912 0.7426633 0.09519624 -0.662864 0.9822924 -0.01948708 -0.1863381 0.9329198 -0.144052 0.3300149 0.9277487 -0.146462 0.3432656 0.8242635 0.08650958 -0.5595585 0.5995241 0.1197584 -0.7913461 0.8674224 -0.1628681 0.4701622 0.5055257 -0.1851009 0.8427227 0.7654169 -0.2181821 0.6054201 0.9647777 0.01152646 -0.2628138 0.947381 -0.1631699 0.2753993 0.7932705 0.06033426 -0.6058728 0.9952535 -0.05498731 -0.0802927 0.8884664 -0.1931681 0.4163094 0.8685926 0.03763622 -0.4940955 0.5468531 -0.2011166 0.8127139 0.5654116 -0.1988071 0.8004908 0.9953336 -0.09037446 0.03381586 0.8189578 -0.194253 0.5399759 0.9435868 -0.01798516 -0.3306363 0.9748728 -0.1332823 0.1784904 0.7397243 0.0785886 -0.6683051 0.9742771 -0.05001926 -0.2197321 0.9474635 -0.1836428 0.2618938 0.6602367 -0.2387541 0.7120983 0.9904376 -0.09088158 -0.1037978 0.9913275 -0.1188917 -0.05598747 0.5492731 0.08347868 -0.8314628 0.4986779 0.07077646 -0.863893 0.5147351 0.07822966 -0.8537728 0.8520394 -0.2336031 0.4684639 0.8885834 -0.2136143 0.4059414 0.9164027 0.009313821 -0.4001492 0.4487007 -0.1937638 0.8724238 0.9813036 -0.1554254 0.1135168 0.9820513 -0.1539267 0.1090046 0.698323 0.05933791 -0.713319 0.7655796 -0.2229766 0.6034644 0.943264 -0.046099 -0.3288282 0.8029694 0.03540027 -0.594968 0.6608757 -0.2396419 0.7112067 0.8888494 -0.006490945 -0.4581536 0.8759551 0.002557218 -0.4823859 0.5517894 -0.2400291 0.7986955 0.6420356 0.07205271 -0.7632815 0.8000254 -0.264442 0.5385442 0.9411296 -0.05070608 -0.3342214 0.9737842 -0.1996588 0.1089988 0.9578028 -0.2098019 0.1964612 0.7191279 -0.2554903 0.6462042 0.9765695 -0.08958441 -0.1956697 0.9115969 -0.2370779 0.335835 0.9174659 -0.2340079 0.3217089 0.8311917 -0.00918591 -0.55591 0.5852534 -0.2677632 0.7653635 0.9888737 -0.1378198 -0.05598592 0.4895269 0.04660397 -0.8707419 0.6032438 0.06119304 -0.7952059 0.8479797 -0.2463338 0.4693081 0.9117097 -0.06724667 -0.4052942 0.465039 -0.2245421 0.8563408 0.4622415 -0.2264645 0.8573486 0.9736382 -0.1951728 0.1180518 0.6894112 0.02658814 -0.7238821 0.7445951 -0.2894706 0.6014856 0.9626305 -0.1158746 -0.2447766 0.9441511 -0.2408637 0.2248634 0.7949807 0.01466542 -0.6064575 0.6530607 -0.2581012 0.711966 0.9788751 -0.1759669 -0.1041124 0.86849 -0.286827 0.4042961 0.8840739 -0.0370503 -0.4658764 0.6460852 0.01179069 -0.7631743 0.7966828 -0.2768403 0.5372672 0.7552858 -0.004375398 -0.6553809 0.6879959 -0.3102465 0.6560555 0.9607769 -0.1234349 -0.2483378 0.9038999 -0.2689318 0.3326269 0.5884883 -0.2906839 0.7544432 0.9753276 -0.1946811 -0.1040928 0.9759912 -0.2136135 -0.04254865 0.5406014 0.02637636 -0.8408653 0.5838583 0.03425776 -0.8111325 0.8549661 -0.319305 0.4087511 0.8145995 -0.3056115 0.4929799 0.9012146 -0.0959419 -0.4226198 0.4770936 -0.2614879 0.8390505 0.966091 -0.2469528 0.07538163 0.7405763 -0.3013043 0.6006349 0.9381275 -0.2922075 0.1858268 0.9160832 -0.2969795 0.2694345 0.7490296 -0.03464919 -0.6616298 0.7963753 -0.0595929 -0.6018596 0.6379327 -0.3202053 0.7003646 0.9694275 -0.2065313 -0.1324959 0.8547861 -0.3186849 0.4096102 0.8776785 -0.1094628 -0.4665816 0.7702108 -0.3416 0.5385952 0.9420678 -0.1454181 -0.3022611 0.9380805 -0.2921093 0.1862182 0.6852755 -0.3154581 0.6564174 0.845103 -0.07609444 -0.5291602 0.8039376 -0.07074594 -0.5904908 0.547432 -0.3039551 0.7796984 0.9677242 -0.2519542 -0.005380868 0.5076861 -0.006433129 -0.8615181 0.4292991 -0.2695527 0.8619998 0.9525042 -0.28425 0.1092596 0.7026873 -0.04758471 -0.7099058 0.7152629 -0.3646491 0.5961794 0.9287716 -0.1824668 -0.3226289 0.8969265 -0.3315151 0.2926101 0.958205 -0.2386008 -0.1578382 0.8499377 -0.3477734 0.3958024 0.8740304 -0.1181485 -0.4712874 0.9574995 -0.2867569 -0.03106737 0.9492564 -0.3139969 0.01783782 0.636936 -0.01782888 -0.7707106 0.7696231 -0.3556384 0.5302845 0.9275224 -0.1839638 -0.3253605 0.9282113 -0.3381589 0.1551531 0.6457794 -0.3730528 0.6661835 0.8649672 -0.3898424 0.3159977 0.8255991 -0.1426414 -0.54593 0.5557361 -0.3385177 0.7593176 0.5371228 -0.03062742 -0.8429479 0.575539 -0.03685921 -0.8169433 0.7979611 -0.3844583 0.4641658 0.7925239 -0.3845964 0.4732775 0.8905134 -0.1740491 -0.4203485 0.43466 -0.2870276 0.853631 0.6826615 -0.07887333 -0.7264657 0.7104145 -0.3735002 0.5964972 0.9291977 -0.2546557 -0.2678475 0.9203953 -0.2205709 -0.3228326 0.8944209 -0.3648857 0.2585916 0.9087396 -0.3695504 0.1939716 0.784109 -0.1143139 -0.6100045 0.6328961 -0.3838273 0.672398 0.5957056 -0.3754543 0.7100486 0.9508194 -0.2847468 -0.1219084 0.8696333 -0.1876623 -0.4566409 0.4865939 -0.3367798 0.8061054 0.9360736 -0.349166 0.04300236 0.9425706 -0.3334812 0.01873391 0.6036446 -0.06303268 -0.794758 0.7300834 -0.4179526 0.540642 0.7391712 -0.1217877 -0.662415 0.9380199 -0.3047609 -0.1650442 0.8467335 -0.4135606 0.3346791 0.858705 -0.4029652 0.3166146 0.8301435 -0.1808031 -0.5274202 0.4747993 -0.05070585 -0.8786322 0.7796012 -0.4111647 0.4724041 0.8821668 -0.2420576 -0.4039677 0.4197003 -0.316786 0.8505871 0.3772109 -0.3065088 0.8739361 0.9250986 -0.3771761 0.04394006 0.9054867 -0.405562 0.124953 0.6930367 -0.1013717 -0.7137394 0.6684377 -0.4325023 0.6050891 0.9208222 -0.2853768 -0.2657944 0.9212037 -0.2979621 -0.2502046 0.9258457 -0.360571 -0.1131291 0.7912034 -0.4476387 0.4166733 0.4834482 -0.3637619 0.7962131 0.725121 -0.4273808 0.5399492 0.87638 -0.4454032 0.1832321 0.8259382 -0.4547784 0.3331704 0.8161917 -0.4594624 0.350322 0.815846 -0.1938388 -0.5448135 0.5594327 -0.4224103 0.7131651 0.4999015 -0.3868842 0.7748671 0.9134612 -0.405264 -0.03673624 0.7441754 -0.4730149 0.4716565 0.8723853 -0.2734311 -0.4051903 0.8702026 -0.2617472 -0.4174159 0.8997147 -0.4184068 0.1242954 0.6635863 -0.4586463 0.5910133 0.8974201 -0.3370959 -0.284611 0.7302242 -0.1871414 -0.6570774 0.7761204 -0.200993 -0.5976947 0.5667817 -0.435959 0.6990696 0.920327 -0.372266 -0.1200683 0.8341145 -0.2511079 -0.4911189 0.8926264 -0.4492427 0.03740733 0.6196488 -0.1266121 -0.7745998 0.5768917 -0.108625 -0.8095656 0.8815473 -0.3431364 -0.3242405 0.8530727 -0.4799505 0.2047302 0.863392 -0.4694291 0.1849072 0.7243598 -0.1885715 -0.6631316 0.907863 -0.3838655 -0.1686185 0.7973591 -0.2661656 -0.5416404 0.905101 -0.4235487 -0.03739869 0.5112794 -0.1032097 -0.8531947 0.5114048 -0.1031778 -0.8531233 0.7235192 -0.4997804 0.476172 0.7367417 -0.4936529 0.4620807 0.8631038 -0.301298 -0.405304 0.3749747 -0.3548488 0.8564323 0.3858147 -0.359166 0.8497922 0.6364806 -0.1632274 -0.7538232 0.6333928 -0.4812298 0.6059962 0.6284295 -0.4818372 0.6106631 0.8428325 -0.5028184 0.1918519 0.8874896 -0.419016 -0.1918014 0.8913584 -0.441917 -0.1009432 0.7807468 -0.5286003 0.3331911 0.8271692 -0.317343 -0.4637721 0.8743516 -0.4839484 0.03610068 0.8739631 -0.4844596 0.03856509 0.7015173 -0.5302096 0.476184 0.8724623 -0.3560733 -0.3346958 0.8682777 -0.4100698 -0.2791712 0.8777639 -0.4259667 -0.2192779 0.7807978 -0.5295842 0.3315045 0.784141 -0.2859084 -0.5507989 0.7905663 -0.299663 -0.5340477 0.464363 -0.4339717 0.7720334 0.4619269 -0.4332985 0.7738707 0.867641 -0.4963264 -0.02931427 0.6989699 -0.5506545 0.4563121 0.8348033 -0.3690848 -0.4085091 0.3404829 -0.3791451 0.8604187 0.3429678 -0.3903552 0.854398 0.8387194 -0.5324356 0.1142895 0.617546 -0.520312 0.5898408 0.8038372 -0.5384878 0.2527382 0.522683 -0.4798931 0.7046312 0.8768314 -0.4700832 -0.1009382 0.6065928 -0.1803634 -0.774283 0.8017907 -0.5674832 0.1873353 0.6999308 -0.2467669 -0.6702259 0.7118163 -0.2658104 -0.650125 0.5341683 -0.5034821 0.679095 0.860805 -0.4601918 -0.2173436 0.8578394 -0.4786559 -0.1870836 0.759499 -0.5603039 0.3304858 0.428636 -0.4844352 0.762623 0.4265525 -0.4735836 0.7705658 0.8464693 -0.5289596 -0.06075739 0.4923563 -0.1561433 -0.8562737 0.5080532 -0.1522892 -0.8477558 0.6723506 -0.5690996 0.4733606 0.687295 -0.5641857 0.4575151 0.8210778 -0.3882157 -0.4184732 0.8216059 -0.411469 -0.3945338 0.8298177 -0.548057 0.1050534 0.6114797 -0.218563 -0.7604753 0.5765899 -0.5414488 0.6118639 0.5797461 -0.5415215 0.6088094 0.7545021 -0.5965651 0.2735625 0.7896201 -0.5840812 0.1880142 0.4800284 -0.5350048 0.6952285 0.4890621 -0.5675998 0.6623057 0.8370087 -0.537235 -0.103899 0.8255453 -0.560996 0.06130576 0.5966004 -0.2262418 -0.7699887 0.8182858 -0.4711365 -0.3293005 0.6805899 -0.2984732 -0.6691122 0.8446036 -0.5013113 -0.1879676 0.7076077 -0.6222236 0.334857 0.75609 -0.3581792 -0.5477551 0.758826 -0.3661314 -0.5386379 0.4798249 -0.1817538 -0.8583319 0.485244 -0.1808222 -0.8554774 0.6437201 -0.6012906 0.4733647 0.643787 -0.6012714 0.4732979 0.8142948 -0.4251012 -0.3952381 0.7813765 -0.6134115 0.1147915 0.8039149 -0.593662 0.03586333 0.5973573 -0.2574727 -0.759521 0.5634083 -0.5800362 0.5883274 0.5389922 -0.5924475 0.5987432 0.8109415 -0.4840009 -0.3288114 0.8135993 -0.5160133 -0.2679299 0.7469471 -0.6062597 0.2729824 0.6864534 -0.3220728 -0.6519593 0.8262307 -0.5512993 -0.1158102 0.7756856 -0.4364221 -0.4559031 0.5465865 -0.6445487 0.5346028 0.7410067 -0.6439353 0.1904113 0.8021916 -0.5676768 -0.1850181 0.6886851 -0.6431646 0.334742 0.6886451 -0.6431821 0.3347908 0.7403628 -0.4163102 -0.5277771 0.7391639 -0.402486 -0.5400385 0.7957305 -0.603601 -0.04978668 0.7935276 -0.6075665 -0.03430682 0.6100176 -0.6320291 0.4779306 0.6145783 -0.6310685 0.473335 0.5894662 -0.6505283 0.4788973 0.7721651 -0.4908294 -0.4035438 0.7617723 -0.6377826 0.1137385 0.8026499 -0.5335338 -0.2666364 0.7831447 -0.5940135 -0.1839354 0.5935709 -0.6978749 0.4008045 0.7752457 -0.6307757 -0.03340864 0.7506091 -0.6599265 0.03290867 0.5632247 -0.270747 -0.7806882 0.7684516 -0.5459433 -0.3338084 0.7146773 -0.667437 0.2091987 0.6652992 -0.3676611 -0.649771 0.6532285 -0.3531151 -0.6697779 0.7782703 -0.5979559 -0.1916871 0.6564049 -0.6760741 0.3347486 0.6525349 -0.6774547 0.33949 0.6232749 -0.7355564 0.2654903 0.6301386 -0.6978503 0.3404853 0.7226758 -0.4305886 -0.5406786 0.4610385 -0.2218655 -0.8591968 0.5368623 -0.2648402 -0.8010234 0.4697014 -0.222924 -0.8542163 0.7604725 -0.5013093 -0.4127599 0.6167511 -0.3458592 -0.7071064 0.6742326 -0.4297074 -0.6006346 0.7233679 -0.4993578 -0.4768443 0.7225463 -0.4985505 -0.4789302 0.7440362 -0.6675305 0.02851676 0.7507048 -0.5695814 -0.334693 0.7497107 -0.5735529 -0.3301076 0.6821789 -0.7056148 0.1916759 0.658937 -0.7279 0.1896405 0.6925401 -0.6994286 0.1766008 0.747309 -0.6450333 -0.1595656 0.7550466 -0.62702 -0.1917046 0.6857327 -0.4868415 -0.5410693 0.7199408 -0.6929713 -0.03841972 0.7006648 -0.7052655 0.108025 0.6452119 -0.7562363 0.108666 0.5895778 -0.3568957 -0.724585 0.7290912 -0.5995133 -0.3301666 0.7278668 -0.6265678 -0.2786087 0.6653252 -0.4362037 -0.6058619 0.7300691 -0.6648108 -0.1581952 0.7129381 -0.5457797 -0.4402768 0.6849467 -0.7272889 0.04357713 0.6690639 -0.7418853 0.0442686 0.5052771 -0.3037432 -0.8077346 0.5375409 -0.3429114 -0.7703646 0.6254067 -0.4302378 -0.6509701 0.7109258 -0.6758626 -0.1944077 0.6580171 -0.5003978 -0.562686 0.6480398 -0.7603136 -0.04435795 0.7057267 -0.7074063 -0.03906816 0.4421679 -0.2719109 -0.8547233 0.4340995 -0.2705882 -0.8592668 0.6858957 -0.5629134 -0.4611677 0.689732 -0.600418 -0.4046825 0.7082716 -0.6491533 -0.2774009 0.598863 -0.4497969 -0.6626054 0.6660373 -0.7382233 -0.1068671 0.6817973 -0.7236934 -0.106866 0.5181944 -0.3615238 -0.7750969 0.6785281 -0.6535483 -0.335372 0.592375 -0.4502423 -0.6681122 0.6366097 -0.7465901 -0.1932132 0.693113 -0.694566 -0.1928018 0.6462139 -0.5448734 -0.5343412 0.6451085 -0.5403198 -0.5402681 0.4154238 -0.2850505 -0.8638108 0.6776028 -0.6132887 -0.4058712 0.6620871 -0.7043639 -0.2559534 0.6473088 -0.7179699 -0.2559501 0.6061265 -0.7185677 -0.3409856 0.6151567 -0.5811589 -0.5327631 0.6417785 -0.611278 -0.4630978 0.52406 -0.4032 -0.7501939 0.6653057 -0.6666914 -0.3359925 0.5808702 -0.4945832 -0.6465116 0.608146 -0.5806501 -0.5412983 0.4288743 -0.3139471 -0.8470561 0.6269386 -0.6687013 -0.3997332 0.618515 -0.6740501 -0.403851 0.5445734 -0.5120181 -0.6642871 0.5561465 -0.646196 -0.5226202 0.5086286 -0.4059891 -0.7592561 0.546078 -0.5123808 -0.6627706 0.5576034 -0.620838 -0.5510341 0.3865113 -0.3292937 -0.8614956 0.4107095 -0.3402425 -0.8459036 0.4432658 -0.3792657 -0.8122025 0.5028393 -0.4700521 -0.725399 0.4635177 -0.4535147 -0.761233 0.5020485 -0.5615983 -0.6576889 0.4954847 -0.5606033 -0.6634899 0.43777 -0.4114995 -0.7993908 0.3558588 -0.3357648 -0.872139 0.4336736 -0.4836057 -0.7602978 0.4201881 -0.4801049 -0.7700268 0.3697631 -0.3778249 -0.8488366 0.3551051 -0.3915803 -0.8488612 -0.446372 0.5042256 0.7392622 -0.4899176 0.4565219 0.7426766 -0.455621 0.489484 0.7435152 -0.4976293 0.4512854 0.7407473 -0.5265116 0.4140072 0.7425521 -0.5654887 0.3627957 0.7406766 -0.5413587 0.4016431 0.7386567 -0.6006379 0.3183147 0.7334234 -0.5517181 0.3621502 0.7513018 -0.6051301 0.2889534 0.7418379 -0.6041465 0.294184 0.7405828 -0.6289483 0.2307672 0.7424086 -0.6325606 0.2254973 0.7409575 -0.6488741 0.1669526 0.7423539 -0.6515623 0.1620893 0.7410761 -0.6622085 0.1021047 0.7423306 -0.6693121 0.03511279 0.7421513 -0.6643506 0.09715574 0.7410797 -0.6705508 0.03127765 0.741204 -0.6695213 -0.03152877 0.7421235 -0.6702648 -0.03488087 0.7413019 -0.6632394 -0.09854632 0.7418909 -0.6635005 -0.1006783 0.741371 -0.650257 -0.1641032 0.7417789 -0.6331287 -0.2210962 0.7417983 -0.6502922 -0.1654766 0.7414429 -0.6041607 -0.2952752 0.7401368 -0.6324651 -0.2292646 0.7398822 -0.6051308 -0.2895828 0.741592 -0.5735832 -0.3482417 0.7414379 -0.5737195 -0.3477404 0.7415677 -0.5361055 -0.4037039 0.7413596 -0.5367177 -0.4020818 0.7417981 -0.490206 -0.4590324 0.7409367 -0.4707856 -0.478487 0.7412228 -0.5184431 -0.3968995 0.7574217 -0.4421463 -0.4988317 0.7454352 -0.4270364 -0.5162813 0.7423568 -0.3639971 -0.5605844 0.7438087 -0.3890202 -0.5378556 0.7479136 -0.3339256 -0.5736905 0.7479124 -0.299089 -0.599238 0.7426033 -0.2485559 -0.6236537 0.7411317 -0.2768137 -0.6063672 0.7454481 -0.1756122 -0.6497308 0.7396014 -0.2154226 -0.6307634 0.7454735 -0.1557072 -0.6501133 0.7437123 -0.1021211 -0.6645718 0.7402133 -0.08993017 -0.6637167 0.7425582 -0.03627973 -0.6731845 0.7385841 -0.01055175 -0.669172 0.7430326 0.05002993 -0.672658 0.7382603 0.06392514 -0.6644083 0.7446308 -0.00419116 -0.6579297 0.7530677 0.1417353 -0.6536218 0.743431 0.08368301 -0.6709796 0.7367384 0.1379733 -0.6438174 0.752637 0.1785625 -0.6466506 0.7415919 0.1723058 -0.6496756 0.7404271 0.2508902 -0.6208978 0.7426574 0.2359542 -0.6309431 0.7390781 0.2961416 -0.6030148 0.7407249 0.3038752 -0.5964583 0.7428979 0.3613038 -0.5639853 0.7425497 0.357215 -0.5693153 0.7404577 0.422624 -0.5322667 0.7335401 0.3940846 -0.5348768 0.7473983 0.3980242 -0.5264099 0.7513117 0.3347154 -0.5698022 0.7505272 0.006331443 0.004446327 0.99997 0.005454301 0.01381164 0.9998897 0.00698328 0.004556 0.9999653 0.005324423 0.001660168 0.9999845 0.006865262 0.0010975 0.9999759 -0.01503914 0.0199005 0.9996889 -0.003962218 0.008148074 0.999959 0.00588566 -3.04691e-5 0.9999827 0.01845884 -0.01718413 0.9996819 -0.0165311 0.01866179 0.9996892 -0.006911456 5.65369e-4 0.999976 0.004974961 -0.01138138 0.9999228 0.01546955 -0.01968622 0.9996865 0.001820862 5.67787e-4 0.9999982 -0.001669526 0.003680169 0.9999919 -0.005541086 -0.001830935 0.999983 0.00420928 0.003509402 0.999985 0.002163946 -0.01464301 0.9998905 0.001274347 0.007651746 0.99997 0.001495182 0.006354093 0.9999787 -0.001977086 0.007685422 0.9999685 -7.88347e-4 0.006433248 0.999979 0.01044607 0.007881104 0.9999143 -0.005139291 0.005049347 0.999974 0.009599566 0.00555551 0.9999385 -0.006247162 0.006560623 0.9999589 0.02112543 0.001409769 0.9997758 -0.01380383 -0.002013325 0.9999028 0.01164352 -0.009409487 0.999888 -0.006569266 -0.004603207 0.9999678 0.007204651 -0.003327548 0.9999685 4.44612e-4 -0.002642989 0.9999964 -0.006277263 -0.00380522 0.9999731 -0.001021504 -6.07147e-4 0.9999994 0 0 1 0.004042506 -0.005963981 0.999974 0.6234441 -0.7816945 0.01647055 0.614476 -0.7889313 0.002603292 0.5373266 -0.8432996 0.0112167 0.5623551 -0.8234924 0.0749464 0.4888015 -0.8722517 -0.01581054 0.4138997 -0.9098403 0.02962785 0.4160844 -0.9086675 0.03460115 0.3543767 -0.9349499 -0.01690781 0.2809168 -0.9593902 0.02561998 0.2671716 -0.9636459 0.002416968 0.1940849 -0.9800703 0.04234689 0.1748526 -0.9845391 0.0104568 0.1099169 -0.9939284 -0.004941821 0.07592827 -0.9967409 0.02724546 0.02112185 -0.9996713 -0.0145297 -0.02369225 -0.9993425 0.02744644 -0.07867807 -0.9967911 -0.01474231 -0.1303735 -0.9908789 0.03408539 -0.1770693 -0.9839774 -0.02085828 -0.2605671 -0.9651171 0.02556824 -0.2746315 -0.9615473 0.002103745 -0.3641759 -0.9312753 0.01011919 -0.3686239 -0.9295756 0.002397954 -0.4550873 -0.8903855 0.01045316 -0.4597034 -0.8880701 0.002098858 -0.5414835 -0.8406504 0.01012468 -0.5323851 -0.8460627 0.02727824 -0.5921477 -0.8058295 1.52578e-4 -0.6281362 -0.7777939 0.02194476 -0.6325052 -0.7744464 0.01303875 -0.7010969 -0.7129092 -0.01494705 -0.7253923 -0.6874784 0.0343458 -0.7624063 -0.6470566 -0.007367432 -0.7962588 -0.6046859 0.01807731 -0.803907 -0.5947496 0.002585828 -0.8564346 -0.5161337 0.0112186 -0.855329 -0.5178582 0.01533061 -0.9026436 -0.4301291 -0.01494789 -0.9167783 -0.3979165 0.03434848 -0.9409891 -0.3381146 -0.01476711 -0.9548565 -0.2958158 0.02724552 -0.9676508 -0.2521859 -0.007365524 -0.9823471 -0.1870496 0.002588331 -0.9797679 -0.1993187 0.01807832 -0.9948526 -0.1007824 0.01054883 -0.9954304 -0.09547072 0.001928746 -0.9999896 0.004117548 0.00192821 -0.9999436 -0.00122714 0.01055115 -0.9946107 0.1036617 0.001926958 -0.9950971 0.09833878 0.01055002 -0.9806735 0.1925252 0.03483796 -0.9788722 0.2041649 0.01122176 -0.9660829 0.2576642 -0.01711803 -0.9382762 0.3458815 0.001932799 -0.9429457 0.3319595 0.02561616 -0.8991715 0.4375921 0.001931607 -0.9014469 0.4327612 0.01054698 -0.8560711 0.5165579 0.01761204 -0.8538847 0.5203553 0.01054656 -0.8199931 0.5723198 -0.00783497 -0.7975795 0.6025891 0.02744597 -0.7634049 0.645752 -0.01474308 -0.7336213 0.6790154 0.02716374 -0.6956491 0.7182297 -0.0147804 -0.6674525 0.7443597 0.0208795 -0.1707594 0.1998143 -0.9648396 -0.1660166 0.1246326 -0.9782152 -0.1480875 0.07383674 -0.9862141 -0.1952492 0.09383261 -0.9762546 -0.4006623 0.1468468 -0.9043814 -0.1529201 0.03990602 -0.9874325 -0.1958977 0.04897558 -0.9794006 -0.2221747 0.01670545 -0.9748638 -0.2441973 -0.06426054 -0.967594 -0.1786344 -0.07572132 -0.9809975 -0.08855873 -0.05575203 -0.9945094 -0.1376694 -0.1241561 -0.982666 -0.1370485 -0.1687992 -0.9760761 -0.125974 -0.2086399 -0.9698454 -0.07479965 -0.1818532 -0.9804767 -0.02152419 -0.1632106 -0.9863564 0.01205557 -0.1698039 -0.9854041 0.04788899 -0.1836873 -0.9818176 0.09858489 -0.2329397 -0.9674814 0.1486862 -0.2029373 -0.9678372 -0.3204939 0.4351509 0.8413842 -0.3967231 0.6957535 0.5987804 -0.3556045 0.6591314 -0.6626397 -0.358018 0.7159922 0.5993149 -0.2089905 0.5384157 0.8163526 -0.3049022 0.9033904 0.3015303 -0.1530318 0.5458105 0.8238157 -0.1572949 0.841234 0.5172849 -0.1169205 0.6781539 0.7255596 -0.0475502 0.6454173 0.7623486 -0.04751622 0.760135 0.6480255 -0.004935383 0.1625244 -0.9866921 0.00947386 0.7628821 0.6464683 0.01794415 0.6184313 0.7856339 0.0760771 0.7298112 0.6794026 0.07083606 0.5584603 0.8265013 0.1712388 0.766299 0.619244 0.1916444 0.8348323 0.5160692 0.1685889 0.5731846 0.8018959 0.2664297 0.7539142 0.6005236 0.2175741 0.5518023 0.8050937 0.0522927 0.1310048 -0.9900016 0.1717334 0.381368 0.9083315 0.4337452 0.8996696 -0.04959636 0.1835286 0.3369908 0.923447 0.09125214 0.1312667 -0.9871383 0.499704 0.7678129 0.4009481 0.3518633 0.4877496 0.7989321 0.4575631 0.6012402 0.6550925 0.382565 0.4315455 0.8169532 0.6655028 0.6841797 0.2983357 0.439845 0.4114178 0.7982931 0.50643 0.4155595 0.755539 0.6876633 0.5378265 0.487711 0.5084754 0.3501334 0.7866762 0.7260003 0.44365 0.5254505 0.624445 0.3716715 0.6869707 0.5418379 0.2589468 0.7995989 0.7010675 0.3195962 0.6374658 0.5572475 0.2057337 0.8044557 0.828227 0.2623601 0.4951841 0.6692097 0.1974343 0.7163645 0.6781767 0.1405474 0.721334 0.8409969 0.1584618 0.5173143 0.5916106 0.08266508 0.8019747 0.795908 0.03734022 0.6042649 0.8365471 0.04162222 0.5463118 0.5918527 -0.02680468 0.8056003 0.6947664 -0.07817137 0.7149747 0.8687325 -0.08002394 0.4887741 0.6964012 -0.1372393 0.7044081 0.8003979 -0.1672791 0.5756568 0.555549 -0.1477981 0.8182426 0.7989247 -0.2817353 0.5313611 0.6563948 -0.2411273 0.714845 0.7015107 -0.3406807 0.6259547 0.6468731 -0.317627 0.6933025 0.5105891 -0.3086158 0.8025304 0.7972924 -0.547708 0.2536551 0.653106 -0.4405282 0.6159445 0.4144764 -0.304228 0.8577032 0.5115463 -0.4782287 0.7138752 0.6091523 -0.5571394 0.5643839 0.462502 -0.5179004 0.7196326 0.512011 -0.5846971 0.6292646 0.5883156 -0.8054993 0.07110327 0.5784408 -0.8156791 -0.00858885 0.5312407 -0.8382571 0.1229162 0.492881 -0.8688437 -0.04668045 0.4512296 -0.880023 0.1481599 0.3713365 -0.9217255 0.1119432 0.403993 -0.9137651 -0.0426988 0.3180888 -0.9474647 0.03361856 0.2619994 -0.9576506 0.1194218 0.3112829 -0.9502996 -0.005807161 0.2173575 -0.9760872 -0.003088831 0.2039315 -0.9687696 -0.1410586 0.1372141 -0.9822928 0.1275664 0.08293712 -0.9960466 0.0318228 0.0182994 -0.9926093 0.1199662 0.07450705 -0.9967952 -0.02911889 -0.02991509 -0.9995523 5.59895e-4 -0.03249025 -0.9990069 -0.03048753 -0.120429 -0.9925174 0.02015393 -0.1318243 -0.9909955 -0.0234571 -0.1731038 -0.974355 0.143762 -0.2383422 -0.9683722 -0.07381224 -0.2611464 -0.9611896 0.08897769 -0.3224378 -0.9358731 0.1420401 -0.3711969 -0.9202065 -0.1242293 -0.4018965 -0.9109348 0.09315037 -0.4593499 -0.877142 0.14007 -0.498528 -0.863095 -0.08085131 -0.5322828 -0.8392565 0.1110115 -0.5897845 -0.8072139 0.02366721 -0.5897054 -0.8072527 0.02430516 -0.6588711 -0.7475199 0.08427917 -0.6671546 -0.7445232 0.02428913 -0.7300225 -0.6782051 0.08429074 -0.7437232 -0.6670145 -0.04435706 -0.7813543 -0.6029676 0.1609838 -0.829517 -0.5562959 -0.04936033 -0.8297227 -0.554332 -0.06539291 -0.8624932 -0.4797771 0.1609953 -0.9031658 -0.4264428 -0.04937809 -0.900881 -0.4336313 0.01942777 -0.9336676 -0.3493528 0.07885032 -0.9505297 -0.2852406 0.1230086 -0.942216 -0.334874 -0.009398877 -0.9722028 -0.2056365 0.1119611 -0.9700343 -0.2391874 -0.04269623 -0.9896672 -0.1414186 0.02365505 -0.9902352 -0.1321586 -0.04436784 -0.9850674 -0.05756533 0.1622603 -0.9987226 0.007745504 -0.04993283 -0.999769 1.91776e-4 0.02149015 -0.9931868 0.09014314 0.07385265 -0.9844731 0.1743831 -0.02008306 -0.9698404 0.2429063 0.0201559 -0.9454304 0.292959 0.1426053 -0.9630931 0.2626657 -0.05880826 -0.9242982 0.3798848 0.03688472 -0.8893729 0.4367268 0.135224 -0.9136182 0.3952905 -0.09511649 -0.8573517 0.5134075 0.03688877 -0.8156573 0.5653074 0.123007 -0.8528263 0.5213823 -0.02911597 -0.7669304 0.6318866 0.1119692 -0.7918107 0.6092729 -0.04268974 -0.7324844 0.6799532 0.03362053 -0.6873986 0.7148665 0.1282532 -0.7219761 0.6903995 -0.04581755 -0.6037724 0.6883367 0.4020591 0.5708516 -0.7263289 0.3828509 -0.641624 0.6636728 0.3845217 -0.7059248 0.5881367 0.3946714 -0.6921451 0.5917664 0.4132163 -0.6758586 0.6344192 0.3751366 -0.7223649 0.5574931 0.4091338 -0.7684754 0.5019107 0.396902 -0.7533929 0.5354146 0.3817464 -0.7840021 0.4704095 0.4050376 -0.8133082 0.4333565 0.388242 -0.8497096 0.361298 0.3840019 -0.8262654 0.3954971 0.4010831 -0.8812026 0.2755119 0.384155 -0.8611801 0.312479 0.4009059 -0.8875979 0.2261303 0.4012918 -0.9042279 0.1862212 0.3843094 -0.9056606 0.1371343 0.4012144 -0.9183041 0.09572714 0.3841274 -0.9233071 0.003309071 0.3840482 -0.9147436 0.04637789 0.4013645 -0.9190215 -0.08845502 0.3841552 -0.9148102 -0.04519897 0.4013469 -0.9176841 -0.1291455 0.3757358 -0.894883 -0.1694956 0.4128628 -0.899544 -0.1868352 0.3948584 -0.8946031 -0.2284244 0.3840671 -0.8769187 -0.2663609 0.4000819 -0.829672 -0.3914384 0.3980206 -0.8634202 -0.3405069 0.3722374 -0.8636334 -0.2986905 0.4061051 -0.8244341 -0.3996105 0.4007741 -0.8120121 -0.4383753 0.3853093 -0.7641308 -0.5172003 0.3854971 -0.7818002 -0.4766273 0.4020135 -0.7092405 -0.5904431 0.3851686 -0.7349043 -0.54764 0.4000076 -0.6733866 -0.6182061 0.4054277 -0.7307912 -0.6685296 0.137885 -0.6471257 -0.6583911 0.3843823 -0.5776619 -0.7187776 0.3868662 -0.6075661 -0.6865054 0.3994668 -0.4994937 -0.7687249 0.3994598 -0.571262 -0.7351784 0.364928 -0.506339 -0.7529078 0.4204171 -0.420381 -0.8144951 0.3998467 -0.4621395 -0.7994027 0.3839044 -0.3348588 -0.8526972 0.4009702 -0.3833283 -0.8406412 0.3825988 -0.2602537 -0.8810353 0.3950251 -0.3001647 -0.8726111 0.3852935 -0.2412399 -0.8782598 0.4128718 -0.1633053 -0.9086831 0.3842217 -0.2029971 -0.9043095 0.3755216 -0.1073278 -0.9120115 0.3958736 -0.1231594 -0.908262 0.3998647 0.01145595 -0.9187188 0.3947463 -0.01586711 -0.9124991 0.4087708 -0.05264383 -0.9229326 0.381345 0.112484 -0.9163786 0.3841844 0.07059752 -0.924439 0.374738 0.02671831 -0.9107978 0.4119872 0.2029913 -0.9007433 0.384 0.1513273 -0.9034653 0.4010617 0.2563707 -0.8816182 0.3962617 0.2405441 -0.883786 0.4013239 0.3316454 -0.8577049 0.3928786 0.3417731 -0.8493368 0.4022661 0.4148019 -0.8206244 0.3930839 0.412739 -0.8226005 0.3911201 0.4915644 -0.7786574 0.389945 0.5363008 -0.7440375 0.3984841 0.4925644 -0.7774832 0.3910242 -0.2285259 0.2931551 0.9283512 -0.09807723 0.1338297 0.9861391 -0.2284384 0.3114003 0.9224129 -0.2446017 0.3266337 0.9129515 -0.3311776 0.5594685 0.7598135 -0.1733599 0.3042105 0.9366976 -0.2024198 0.3782359 0.9033071 -0.03844726 0.07143527 0.9967041 -0.2350534 0.4786601 0.8459518 -0.1956763 0.5232675 0.8293986 -0.1082776 0.2675956 0.957428 -0.2322865 0.5739136 0.785281 -0.0934149 0.2804422 0.9553145 -0.1587653 0.5779662 0.8004678 -0.1470241 0.5543705 0.8191809 -0.1213036 0.4415411 0.8890033 -0.1127492 0.3986953 0.9101262 -0.03119736 0.1099815 0.9934439 -0.08985912 0.547398 0.8320341 -0.04701417 0.320324 0.9461407 -0.08012199 0.6483389 0.7571242 -0.03643774 0.4372543 0.8985994 -0.008379042 0.1032903 0.994616 -0.01757156 0.6323344 0.7744963 -0.001489162 0.3285166 0.9444971 -0.005989968 0.1928275 0.9812144 0.02930355 0.5479763 0.8359804 0.008965373 0.09208059 0.9957112 0.04231774 0.4336348 0.9000945 0.07185459 0.6271792 0.7755535 0.04168689 0.3636723 0.9305937 0.08569586 0.5590552 0.82469 0.04032909 0.2059851 0.9777237 0.0687983 0.2931795 0.9535788 0.1415874 0.6031269 0.7849782 0.1423739 0.5047379 0.8514513 0.0268225 0.08480143 0.9960367 0.1413726 0.4473589 0.8831103 0.1180199 0.3179996 0.9407165 0.2277923 0.5793488 0.7826018 0.09628182 0.1985612 0.9753478 0.192739 0.3642337 0.9111452 0.05477106 0.1035563 0.9931145 0.2084121 0.4043697 0.8905333 0.17695 0.2725313 0.9457353 0.3726012 0.4664416 0.8022472 0.2436004 0.2960767 0.9235786 0.06253731 0.07381564 0.9953092 0.2872161 0.3391974 0.8957969 0.3764936 0.3732591 0.8478976 0.1649928 0.1720001 0.9711814 0.45798 0.4256075 0.7804567 0.2299815 0.212789 0.949647 0.07127475 0.05877143 0.9957238 0.3449357 0.2855852 0.8941255 0.4316541 0.3256008 0.8412246 0.2391848 0.164523 0.956934 0.5279591 0.3615989 0.7684435 0.1778012 0.1071038 0.9782205 0.4600949 0.2789183 0.8429219 0.09985911 0.05516207 0.9934713 0.3856201 0.2115377 0.8980807 0.537683 0.257343 0.8029145 0.2847561 0.1382086 0.9485844 0.5528213 0.2683165 0.7889202 0.5122081 0.1857401 0.8385366 0.3917185 0.143317 0.9088547 0.09149909 0.0332688 0.9952492 0.613751 0.1913788 0.7659529 0.2971281 0.09264999 0.950332 0.1947477 0.05395936 0.979368 0.5239831 0.1334156 0.8412146 0.1024324 0.02083766 0.9945217 0.4153571 0.08449012 0.9057262 0.3203368 0.05173516 0.94589 0.5968644 0.09643977 0.7965251 0.5724996 0.0869342 0.8152832 0.1526719 0.004050493 0.9882686 0.373669 0.01635473 0.9274179 0.5778138 0.02526032 0.8157776 0.6056094 0.03156757 0.7951358 0.3776198 0.01608949 0.925821 0.223993 0.009464561 0.9745448 0.5429559 -0.02521675 0.8393825 0.3420886 -0.03049445 0.9391728 0.6263457 -0.0564959 0.7774956 0.3867303 -0.04142069 0.9212622 0.0833044 -0.008559703 0.9964874 0.5432192 -0.0793305 0.8358346 0.6012186 -0.121938 0.7897261 0.3267789 -0.06663054 0.9427492 0.5336039 -0.1326257 0.8352708 0.4201113 -0.1105747 0.9007107 0.1237244 -0.03289514 0.9917712 0.5917352 -0.1876714 0.7839827 0.2995707 -0.09578758 0.9492535 0.2212661 -0.06561321 0.9730037 0.5172027 -0.184243 0.8357966 0.5413955 -0.2592271 0.7998077 0.5317845 -0.2564947 0.8071033 0.3358627 -0.1603568 0.9281605 0.08167648 -0.03944909 0.9958779 0.3671722 -0.1791807 0.9127315 0.2268775 -0.143259 0.9633293 0.4677107 -0.2807728 0.838101 0.5333897 -0.3612716 0.7648388 0.2603058 -0.1763083 0.9492926 0.4435112 -0.3288688 0.8337524 0.07641398 -0.05696219 0.9954478 0.3469315 -0.2572524 0.9019201 0.2418061 -0.2161949 0.9459332 0.4405897 -0.4081256 0.7995713 0.3132188 -0.3295817 0.890657 0.06670355 -0.07015013 0.9953038 0.2455672 -0.2762372 0.9291877 -0.007181107 0.01793777 0.9998133 -0.006583511 0.01729774 0.9998287 -0.005626201 0.0192337 0.9997991 0.006349444 0.02512609 0.9996641 0.008722186 -0.007867634 0.999931 0.008372783 0.01252454 0.9998865 0.01401507 -0.004763484 0.9998905 0.01688134 0.01407384 0.9997585 0.004222691 0.003865897 0.9999836 0.01203691 0.001244127 0.9999268 0.003344595 0.002788543 0.9999905 0.01309937 8.74302e-4 0.9999138 -0.001867413 -7.86856e-5 0.9999983 0.01034432 -0.002199888 0.9999441 -5.07507e-4 0.00552982 0.9999846 -0.00331968 0.002304434 0.9999918 0.01790773 -0.00899446 0.9997991 0.01635318 -0.0102908 0.9998133 -0.01635366 0.01029127 0.9998133 -0.01034432 0.002199888 0.999944 -0.007181346 0.01793801 0.9998133 -0.01309931 -8.74111e-4 0.9999138 -0.006583213 0.01729744 0.9998287 -0.0120368 -0.001243948 0.9999268 0.006349086 0.02512502 0.9996641 -0.01688086 -0.01407343 0.9997585 0.008372426 0.0125243 0.9998866 -0.008372306 -0.01252418 0.9998865 0.01688104 0.01407355 0.9997585 -0.006348967 -0.02512449 0.9996641 0.01203685 0.001244068 0.9999268 0.006583154 -0.01729732 0.9998287 0.01034414 -0.002199709 0.999944 0.01309913 8.74281e-4 0.9999138 0.007181167 -0.01793777 0.9998133 0.01635336 -0.01029109 0.9998133 0.0301131 0.02510493 0.9992312 -0.009142577 -0.004300594 0.9999489 -0.02112489 -0.001409649 0.9997759 -0.009599387 -0.00555545 0.9999385 4.44636e-4 -0.002642869 0.9999964 0 0 1 -0.01541548 0.01457828 0.9997749 -0.01164388 0.009410321 0.999888 -0.001021504 -6.07117e-4 0.9999994 0.01350384 -0.01597189 0.9997813 -0.0137484 0.0159735 0.9997779 -5.0874e-4 0.005533158 0.9999846 0.008725345 -0.007869184 0.9999309 0.01316386 -0.01625418 0.9997812 -0.001867294 -7.88498e-5 0.9999983 -0.003321409 0.002307176 0.9999918 0.00422281 0.003866136 0.9999836 0.01401752 -0.004765391 0.9998905 0.003344118 0.002787947 0.9999905 -0.1693763 0.2092961 0.9630715 -0.06631231 0.1500864 0.9864466 -0.03677326 0.1664014 0.9853722 -0.00801897 0.203594 0.9790225 0.01279884 0.427769 0.9037975 0.02421677 0.2333274 0.9720967 0.009116351 0.0498771 0.9987137 0.0452829 0.1967315 0.9794112 0.09111702 0.2381076 0.9669553 0.1784312 0.3904193 0.9031806 0.08055448 0.1395063 0.9869392 0.09327709 0.1593028 0.9828133 0.127444 0.09681028 0.9871098 0.2107134 0.08150321 0.9741443 0.04640698 0.008407413 0.9988872 0.1760954 0.02519834 0.9840505 0.2046377 -0.006520986 0.9788161 0.05563372 -0.01786077 0.9982915 0.1863558 -0.06845045 0.9800949 0.1694827 -0.09669798 0.9807778 0.1277896 -0.1072085 0.9859899 -0.6251135 0.7700353 -0.1275883 -0.6199841 0.7838473 0.03468447 -0.5432085 0.8387878 -0.03687232 -0.5385636 0.8421408 0.02735024 -0.4881215 0.865817 0.1099924 -0.4523383 0.8796583 -0.1469399 -0.4089405 0.9051923 0.1157352 -0.3596719 0.9327137 -0.02610307 -0.3594973 0.9328212 -0.02462369 -0.300971 0.9400399 0.1604415 -0.2242504 0.9728674 -0.05692821 -0.2250226 0.9721469 -0.0655384 -0.1556237 0.9733627 0.1683635 -0.06899774 0.9971903 0.02917158 -0.08422809 0.9842131 -0.1556602 -0.0127027 0.9935371 0.1127947 0.03694146 0.9982808 0.04550629 0.02370083 0.9996618 -0.01070523 0.1257696 0.9918656 -0.01961082 0.1229688 0.9911306 -0.05038571 0.1793787 0.9725472 0.1482408 0.2238072 0.9534187 -0.2022456 0.2672148 0.9538903 0.1367097 0.3279789 0.9396955 0.09696531 0.3489639 0.8971995 -0.2706606 0.4065341 0.9029963 0.1390247 0.4665052 0.8795384 0.09372872 0.4892774 0.8685323 -0.07911521 0.5365531 0.8348673 0.1229121 0.5932612 0.8015223 0.07485502 0.5827363 0.8126407 -0.005796372 0.6627116 0.7467932 0.05579751 0.6605472 0.7503409 0.02580505 0.7376471 0.6741055 -0.03819018 0.7359628 0.6744868 -0.05853545 0.7905043 0.5993382 0.1260824 0.8298904 0.550896 0.08829158 0.816049 0.5774044 -0.02584749 0.8551024 0.5166862 -0.04284012 0.8614813 0.507116 0.02614194 0.895308 0.4228261 0.1401488 0.8994697 0.390408 -0.196305 0.9345541 0.3480423 0.07399457 0.9548021 0.2964488 0.02170377 0.9548883 0.2958292 0.02595067 0.9661536 0.2316151 0.1135852 0.9781597 0.1914806 -0.08086228 0.9704695 0.1373819 0.1982804 0.9808232 0.05196589 -0.1878439 0.9989538 0.04101717 -0.02022218 0.9855996 -0.01576334 0.1683595 0.9935218 -0.107021 -0.03822278 0.977617 -0.09479624 -0.1878262 0.9724372 -0.1961283 0.1260942 0.9635777 -0.2582744 0.06937164 0.9700316 -0.2361031 -0.05739253 0.946853 -0.3084684 0.09119582 0.9294562 -0.3369999 -0.1501401 0.9218068 -0.3805244 0.07398337 0.9019502 -0.4315141 0.01677513 0.9011978 -0.4326309 0.02594327 0.8664517 -0.4861746 0.1135592 0.8442474 -0.5144925 -0.1501458 0.8203154 -0.5601164 0.1155529 0.7864845 -0.6130587 0.07484221 0.7978596 -0.6028155 -0.00579667 0.7345684 -0.6783205 0.01704359 0.7336427 -0.6790448 0.02581703 0.6904835 -0.7159477 0.1032063 0.6495972 -0.7569471 0.07109576 0.6617652 -0.7496619 -0.008592367 -0.03011143 -0.0251038 0.9992312 0.001131415 -0.003628671 0.9999928 8.12999e-4 -0.007099568 0.9999745 0 0 1 0 0 1 -8.13007e-4 0.007099986 0.9999745 -0.001131415 0.003628671 0.9999928 0.5771507 -0.6461837 0.4993434 0.6661947 -0.6829684 -0.2995641 0.4952583 -0.5306907 -0.6878129 0.6925001 -0.6128684 0.3805732 0.4628279 -0.3820967 -0.7998703 0.5916792 -0.5239577 -0.6126859 0.6267994 -0.4644285 -0.6256427 0.6547598 -0.4898501 -0.5756184 0.8172295 -0.5648799 0.1142219 0.4326251 -0.3005382 -0.8500073 0.7260857 -0.4334772 -0.5337576 0.5583513 -0.3188523 -0.7658832 0.8171038 -0.4500449 -0.3602792 0.7794666 -0.3617194 -0.5114595 0.853497 -0.3648145 -0.3720931 0.5106763 -0.2035295 -0.8353356 0.8856689 -0.2720041 -0.3763037 0.7144005 -0.2264439 -0.6620839 0.9423674 -0.2976779 -0.1527463 0.8283847 -0.2566335 -0.4979135 0.9706401 -0.2038209 -0.127729 0.5735418 -0.1356688 -0.8078638 0.9021232 -0.1349939 -0.4098177 0.9825873 -0.1434977 0.1180278 0.9217823 -0.1402238 -0.361462 0.978494 -0.04868298 -0.2004483 0.5582946 -0.05133748 -0.8280529 0.8282641 -0.02082747 -0.5599509 0.7520187 0.0132057 -0.6590095 0.863264 0.04567563 -0.5026817 0.7059103 0.06999605 -0.7048341 0.8677351 0.1285878 -0.4801052 0.5013392 0.1147049 -0.857614 0.9588636 0.1649438 0.2310286 0.765308 0.2035085 -0.6106455 0.9619802 0.2730684 0.005268812 0.9524518 0.2971642 0.06729781 0.6907678 0.2057124 -0.6931972 0.8765327 0.3555468 -0.324464 0.5783098 0.2439709 -0.7784832 0.8157906 0.3379784 -0.4693146 0.5346817 0.2243759 -0.8147214 0.8471353 0.435384 -0.3046352 0.72858 0.3979226 -0.5575202 0.1796346 0.09617364 -0.9790209 0.7967444 0.4299693 0.4246467 0.8101471 0.4579921 -0.3659304 0.7204681 0.4849113 -0.4957689 0.7712751 0.5266802 -0.3574112 0.7270428 0.489126 -0.4818344 0.7537571 0.6029507 0.261344 0.4717064 0.4015755 -0.7850034 0.7241928 0.6621553 -0.1926007 0.6405096 0.6502496 -0.408562 0.4557971 0.4478428 -0.7692111 0.5864552 0.7277015 -0.3556977 0.556689 0.6876798 -0.4660407 0.4737954 0.6001873 -0.6444324 0.5082024 0.7889818 -0.3453087 0.5377808 0.8244622 -0.176221 0.2951248 0.4524492 -0.8415409 0.3976767 0.6381245 -0.6592801 0.4530121 0.8739218 -0.1761839 0.4271625 0.83575 -0.3450422 0.2418638 0.4665898 -0.850762 0.4090324 0.8899145 -0.2018533 0.3418211 0.8741083 -0.3450986 0.3637442 0.9146715 -0.1762558 0.1895399 0.4766152 -0.8584361 0.2739059 0.9441351 -0.1832609 0.2479298 0.8247784 -0.5082041 0.232828 0.783077 -0.5766987 0.2071084 0.9158964 -0.3438603 0.1366612 0.6559635 -0.7423177 0.1557247 0.8901063 -0.4283232 0.1267943 0.9761368 -0.1762956 0.1155493 0.9313735 -0.3452414 0.06633675 0.5106989 -0.8571967 0.02896976 0.9839192 -0.1762493 0.02224403 0.9383208 -0.3450496 0.01807254 0.6138346 -0.7892278 0.03866994 0.8260146 -0.5623207 -0.06553059 0.9809102 -0.1830875 -0.04455661 0.743641 -0.6670928 -0.0445227 0.817569 -0.5741069 -0.1186438 0.9315613 -0.3436819 -0.09671837 0.6711889 -0.7349497 -0.153041 0.8903675 -0.4287472 -0.1546718 0.8786264 0.4517658 -0.2183108 0.9610518 -0.1694691 -0.1313285 0.6451001 -0.7527275 -0.2648998 0.9199045 -0.2891431 -0.04536384 0.1798873 -0.9826406 -0.2623374 0.8948766 -0.3610747 -0.3367164 0.8702666 -0.3595248 -0.2277992 0.5788109 -0.7829978 -0.3287745 0.8557537 -0.399491 -0.2795383 0.6197292 -0.7333445 -0.4201035 0.7250284 -0.5457535 -0.4230157 0.7582811 -0.4960519 -0.3359724 0.5649751 -0.7536084 -0.5650254 0.8233752 -0.05291134 -0.4977996 0.6363449 -0.5892884 -0.4037001 0.5661216 -0.718702 -0.4657012 0.6028479 -0.6478402 -0.5713219 0.7680669 0.2892482 0.005555152 3.29179e-4 0.9999845 0.001245141 -1.12857e-4 0.9999992 0.003316819 5.33527e-4 0.9999943 -0.005555033 -3.29042e-4 0.9999845 -0.00331676 -5.33362e-4 0.9999943 -0.0012452 1.12998e-4 0.9999992 -0.3100685 0.647767 0.6958847 0.03011119 0.02510392 0.9992312 0.5814692 -0.4215754 0.6958217 0.3103252 -0.648316 0.6952586 -0.03010773 -0.02510231 0.9992314 -0.5814622 0.4215697 0.695831 0.3100677 -0.6477674 0.6958845 -0.03011161 -0.02510404 0.9992312 -0.5814692 0.4215754 0.6958217 -0.03010785 -0.02510243 0.9992314 8.25538e-4 9.26283e-4 -0.9999992 8.8313e-4 8.16342e-4 -0.9999993 4.64394e-5 1.79972e-5 -1 5.81699e-4 -0.001297116 -0.999999 -8.5537e-4 -0.002881109 -0.9999955 7.82312e-4 -5.74332e-4 -0.9999995 0.001965522 -6.54539e-4 -0.9999979 -7.77996e-4 4.66487e-4 -0.9999996 -9.86918e-4 1.61198e-4 -0.9999995 0.001957237 -6.8865e-4 -0.9999978 -7.74411e-4 4.36686e-4 -0.9999996 0.001465201 5.51136e-4 -0.9999988 1.42795e-4 -1.25298e-4 -1 -2.38956e-4 -2.96691e-4 -1 -3.47771e-4 -5.98559e-4 -0.9999998 -8.00912e-5 0.002601981 -0.9999967 -0.002766907 -0.00159502 -0.999995 3.91383e-6 -5.72981e-4 -0.9999998 0.002868354 0.001179277 -0.9999952 -0.002922594 -0.00129652 -0.9999948 9.3541e-4 0.001009821 -0.9999991 0.001070737 -0.001625359 -0.9999981 -0.001060485 -1.98898e-4 -0.9999994 -7.82093e-4 -2.5569e-4 -0.9999997 1.35111e-5 -4.94425e-4 -0.9999999 1.65665e-4 1.52095e-4 -1 6.4132e-4 0.001806557 -0.9999982 2.40806e-4 3.72007e-4 -0.9999998 -5.94015e-4 6.46396e-5 -0.9999999 -0.001403331 -5.28787e-5 -0.999999 0.001521229 5.06155e-4 -0.9999987 -0.0026986 6.15427e-4 -0.9999962 -1.4673e-4 0.001659572 -0.9999986 2.24348e-4 4.64914e-4 -0.9999999 0.001231491 0.002204537 -0.9999969 6.97205e-4 2.54512e-4 -0.9999997 1.5767e-4 2.76033e-4 -1 6.64019e-5 5.04243e-4 -0.9999999 1.38444e-4 2.30226e-4 -1 0.001422643 -0.001305758 -0.9999981 5.40711e-5 2.72132e-4 -1 2.51568e-4 3.71827e-4 -0.9999999 -9.16612e-4 1.2502e-4 -0.9999995 -7.05591e-5 -0.001012444 -0.9999995 -0.00128591 0.001242578 -0.9999984 -2.55234e-5 -4.60096e-4 -0.9999999 1.89282e-4 7.49602e-4 -0.9999997 0.001829981 6.26799e-6 -0.9999983 -3.61301e-4 9.3609e-4 -0.9999995 5.17658e-4 -1.97053e-5 -0.9999998 -0.002391099 0.001816034 -0.9999955 -1.86607e-4 -0.001517474 -0.9999989 -0.001819849 -0.001531064 -0.9999971 0.001102209 -0.001057982 -0.9999988 5.69655e-4 -0.00292468 -0.9999955 -0.002011656 -0.003444433 -0.9999921 3.38306e-4 -0.00315386 -0.999995 0.001310765 0.002428948 -0.9999961 -0.003025293 -7.96037e-4 -0.9999951 0.004005491 -0.004793465 -0.9999805 -5.3355e-4 9.02521e-4 -0.9999994 -0.01052439 -0.005807995 -0.9999278 0.001777231 5.23456e-4 -0.9999983 5.24756e-5 -0.002888739 -0.9999959 1.43609e-4 -4.60315e-4 -1 -0.003014326 0.003388226 -0.9999897 0.001309812 0.002759337 -0.9999954 -1.13569e-4 -3.9499e-4 -1 3.85158e-4 -8.96806e-5 -0.9999999 -2.42092e-4 -5.70637e-5 -1 0.00325632 -1.98789e-4 -0.9999947 0.002624332 0.004561722 -0.9999861 5.14879e-4 -2.49253e-5 -0.9999998 -0.01614266 -0.00147736 -0.9998686 -9.75546e-5 1.63924e-4 -1 5.28963e-4 -1.48086e-4 -0.9999998 -0.00104767 -0.002110481 -0.9999973 -6.46975e-5 3.69201e-4 -0.9999999 4.29605e-4 0.001239955 -0.9999991 0.00270915 -0.001210868 -0.9999956 0.002917587 0.001933097 -0.9999939 0.001013755 1.39826e-4 -0.9999995 -5.65826e-5 -0.001117765 -0.9999994 -6.73144e-4 2.79492e-4 -0.9999998 -0.004465281 -0.004721045 -0.9999788 0.002970278 -7.53952e-4 -0.9999954 -1.69766e-5 -1.92927e-4 -1 1.77584e-4 -5.98679e-5 -1 0.001737058 0.005906045 -0.9999811 -0.003199219 2.89427e-4 -0.9999948 -0.002678275 -0.006414711 -0.9999759 -5.04033e-4 0.002889335 0.9999957 0.00191605 -1.55521e-4 0.9999981 4.73035e-4 -4.56286e-4 0.9999998 6.03963e-4 0.002441883 0.9999969 3.55273e-4 -3.22436e-4 0.9999999 -2.4614e-4 0.001953423 0.999998 -5.05222e-4 -2.66243e-4 0.9999998 6.07287e-4 -5.22786e-4 0.9999997 -1.70251e-4 2.42368e-4 1 1.54307e-6 2.71947e-4 1 7.55818e-5 2.22456e-4 0.9999999 -3.91745e-4 -5.03829e-4 0.9999998 -3.44503e-4 9.14296e-4 0.9999995 -2.22289e-4 1.54936e-4 1 -1.21909e-4 1.03534e-4 1 2.71406e-4 3.40293e-4 0.9999999 4.88483e-4 3.75223e-4 0.9999998 -1.7846e-4 1.52878e-4 1 2.83807e-4 4.17728e-4 1 -2.6579e-4 -2.36163e-4 1 2.36717e-4 5.00176e-4 0.9999998 2.23572e-4 -1.05217e-4 0.9999999 3.6042e-4 0.001045227 0.9999994 6.75854e-4 5.1278e-4 0.9999997 0.001229107 -3.798e-4 0.9999992 1.8395e-4 3.23554e-4 0.9999999 4.32236e-4 3.17129e-4 0.9999998 5.0447e-4 -9.89162e-5 1 1.78619e-4 -6.00018e-4 0.9999998 -6.36364e-4 -9.55853e-4 0.9999993 5.26268e-4 -1.39101e-4 0.9999998 -0.001021802 4.99091e-4 0.9999994 -8.67256e-4 3.96726e-4 0.9999995 -0.001092851 9.82185e-5 0.9999994 -8.24491e-5 -0.001084029 0.9999994 -9.05899e-4 3.48711e-4 0.9999995 1.30227e-4 6.60298e-4 0.9999998 -1.66876e-4 3.25301e-4 0.9999999 -8.71679e-4 -1.97442e-4 0.9999996 -8.21758e-5 0.001401603 0.999999 0.001487255 -0.001398861 0.9999979 -0.008360683 -0.007445394 0.9999374 -0.001219689 -0.001421809 0.9999982 6.59419e-4 3.38834e-4 0.9999997 6.61242e-4 -2.1311e-4 0.9999998 0.002395331 1.87683e-4 0.9999971 -8.08396e-4 0.001723885 0.9999982 5.31339e-4 0.002178072 0.9999975 -1.49545e-4 -2.60135e-5 1 -3.25417e-4 -5.1012e-4 0.9999998 1.42926e-5 -3.73775e-4 1 1.72928e-4 3.0054e-4 1 0.002839446 -0.001855492 0.9999942 2.08608e-4 1.4763e-5 1 2.93585e-4 -2.72867e-4 0.9999999 -4.46822e-4 0.002500951 0.9999967 0.002972781 7.9715e-4 0.9999952 1.93145e-4 -3.34304e-4 1 -1.20868e-4 -8.73687e-4 0.9999996 1.84411e-4 2.23153e-4 1 -6.32788e-4 -5.17143e-4 0.9999997 1.60334e-4 2.16829e-4 1 1.92455e-4 2.92444e-4 1 -4.96156e-4 -9.71908e-5 0.9999999 -6.31173e-4 -6.5949e-4 0.9999996 2.76349e-4 0.001636862 0.9999986 2.30966e-5 0.001375854 0.9999991 6.57063e-4 0.001191198 0.9999991 -5.76826e-4 0.00123769 0.9999991 6.33473e-4 3.82737e-4 0.9999998 -9.20568e-4 -3.01549e-4 0.9999995 0.001357138 -6.74932e-4 0.9999989 1.48408e-4 -4.65843e-4 0.9999999 5.02457e-5 -2.12991e-4 1 -4.22561e-4 8.82156e-5 1 2.66392e-4 -0.00115776 0.9999993 -0.002346515 -2.94626e-5 0.9999973 -3.36102e-4 0.002987027 0.9999955 -0.00255686 -0.001454412 0.9999957 0.004495501 -0.01673233 0.9998499 -9.8295e-5 0.002968788 0.9999957 0.001687586 0.001873552 0.9999969 -0.001715242 2.0041e-4 0.9999986 0.00243932 -0.003625988 0.9999904 9.95052e-4 0.0018332 0.9999978 -0.003240585 -0.003520369 0.9999886 6.40914e-5 -0.002615571 0.9999966 1.01502e-5 9.4412e-6 -1 0 0 -1 -0.25631 -0.1659882 -0.9522358 0 0 -1 6.91653e-6 1.20139e-5 -1 4.07616e-5 1.59067e-5 -1 7.81585e-7 1.59001e-7 -1 -0.007953166 -0.05926758 -0.9982105 -0.01014524 -0.08783328 -0.9960835 -0.4028711 0.009552299 -0.9152069 3.63733e-7 6.31798e-7 -1 2.78557e-6 1.26884e-5 -1 0.04531502 -0.4473155 -0.8932275 -1.98746e-7 -1.7583e-7 -1 -2.19696e-7 -1.78782e-7 -1 -1.37733e-6 -1.39528e-7 -1 1.57376e-7 0 -1 -4.25971e-6 0 -1 0.08350759 -0.3262836 -0.9415761 -0.1112558 0.04010772 -0.9929821 -7.12188e-7 1.70177e-7 -1 2.52756e-6 -9.87577e-6 -1 -1.91177e-6 5.11868e-6 -1 0.1675449 -0.2787713 -0.9456296 0.008670508 -0.005171716 -0.999949 -0.07399106 0.06418168 -0.9951915 -0.008445084 0.007458567 -0.9999366 -0.1034345 0.1227788 -0.9870292 0.09115666 -0.07839936 -0.9927457 -0.1299937 0.09631729 -0.9868255 2.08122e-7 0 -1 1.43694e-6 -1.10664e-6 -1 -0.1249049 0.2850106 -0.9503514 -0.03499281 0.07080096 -0.9968765 2.69533e-6 -2.56444e-6 -1 0.1351266 -0.06641429 -0.9886 -2.15116e-7 0 -1 1.47861e-7 -1.84945e-7 -1 -5.94704e-6 3.95955e-6 -1 0 0 -1 0 0 -1 -0.06966769 0.2722054 -0.9597138 0.4427483 -0.07750892 -0.8932896 4.67537e-7 -4.6151e-6 -1 -0.04063194 0.4010825 -0.9151403 0 0 -1 0 0 -1 0.09893083 0.3905289 -0.9152595 -0.01356798 -0.004489004 -0.9998979 0.07532775 0.01233696 -0.9970825 -0.1568917 -0.0417211 -0.9867343 0.05397534 0.006133615 -0.9985234 1.42061e-6 -2.48697e-7 -1 0 0 -1 0 0 -1 -4.04225e-6 -4.60096e-7 -1 0 0 -1 0 0 -1 -2.72631e-7 -4.47375e-7 -1 8.91295e-6 4.86791e-6 -1 -3.95178e-6 -3.67577e-6 -1 3.715e-6 5.76753e-6 -1 0.168672 0.1242892 -0.9778047 0.07917362 0.08827781 -0.9929444 -5.61155e-4 -5.6484e-4 0.9999997 3.782e-4 1.12185e-4 1 -7.35246e-5 -5.73576e-4 0.9999998 5.49595e-4 5.71374e-4 0.9999997 -6.32849e-4 -6.56168e-4 0.9999996 -1.42821e-4 3.86796e-4 1 -0.004036545 -0.001341462 0.9999909 4.17496e-4 6.58754e-4 0.9999997 -2.75252e-4 -1.96788e-4 1 0.001781463 0.003891646 0.9999908 -4.18684e-4 -4.28299e-4 0.9999998 -2.94683e-4 1.03339e-4 1 7.51844e-4 5.28139e-4 0.9999995 0 0 1 7.52442e-5 -4.47938e-5 1 -4.86836e-4 -3.23208e-5 0.9999999 -2.83595e-4 9.06156e-5 1 -1.70281e-4 1.66385e-4 1 0 0 1 0 0 1 -0.001675963 0.003846049 0.9999912 -3.7349e-4 3.49265e-4 0.9999999 0.001631736 0.002232134 0.9999962 -4.15908e-4 1.77338e-4 1 -0.001282274 -2.58187e-4 0.9999991 1.60025e-4 2.9266e-4 1 0 1.78191e-7 1 -3.16937e-4 0.00108546 0.9999994 0 0 1 0 0 1 7.55276e-5 2.99569e-4 1 2.00101e-4 3.01682e-4 0.9999999 -0.001291453 7.69412e-4 0.9999989 -1.63513e-7 1.58838e-7 1 0 0 1 0 0 1 0.001313388 -0.002668619 0.9999956 0.004284381 -0.01064479 0.9999341 -3.51121e-4 4.39449e-4 0.9999998 -5.01703e-4 1.65517e-4 0.9999999 -0.003663361 2.90345e-4 0.9999932 3.79062e-4 0.00537908 0.9999855 -8.58272e-4 3.02552e-4 0.9999996 0.007339239 -0.001464307 0.999972 -3.72289e-4 -0.001473188 0.9999989 -7.22845e-4 -3.63199e-4 0.9999997 -7.91818e-4 -1.28299e-4 0.9999997 -8.29428e-4 -6.61346e-4 0.9999995 -3.7229e-4 -0.001473188 0.9999989 0.007830321 -0.001456558 0.9999682 0.00143665 0.00453782 0.9999887 8.23029e-4 6.91805e-5 0.9999997 -1.12183e-4 -1.52216e-4 1 -7.87367e-4 -3.3243e-4 0.9999997 -9.69665e-4 -1.90559e-5 0.9999995 0.001516163 1.01189e-4 0.9999989 0.001342058 -8.44584e-4 0.9999988 1.9189e-4 -1.70577e-4 0.9999999 6.79089e-5 -1.69633e-4 1 -1.70959e-4 -1.42529e-4 1 0.002180159 -2.45222e-4 0.9999976 0.001516163 1.01182e-4 0.9999989 0.001039147 -0.002477586 0.9999964 -2.12738e-5 -8.41843e-5 1 -0.0010342 2.09276e-4 0.9999995 1.97909e-4 -5.08598e-4 0.9999999 6.18307e-4 -0.002576947 0.9999965 0.00110346 9.19958e-4 0.9999989 -1.62165e-4 -1.35197e-4 1 1.2087e-5 -2.84029e-4 1 0.00583744 0.001578986 0.9999817 -9.64558e-5 -9.93266e-4 0.9999995 1.06691e-4 -0.001283347 0.9999991 -8.54718e-5 -0.001052677 0.9999994 -0.001998543 -0.001969277 0.999996 -0.001498341 -4.18258e-4 0.9999988 0.006506562 0.003524124 0.9999727 -6.61277e-4 3.39699e-4 0.9999998 -5.31612e-4 -3.5307e-5 0.9999999 3.87247e-4 0.001532375 0.9999988 -0.003254413 -2.17013e-4 0.9999947 -6.35564e-4 3.08236e-4 0.9999998 -0.001011073 6.36278e-4 0.9999992 0.006206452 0.00374633 0.9999738 -6.46689e-4 0.001615822 0.9999985 -3.3221e-4 0.002034127 0.9999979 -0.001053035 -7.02771e-5 0.9999994 -5.95051e-4 5.5745e-4 0.9999997 2.04815e-4 0.00225073 0.9999975 4.98274e-4 1.50788e-4 0.9999999 3.98377e-5 -7.16856e-4 0.9999997 6.84578e-4 0.002709686 0.9999961 -0.002196371 -0.001251041 0.9999969 -4.4769e-4 8.5481e-4 0.9999995 3.32527e-4 3.79737e-4 0.9999999 7.84697e-4 -1.83747e-4 0.9999997 4.21476e-4 -9.58275e-4 0.9999995 3.3211e-4 2.74527e-4 0.9999999 -5.66265e-4 -1.97299e-4 0.9999998 3.32174e-4 -0.002034127 0.9999979 0.001011133 -6.36109e-4 0.9999992 -2.04839e-4 -0.002250671 0.9999974 6.46795e-4 -0.001615643 0.9999985 0.002196431 0.00125122 0.9999969 5.41376e-4 -6.30919e-4 0.9999997 0.001052975 7.02729e-5 0.9999994 3.86072e-4 1.58056e-4 0.9999999 4.00711e-4 2.67416e-5 0.9999999 -6.84828e-4 -0.002709984 0.999996 0 0 1 0.00236994 0.001975834 0.9999952 2.47048e-4 -2.08341e-4 1 0.001872658 -5.20776e-4 0.9999982 -3.87228e-4 -0.001532316 0.9999987 2.93875e-4 -0.001310586 0.9999991 -0.006181478 -0.002761185 0.9999771 7.8128e-4 7.23579e-4 0.9999995 -3.71963e-7 -3.10106e-7 1 -0.00620681 -0.00374639 0.9999738 0.003254652 2.17196e-4 0.9999947 -0.00236994 -0.001975774 0.9999952 0.002296626 0.00121802 0.9999966 3.48391e-4 2.80058e-4 0.9999999 -7.11003e-4 7.25598e-4 0.9999995 9.98331e-5 5.25301e-4 0.9999999 6.00846e-4 -3.37219e-4 0.9999998 0 2.23889e-7 1 0 0 1 0 0 1 6.92482e-4 -7.61229e-5 0.9999998 0 0 1 0 0 1 0 0 1 0 0 1 1.70739e-4 1.42566e-4 1 -3.84053e-5 5.53412e-4 0.9999999 6.77772e-4 5.65104e-4 0.9999996 8.42926e-4 6.42485e-4 0.9999994 -5.12197e-4 -4.87221e-4 0.9999998 0.007218778 -1.66522e-4 0.9999739 0 0 1 0.001025617 2.01179e-6 0.9999994 -3.08021e-6 -1.2189e-5 1 0 0 1 -9.82919e-4 -1.86442e-6 0.9999995 0 0 1 3.04921e-4 -2.24381e-4 0.9999999 -4.79353e-4 -4.41197e-4 0.9999998 0 0 1 -7.33462e-5 -1.02726e-4 1 0 0 1 0 0 1 -0.005906164 0.002686262 0.9999789 4.40621e-4 -0.00110054 0.9999994 -1.63768e-4 -1.36533e-4 1 0 0 1 0 0 1 -3.62325e-4 -0.001433789 0.9999989 -0.001209914 -0.001008689 0.9999988 2.91265e-4 -1.5635e-4 1 3.56909e-4 6.67224e-4 0.9999997 0 0 1 0 0 1 -0.001209914 -0.001008689 0.9999988 6.47472e-4 -0.001938223 0.9999979 -3.2817e-4 5.1332e-5 1 -4.83888e-5 1.20872e-4 1 0 2.79522e-7 1 -0.001805961 -1.20519e-4 0.9999983 1.81036e-5 1.31116e-4 1 3.75515e-4 -1.8815e-4 0.9999999 -0.001134693 -0.005025923 0.9999867 1.63501e-4 6.31745e-5 1 -8.51275e-5 -1.39982e-4 1 1.98169e-5 7.84191e-5 1 -2.23504e-4 2.1795e-4 1 -0.00101453 2.93251e-4 0.9999995 -2.19536e-4 -1.46536e-5 1 3.52707e-4 3.5928e-4 0.9999999 -2.42968e-4 1.8926e-4 1 -8.26266e-5 2.064e-4 1 2.03311e-4 2.74975e-4 1 -2.6708e-4 8.16954e-5 1 2.0501e-4 9.25618e-4 0.9999996 -1.54633e-4 9.28262e-5 1 -1.35736e-4 7.5215e-5 1 -1.30555e-4 8.21555e-5 1 -6.00843e-5 1.61397e-4 1 -4.59051e-4 -2.77198e-4 0.9999999 0.004740417 0.003574967 0.9999824 -3.8397e-4 -9.66528e-4 0.9999994 -8.2874e-5 2.07455e-4 0.9999999 -2.11379e-4 1.20609e-4 1 -2.5149e-4 -4.51286e-4 0.9999999 2.41172e-4 3.81743e-4 0.9999999 1.03314e-4 1.83463e-4 1 -5.15819e-5 3.24613e-5 1 -0.009684622 0.009311735 0.9999098 -0.008568584 0.007786452 0.999933 -0.006244003 0.01218014 0.9999063 -0.01535618 6.59174e-5 0.9998821 -7.88434e-4 0.006433546 0.999979 -0.004282534 -0.003884673 0.9999833 0.002049148 0.008109629 0.9999651 -0.004115998 -0.003431499 0.9999856 0.002138733 0.007585227 0.999969 4.44634e-4 -0.002642869 0.9999964 0.00587517 0.008219659 0.9999489 7.92865e-4 -0.00471282 0.9999886 0.004282474 0.003884673 0.9999833 3.37564e-4 -0.004982173 0.9999875 0.006247282 -0.006560862 0.9999589 0.01278072 8.52969e-4 0.9999181 0.002493143 -0.007255196 0.9999706 0.005139172 -0.005049228 0.999974 0.1930328 -0.2656307 0.9445521 0.1054723 -0.1529464 0.9825899 0.05889123 -0.1733162 0.9831039 0.03483635 -0.2033752 0.9784809 0.008897662 -0.2534632 0.9673041 -0.02294951 -0.2095431 0.97753 -0.07123303 -0.4003503 0.9135894 -0.05221837 -0.1956247 0.9792876 -0.02166438 -0.06694734 0.9975212 -0.08918142 -0.1527195 0.9842375 -0.03390967 -0.05391639 0.9979695 -0.03053426 -0.0279057 0.9991441 -0.1239032 -0.1045343 0.9867728 -0.1587762 -0.04706478 0.9861922 -0.1876915 -0.005980193 0.9822099 -0.06467366 0.02014428 0.9977031 -0.08786034 0.04751396 0.9949989 -0.1550844 0.1217702 0.9803677 0 0 1 0 0 1 0 0 1 0 0 1 0 0 1 0 1.68394e-7 1 2.8637e-7 0 1 0 0 1 0 0 1 0 0 1 0 0 1 0 0 1 0 0 1 0 0 1 0 0 1 0 0 1 0 0 1 0 5.99461e-7 1 0 0 1 6.34513e-7 0 1 -0.003412008 0.005291283 0.9999802 0 7.08212e-7 1 0 7.43415e-7 1 -0.02829861 -0.001865267 0.9995978 0 0 1 0 7.45563e-7 1 0 7.4556e-7 1 0 0 1 0 0 1 0 7.39716e-7 1 0 7.70366e-7 1 0 0 1 0 0 1 1.59663e-7 6.80162e-7 1 3.53429e-7 2.44644e-7 1 0 2.04408e-7 1 3.01215e-7 2.56414e-7 1 0 0 1 0 0 1 0 0 1 0 0 1 0 0 1 0 0 1 0 0 1 0 0 1 0 0 1 0 0 1 0 0 1 -1.66843e-7 0 1 0 0 1 0 0 1 0 0 1 0 0 1 0 0 1 0 0 1 0 0 1 0 0 1 0 0 1 -2.54422e-7 0 1 -2.54232e-7 0 1 0 0 1 0 0 1 0 0 1 0 0 1 0 0 1 0 0 1 0 0 1 0 0 1 0 0 1 0 0 1 0 0 1 0 0 1 0 0 1 -1.55224e-7 0 1 0 1.67577e-7 1 0 0 1 0 4.18409e-7 1 0 7.0151e-7 1 0 0 1 0 0 1 0 7.98428e-7 1 0 7.00249e-7 1 0 0 1 0 7.91258e-7 1 0 0 1 0 0 1 0 7.44941e-7 1 -1.23245e-7 1.68981e-7 1 -1.537e-7 7.30145e-7 1 0 1.69139e-7 1 0 1.47935e-7 1 0 0 1 0 0 1 0 0 1 0 0 1 0 0 1 0 0 1 0 0 1 0 0 1 0 0 1 0 0 1 0 0 1 0 0 1 0 1.35823e-7 1 0 1.43096e-7 1 0 0 1 0 0 1 0 0 1 0 0 1 0 0 1 -0.01309961 -8.7429e-4 0.9999138 -0.01203721 -0.001244068 0.9999268 -0.01635336 0.01029103 0.9998133 -0.0103442 0.002199828 0.999944 -0.016882 -0.01407492 0.9997584 -0.01791089 0.008992195 0.9997991 -0.008372843 -0.0125252 0.9998865 5.09808e-4 -0.005536615 0.9999846 -0.006349742 -0.02512705 0.9996641 0.003320753 -0.002312362 0.9999918 0.006583452 -0.0172984 0.9998287 0.001865565 7.55482e-5 0.9999983 0.007181704 -0.01793915 0.9998133 -0.004222691 -0.003865957 0.9999836 -0.003347814 -0.002792477 0.9999905 -0.008722424 0.007867455 0.999931 0.005627453 -0.01923465 0.9997991 -0.01401495 0.004763484 0.9998905 -0.01401728 0.00476545 0.9998905 -0.01324284 0.01640361 0.9997778 -0.008725166 0.007868945 0.9999309 -0.00422275 -0.003865897 0.9999836 -0.003347992 -0.002792656 0.9999905 -0.01157128 0.01779192 0.9997748 -7.88245e-4 0.006433546 0.999979 0.001865565 7.55793e-5 0.9999983 0.003319263 -0.002309858 0.9999919 -0.001055657 0.006275534 0.9999797 -4.44658e-4 0.002643227 0.9999964 5.08834e-4 -0.005533516 0.9999846 0.01370763 -0.01594227 0.9997789 0.004282534 0.003884732 0.9999833 0.004116117 0.003431856 0.9999856 0.006247103 -0.006560564 0.9999589 0.01334631 -0.01624476 0.9997789 0.0127812 8.52975e-4 0.9999179 0.006887257 -3.74423e-4 0.9999762 0.001245319 -1.12874e-4 0.9999992 0.001868724 8.16306e-5 0.9999982 -0.006887137 3.74352e-4 0.9999762 -0.001868963 -8.16256e-5 0.9999982 -0.0012452 1.12997e-4 0.9999992</float_array>
          <technique_common>
            <accessor source="#B2W_ES_ASM-mesh-normals-array" count="5724" stride="3">
              <param name="X" type="float"/>
              <param name="Y" type="float"/>
              <param name="Z" type="float"/>
            </accessor>
          </technique_common>
        </source>
        <vertices id="B2W_ES_ASM-mesh-vertices">
          <input semantic="POSITION" source="#B2W_ES_ASM-mesh-positions"/>
        </vertices>
        <triangles material="Material_001-material" count="2198">
          <input semantic="VERTEX" source="#B2W_ES_ASM-mesh-vertices" offset="0"/>
          <input semantic="NORMAL" source="#B2W_ES_ASM-mesh-normals" offset="1"/>
          <p>27 0 133 0 16 0 16 1 20 1 21 1 23 2 21 2 22 2 24 3 21 3 23 3 24 4 27 4 16 4 24 5 16 5 21 5 23 6 22 6 25 6 26 7 23 7 25 7 24 8 23 8 26 8 26 9 25 9 28 9 29 10 24 10 26 10 29 11 27 11 24 11 30 12 29 12 26 12 30 13 26 13 28 13 29 14 33 14 27 14 30 15 28 15 31 15 32 16 29 16 30 16 32 17 33 17 29 17 34 18 30 18 31 18 32 19 30 19 34 19 32 20 34 20 35 20 37 21 38 21 33 21 37 22 33 22 32 22 37 23 32 23 35 23 39 24 35 24 36 24 39 25 37 25 35 25 39 26 36 26 40 26 41 27 39 27 40 27 42 28 39 28 41 28 42 29 38 29 37 29 42 30 37 30 39 30 41 31 40 31 43 31 42 32 44 32 38 32 45 33 41 33 43 33 45 34 42 34 41 34 45 35 43 35 46 35 47 36 45 36 46 36 48 37 45 37 47 37 48 38 44 38 42 38 48 39 42 39 45 39 47 40 46 40 49 40 50 41 44 41 48 41 50 42 48 42 47 42 51 43 47 43 49 43 50 44 47 44 51 44 50 45 52 45 44 45 50 46 51 46 53 46 54 47 52 47 50 47 54 48 50 48 53 48 55 49 53 49 56 49 54 50 53 50 55 50 55 51 56 51 57 51 54 52 58 52 52 52 54 53 55 53 57 53 60 54 54 54 57 54 60 55 58 55 54 55 61 56 59 56 62 56 61 57 57 57 59 57 60 58 57 58 61 58 63 59 62 59 64 59 63 60 60 60 61 60 63 61 61 61 62 61 60 62 65 62 58 62 63 63 64 63 66 63 67 64 60 64 63 64 67 65 65 65 60 65 68 66 67 66 63 66 68 67 63 67 66 67 68 68 66 68 69 68 70 69 68 69 69 69 71 70 67 70 68 70 71 71 65 71 67 71 71 72 68 72 70 72 70 73 69 73 72 73 73 74 70 74 72 74 71 75 70 75 73 75 71 76 74 76 65 76 73 77 72 77 75 77 76 78 73 78 75 78 77 79 73 79 76 79 77 80 71 80 73 80 77 81 74 81 71 81 76 82 75 82 78 82 79 83 77 83 76 83 79 84 76 84 78 84 79 85 78 85 80 85 77 86 85 86 74 86 81 87 79 87 80 87 82 88 77 88 79 88 82 89 79 89 81 89 82 90 85 90 77 90 81 91 80 91 83 91 84 92 82 92 81 92 84 93 81 93 83 93 84 94 83 94 86 94 87 95 82 95 84 95 87 96 85 96 82 96 88 97 84 97 86 97 88 98 86 98 89 98 88 99 87 99 84 99 87 100 90 100 85 100 88 101 89 101 91 101 92 102 87 102 88 102 92 103 90 103 87 103 92 104 88 104 91 104 92 105 94 105 90 105 95 106 91 106 93 106 95 107 92 107 91 107 95 108 93 108 96 108 97 109 94 109 92 109 97 110 92 110 95 110 98 111 97 111 95 111 98 112 95 112 96 112 98 113 96 113 18 113 98 114 18 114 17 114 19 115 97 115 98 115 19 116 94 116 97 116 19 117 98 117 17 117 101 118 100 118 99 118 99 119 102 119 103 119 100 120 102 120 99 120 101 121 104 121 100 121 103 122 102 122 105 122 106 123 104 123 101 123 102 124 107 124 105 124 108 125 104 125 106 125 105 126 107 126 109 126 108 127 110 127 104 127 109 128 107 128 111 128 108 129 112 129 110 129 111 130 113 130 114 130 107 131 113 131 111 131 112 132 94 132 110 132 112 133 115 133 94 133 114 134 113 134 116 134 113 135 117 135 116 135 116 136 117 136 118 136 115 137 119 137 94 137 119 138 90 138 94 138 118 139 117 139 120 139 117 140 121 140 120 140 119 141 122 141 90 141 122 142 85 142 90 142 120 143 121 143 123 143 122 144 124 144 85 144 121 145 125 145 123 145 125 146 126 146 123 146 124 147 127 147 85 147 85 148 127 148 74 148 125 149 128 149 126 149 127 150 129 150 74 150 125 151 130 151 128 151 74 152 129 152 65 152 129 153 131 153 65 153 130 154 132 154 128 154 130 155 133 155 132 155 131 156 134 156 65 156 133 157 135 157 132 157 65 158 134 158 58 158 133 159 136 159 135 159 134 160 137 160 58 160 133 161 138 161 136 161 27 162 138 162 133 162 58 163 137 163 52 163 27 164 139 164 138 164 137 165 140 165 52 165 27 166 141 166 139 166 140 167 142 167 52 167 33 168 141 168 27 168 52 169 142 169 44 169 33 170 143 170 141 170 142 171 144 171 44 171 33 172 145 172 143 172 144 173 146 173 44 173 38 174 145 174 33 174 146 175 147 175 44 175 44 176 147 176 38 176 38 177 147 177 145 177 148 178 149 178 150 178 148 179 151 179 149 179 152 180 150 180 153 180 152 181 148 181 150 181 154 182 153 182 155 182 154 183 152 183 153 183 156 184 155 184 157 184 156 185 154 185 155 185 158 186 157 186 159 186 158 187 156 187 157 187 160 188 158 188 159 188 161 189 158 189 160 189 162 190 163 190 164 190 165 191 163 191 162 191 166 192 164 192 167 192 166 193 162 193 164 193 168 194 165 194 162 194 169 195 165 195 168 195 170 196 167 196 171 196 170 197 166 197 167 197 172 198 169 198 168 198 173 199 169 199 172 199 174 200 170 200 171 200 175 201 170 201 174 201 176 202 172 202 177 202 176 203 173 203 172 203 178 204 175 204 174 204 179 205 175 205 178 205 180 206 177 206 179 206 180 207 176 207 177 207 181 208 179 208 178 208 181 209 180 209 179 209 182 210 183 210 184 210 182 211 184 211 185 211 186 212 185 212 187 212 186 213 182 213 185 213 188 214 187 214 189 214 188 215 186 215 187 215 190 216 189 216 191 216 190 217 188 217 189 217 192 218 191 218 193 218 192 219 190 219 191 219 194 220 193 220 195 220 194 221 192 221 193 221 196 222 197 222 198 222 196 223 198 223 199 223 200 224 199 224 201 224 200 225 196 225 199 225 202 226 201 226 203 226 202 227 200 227 201 227 204 228 203 228 205 228 204 229 202 229 203 229 206 230 205 230 207 230 206 231 204 231 205 231 208 232 207 232 209 232 208 233 206 233 207 233 215 234 216 234 217 234 217 235 216 235 218 235 219 236 220 236 215 236 215 237 220 237 216 237 221 238 222 238 219 238 219 239 222 239 220 239 223 240 224 240 225 240 225 241 226 241 227 241 224 242 226 242 225 242 228 243 229 243 230 243 227 244 229 244 228 244 226 245 229 245 227 245 279 269 276 269 278 269 280 270 276 270 279 270 280 271 279 271 281 271 283 272 284 272 280 272 283 274 281 274 282 274 285 275 283 275 282 275 285 276 284 276 283 276 287 277 285 277 286 277 287 278 284 278 285 278 289 279 287 279 286 279 289 280 286 280 288 280 290 281 289 281 288 281 291 282 290 282 288 282 292 283 293 283 290 283 292 284 290 284 291 284 292 285 291 285 294 285 295 286 292 286 294 286 295 287 293 287 292 287 296 288 295 288 294 288 298 289 299 289 295 289 298 290 296 290 297 290 298 291 295 291 296 291 300 292 298 292 297 292 299 293 298 293 300 293 306 298 302 298 304 298 306 299 304 299 305 299 308 300 306 300 305 300 331 326 328 326 329 326 331 327 329 327 330 327 333 329 331 329 330 329 339 338 340 338 274 338 340 339 341 339 274 339 274 340 341 340 342 340 342 341 341 341 343 341 341 342 344 342 343 342 343 343 344 343 345 343 345 344 344 344 346 344 344 345 347 345 346 345 346 346 347 346 348 346 347 347 349 347 348 347 348 348 349 348 350 348 350 349 349 349 351 349 349 350 352 350 351 350 351 351 352 351 353 351 353 352 354 352 355 352 352 353 354 353 353 353 354 354 356 354 355 354 355 355 356 355 357 355 357 356 356 356 358 356 356 357 359 357 358 357 358 358 359 358 360 358 359 359 361 359 360 359 360 360 361 360 2646 360 2646 361 361 361 362 361 361 362 363 362 362 362 362 363 363 363 364 363 363 364 365 364 364 364 364 365 365 365 366 365 365 366 367 366 366 366 366 367 367 367 368 367 367 368 369 368 368 368 368 369 369 369 370 369 370 370 369 370 371 370 369 371 372 371 371 371 371 372 372 372 373 372 373 373 374 373 375 373 372 374 374 374 373 374 375 375 376 375 377 375 374 376 376 376 375 376 377 377 376 377 378 377 376 378 379 378 378 378 378 379 379 379 380 379 380 380 381 380 382 380 379 381 381 381 380 381 382 382 383 382 384 382 381 383 383 383 382 383 384 384 385 384 386 384 383 385 385 385 384 385 386 386 385 386 387 386 385 387 388 387 387 387 387 388 388 388 389 388 389 389 388 389 390 389 388 390 391 390 390 390 390 391 391 391 392 391 391 392 393 392 392 392 392 393 393 393 394 393 394 394 395 394 396 394 393 395 395 395 394 395 396 396 395 396 397 396 397 397 395 397 398 397 395 398 399 398 398 398 398 399 399 399 400 399 400 400 401 400 271 400 399 401 401 401 400 401 412 402 413 402 414 402 412 403 415 403 413 403 416 404 414 404 417 404 416 405 412 405 414 405 418 406 417 406 419 406 418 407 416 407 417 407 420 408 419 408 421 408 420 409 418 409 419 409 422 410 421 410 423 410 422 411 420 411 421 411 424 412 423 412 425 412 424 413 422 413 423 413 426 414 209 414 427 414 426 415 208 415 209 415 428 416 427 416 429 416 428 417 426 417 427 417 430 418 429 418 431 418 430 419 428 419 429 419 432 420 431 420 433 420 432 421 430 421 431 421 434 422 433 422 435 422 434 423 432 423 433 423 197 424 435 424 198 424 197 425 434 425 435 425 443 426 442 426 441 426 444 427 443 427 441 427 444 428 441 428 445 428 446 429 444 429 445 429 447 430 446 430 445 430 450 431 448 431 449 431 450 432 449 432 451 432 452 433 450 433 451 433 452 434 451 434 453 434 454 435 452 435 453 435 455 436 454 436 453 436 456 437 454 437 455 437 456 438 455 438 457 438 458 439 456 439 457 439 459 440 458 440 457 440 460 441 458 441 459 441 460 442 459 442 461 442 462 443 460 443 461 443 462 444 461 444 463 444 464 445 462 445 463 445 466 446 463 446 465 446 466 447 464 447 463 447 467 448 466 448 465 448 468 449 467 449 469 449 470 450 468 450 469 450 470 451 469 451 471 451 472 452 470 452 471 452 473 453 472 453 471 453 475 454 472 454 473 454 475 455 473 455 474 455 476 456 475 456 474 456 476 457 474 457 477 457 478 458 476 458 477 458 478 459 477 459 479 459 481 460 478 460 479 460 482 461 481 461 479 461 482 462 479 462 480 462 484 463 482 463 480 463 484 464 480 464 483 464 485 465 484 465 483 465 486 466 484 466 485 466 487 467 486 467 485 467 487 468 485 468 488 468 490 469 487 469 488 469 490 470 488 470 489 470 492 471 489 471 491 471 494 472 492 472 491 472 493 473 494 473 491 473 496 474 493 474 495 474 496 475 494 475 493 475 497 476 496 476 495 476 499 477 496 477 497 477 499 478 497 478 498 478 501 479 498 479 500 479 503 480 501 480 500 480 503 481 500 481 502 481 505 482 502 482 504 482 505 483 503 483 502 483 505 484 504 484 506 484 505 485 506 485 507 485 514 486 513 486 512 486 512 487 513 487 508 487 513 488 514 488 515 488 516 489 515 489 514 489 515 490 516 490 517 490 518 491 517 491 516 491 517 492 518 492 519 492 518 493 520 493 519 493 519 494 520 494 521 494 520 495 523 495 521 495 521 496 523 496 522 496 523 497 524 497 522 497 522 498 524 498 525 498 527 499 526 499 524 499 524 500 526 500 525 500 527 501 528 501 526 501 527 502 529 502 528 502 527 503 530 503 529 503 529 504 530 504 531 504 533 505 532 505 530 505 530 506 532 506 531 506 532 507 535 507 534 507 533 508 535 508 532 508 535 509 536 509 534 509 535 510 537 510 536 510 537 511 538 511 536 511 537 512 539 512 538 512 539 513 540 513 538 513 542 514 540 514 539 514 540 515 542 515 541 515 542 516 543 516 541 516 544 517 543 517 542 517 543 518 544 518 545 518 547 519 546 519 544 519 544 520 546 520 545 520 549 521 548 521 547 521 547 522 548 522 546 522 548 523 549 523 550 523 549 524 552 524 550 524 550 525 552 525 551 525 552 526 554 526 551 526 551 527 554 527 553 527 554 528 555 528 553 528 553 529 555 529 556 529 555 530 557 530 556 530 555 531 558 531 557 531 558 532 559 532 557 532 558 533 560 533 559 533 559 534 560 534 561 534 560 535 562 535 561 535 561 536 562 536 563 536 562 537 565 537 563 537 563 538 565 538 564 538 565 539 567 539 564 539 564 540 567 540 566 540 567 541 568 541 566 541 567 542 569 542 568 542 569 543 570 543 568 543 569 544 572 544 570 544 570 545 572 545 571 545 574 546 571 546 572 546 574 547 573 547 571 547 574 548 511 548 573 548 573 549 511 549 509 549 510 550 509 550 511 550 578 551 579 551 575 551 578 552 575 552 112 552 580 553 579 553 578 553 578 554 112 554 108 554 581 555 580 555 578 555 581 556 578 556 108 556 582 557 581 557 108 557 582 558 108 558 583 558 583 559 108 559 106 559 584 560 582 560 583 560 585 561 584 561 583 561 106 562 585 562 583 562 586 563 585 563 106 563 588 564 106 564 101 564 588 565 587 565 586 565 588 566 586 566 106 566 590 567 101 567 589 567 590 568 588 568 101 568 589 569 101 569 99 569 591 570 590 570 589 570 591 571 589 571 99 571 593 572 591 572 99 572 593 573 592 573 591 573 593 574 99 574 103 574 595 575 103 575 594 575 595 576 593 576 103 576 105 577 594 577 103 577 596 578 594 578 105 578 596 579 595 579 594 579 597 580 596 580 105 580 597 581 105 581 598 581 598 582 105 582 109 582 599 583 597 583 598 583 600 584 599 584 598 584 600 585 598 585 109 585 601 586 600 586 109 586 602 587 601 587 109 587 602 588 109 588 111 588 604 589 602 589 111 589 604 590 111 590 603 590 603 591 111 591 114 591 605 592 604 592 603 592 605 593 603 593 114 593 606 594 605 594 114 594 607 595 114 595 116 595 608 596 606 596 114 596 608 597 114 597 607 597 609 598 608 598 607 598 609 599 607 599 116 599 610 600 609 600 116 600 610 601 116 601 118 601 611 602 118 602 120 602 612 603 610 603 118 603 612 604 118 604 611 604 613 605 612 605 611 605 614 606 611 606 120 606 613 607 611 607 614 607 615 608 613 608 614 608 616 609 614 609 120 609 616 610 120 610 123 610 617 611 614 611 616 611 617 612 615 612 614 612 618 613 617 613 616 613 619 614 618 614 616 614 619 615 616 615 123 615 620 616 618 616 619 616 621 617 619 617 123 617 621 618 123 618 126 618 622 619 619 619 621 619 622 620 620 620 619 620 622 621 623 621 620 621 622 622 624 622 623 622 625 623 622 623 621 623 625 624 624 624 622 624 626 625 621 625 126 625 626 626 126 626 128 626 625 627 621 627 626 627 627 628 625 628 626 628 628 629 626 629 128 629 627 630 626 630 628 630 629 631 627 631 628 631 132 632 628 632 128 632 630 633 628 633 132 633 630 634 629 634 628 634 632 635 132 635 631 635 632 636 630 636 132 636 631 637 132 637 135 637 633 638 632 638 631 638 633 639 631 639 135 639 634 640 633 640 135 640 634 641 135 641 136 641 635 642 634 642 136 642 636 643 635 643 136 643 636 644 136 644 138 644 577 645 635 645 636 645 577 646 576 646 635 646 637 647 638 647 214 647 214 648 639 648 213 648 638 649 639 649 214 649 212 650 210 650 211 650 213 651 210 651 212 651 639 652 210 652 213 652 9 653 10 653 8 653 8 654 11 654 15 654 10 655 11 655 8 655 14 656 12 656 13 656 15 657 12 657 14 657 11 658 12 658 15 658 640 659 641 659 642 659 642 660 643 660 644 660 641 661 643 661 642 661 645 662 646 662 647 662 644 663 646 663 645 663 643 664 646 664 644 664 1 665 2 665 0 665 0 666 3 666 7 666 2 667 3 667 0 667 6 668 4 668 5 668 7 669 4 669 6 669 3 670 4 670 7 670 648 671 649 671 650 671 650 672 651 672 652 672 649 673 651 673 650 673 653 674 654 674 655 674 652 675 654 675 653 675 651 676 654 676 652 676 506 677 666 677 667 677 668 678 666 678 669 678 669 679 666 679 20 679 20 680 666 680 506 680 666 681 668 681 667 681 667 682 668 682 670 682 670 683 671 683 672 683 668 684 671 684 670 684 671 685 674 685 672 685 673 686 674 686 671 686 676 687 674 687 673 687 674 688 676 688 675 688 675 689 676 689 677 689 676 690 678 690 677 690 677 691 678 691 679 691 678 692 680 692 679 692 679 693 680 693 681 693 680 694 682 694 681 694 681 695 682 695 683 695 682 696 684 696 683 696 683 697 684 697 685 697 684 698 686 698 685 698 685 699 686 699 687 699 686 700 688 700 687 700 687 701 688 701 689 701 688 702 690 702 689 702 689 703 690 703 691 703 690 704 692 704 691 704 691 705 692 705 693 705 692 706 694 706 693 706 693 707 694 707 695 707 694 708 696 708 695 708 695 709 696 709 697 709 696 710 698 710 697 710 698 711 699 711 697 711 700 712 699 712 698 712 700 713 701 713 699 713 702 714 701 714 700 714 704 715 703 715 702 715 702 716 703 716 701 716 706 717 705 717 704 717 704 718 705 718 703 718 708 719 707 719 706 719 706 720 707 720 705 720 710 721 709 721 708 721 708 722 709 722 707 722 709 723 710 723 711 723 711 724 712 724 713 724 710 725 712 725 711 725 713 726 714 726 715 726 712 727 714 727 713 727 715 728 717 728 718 728 714 729 717 729 715 729 716 730 717 730 714 730 718 731 719 731 720 731 717 732 719 732 718 732 719 733 721 733 720 733 720 734 721 734 722 734 722 735 724 735 723 735 721 736 724 736 722 736 724 737 726 737 723 737 723 738 726 738 725 738 725 739 727 739 728 739 726 740 727 740 725 740 728 741 727 741 442 741 442 742 727 742 17 742 17 743 727 743 729 743 729 744 727 744 726 744 730 745 507 745 506 745 730 746 506 746 667 746 670 747 730 747 667 747 731 748 730 748 670 748 732 749 731 749 670 749 732 750 670 750 672 750 733 751 732 751 672 751 674 752 733 752 672 752 734 753 674 753 675 753 734 754 733 754 674 754 735 755 734 755 675 755 735 756 675 756 677 756 736 757 735 757 677 757 679 758 736 758 677 758 737 759 736 759 679 759 738 760 737 760 679 760 738 761 679 761 681 761 739 762 738 762 681 762 739 763 681 763 683 763 740 764 739 764 683 764 740 765 683 765 685 765 741 766 740 766 685 766 741 767 685 767 687 767 742 768 741 768 687 768 742 769 687 769 689 769 743 770 742 770 689 770 743 771 689 771 691 771 744 772 743 772 691 772 744 773 691 773 693 773 745 774 744 774 693 774 745 775 693 775 695 775 746 776 745 776 695 776 746 777 695 777 697 777 747 778 746 778 697 778 747 779 697 779 699 779 748 780 747 780 699 780 748 781 699 781 701 781 749 782 748 782 701 782 749 783 701 783 703 783 750 784 749 784 703 784 751 785 750 785 703 785 751 786 703 786 705 786 752 787 705 787 707 787 752 788 751 788 705 788 753 789 752 789 707 789 753 790 707 790 709 790 754 791 753 791 709 791 754 792 709 792 711 792 713 793 754 793 711 793 755 794 754 794 713 794 756 795 713 795 715 795 756 796 755 796 713 796 757 797 756 797 715 797 718 798 757 798 715 798 758 799 757 799 718 799 720 800 758 800 718 800 759 801 758 801 720 801 722 802 759 802 720 802 760 803 759 803 722 803 761 804 722 804 723 804 761 805 760 805 722 805 762 806 761 806 723 806 762 807 723 807 725 807 763 808 762 808 725 808 728 809 763 809 725 809 728 810 442 810 443 810 764 811 763 811 728 811 764 812 728 812 443 812 508 813 507 813 765 813 764 814 443 814 510 814 507 815 730 815 765 815 765 816 730 816 766 816 731 817 767 817 730 817 730 818 767 818 766 818 731 819 732 819 767 819 767 820 732 820 768 820 768 821 732 821 769 821 732 822 733 822 769 822 769 823 733 823 770 823 735 824 771 824 734 824 733 825 771 825 770 825 734 826 771 826 733 826 736 827 772 827 735 827 735 828 772 828 771 828 772 829 737 829 773 829 736 830 737 830 772 830 773 831 737 831 774 831 774 832 738 832 775 832 737 833 738 833 774 833 740 834 776 834 739 834 739 835 776 835 738 835 738 836 776 836 775 836 741 837 777 837 740 837 740 838 777 838 776 838 741 839 778 839 777 839 742 840 778 840 741 840 743 841 779 841 742 841 742 842 779 842 778 842 744 843 780 843 743 843 743 844 780 844 779 844 744 845 782 845 780 845 780 846 782 846 781 846 745 847 782 847 744 847 781 848 782 848 783 848 746 849 784 849 745 849 745 850 784 850 782 850 782 851 784 851 783 851 783 852 784 852 785 852 747 853 786 853 746 853 746 854 786 854 784 854 784 855 786 855 785 855 747 856 787 856 786 856 748 857 787 857 747 857 749 858 789 858 748 858 748 859 789 859 787 859 787 860 789 860 788 860 750 861 790 861 749 861 749 862 790 862 789 862 791 863 751 863 792 863 790 864 751 864 791 864 750 865 751 865 790 865 792 866 752 866 793 866 751 867 752 867 792 867 793 868 753 868 794 868 752 869 753 869 793 869 794 870 754 870 795 870 753 871 754 871 794 871 795 872 755 872 796 872 754 873 755 873 795 873 796 874 756 874 797 874 755 875 756 875 796 875 758 876 798 876 757 876 757 877 798 877 756 877 756 878 798 878 797 878 759 879 799 879 758 879 758 880 799 880 798 880 760 881 800 881 759 881 759 882 800 882 799 882 800 883 761 883 801 883 760 884 761 884 800 884 801 885 762 885 802 885 761 886 762 886 801 886 764 887 803 887 763 887 510 888 803 888 764 888 763 889 803 889 762 889 762 890 803 890 802 890 511 891 804 891 510 891 510 892 804 892 803 892 804 893 805 893 803 893 803 894 805 894 802 894 802 895 805 895 801 895 806 896 801 896 805 896 801 897 806 897 800 897 800 898 807 898 799 898 806 899 807 899 800 899 807 900 808 900 799 900 799 901 808 901 798 901 808 902 797 902 798 902 808 903 809 903 797 903 809 904 796 904 797 904 809 905 810 905 796 905 810 906 795 906 796 906 810 907 794 907 795 907 811 908 794 908 810 908 811 909 793 909 794 909 812 910 793 910 811 910 793 911 812 911 792 911 812 912 791 912 792 912 813 913 791 913 812 913 814 914 791 914 813 914 814 915 790 915 791 915 790 916 814 916 789 916 814 917 788 917 789 917 815 918 788 918 814 918 815 919 787 919 788 919 816 920 787 920 815 920 787 921 816 921 786 921 786 922 816 922 785 922 817 923 783 923 816 923 816 924 783 924 785 924 818 925 783 925 817 925 783 926 818 926 781 926 818 927 819 927 781 927 781 928 819 928 780 928 780 929 819 929 779 929 819 930 820 930 779 930 779 931 820 931 778 931 778 932 821 932 777 932 820 933 821 933 778 933 821 934 776 934 777 934 821 935 822 935 776 935 776 936 822 936 775 936 823 937 775 937 822 937 775 938 823 938 774 938 823 939 773 939 774 939 824 940 773 940 823 940 773 941 824 941 772 941 772 942 825 942 771 942 824 943 825 943 772 943 771 944 825 944 770 944 826 945 770 945 825 945 827 946 769 946 826 946 826 947 769 947 770 947 827 948 768 948 769 948 827 949 767 949 768 949 827 950 828 950 767 950 767 951 828 951 766 951 829 952 766 952 828 952 508 953 765 953 512 953 829 954 765 954 766 954 512 955 765 955 829 955 830 956 576 956 577 956 832 957 577 957 636 957 832 958 830 958 577 958 832 959 636 959 138 959 833 960 138 960 139 960 834 961 832 961 138 961 834 962 830 962 832 962 834 963 138 963 833 963 836 964 835 964 834 964 836 965 834 965 833 965 836 966 833 966 139 966 837 967 139 967 141 967 837 968 835 968 836 968 837 969 836 969 139 969 838 970 837 970 141 970 143 971 838 971 141 971 839 972 838 972 143 972 841 973 839 973 143 973 841 974 143 974 840 974 840 975 143 975 145 975 842 976 843 976 841 976 842 977 841 977 840 977 842 978 840 978 145 978 844 979 842 979 145 979 844 980 843 980 842 980 846 981 844 981 145 981 846 982 145 982 845 982 845 983 145 983 147 983 848 984 845 984 147 984 848 985 847 985 846 985 848 986 846 986 845 986 849 987 850 987 848 987 849 988 848 988 147 988 849 989 147 989 146 989 852 990 146 990 851 990 852 991 850 991 849 991 852 992 849 992 146 992 851 993 146 993 144 993 853 994 854 994 852 994 853 995 852 995 851 995 853 996 851 996 144 996 855 997 854 997 853 997 855 998 853 998 144 998 142 999 855 999 144 999 856 1000 855 1000 142 1000 857 1001 856 1001 142 1001 857 1002 142 1002 140 1002 858 1003 856 1003 857 1003 140 1004 858 1004 857 1004 859 1005 858 1005 140 1005 859 1006 140 1006 860 1006 860 1007 140 1007 137 1007 861 1008 862 1008 859 1008 861 1009 859 1009 860 1009 861 1010 860 1010 137 1010 864 1011 137 1011 863 1011 864 1012 861 1012 137 1012 864 1013 862 1013 861 1013 864 1014 865 1014 862 1014 863 1015 137 1015 134 1015 866 1016 864 1016 863 1016 866 1017 865 1017 864 1017 867 1018 863 1018 134 1018 868 1019 866 1019 863 1019 868 1020 863 1020 867 1020 870 1021 868 1021 867 1021 870 1022 869 1022 868 1022 871 1023 867 1023 134 1023 870 1024 867 1024 871 1024 870 1025 872 1025 869 1025 871 1026 134 1026 131 1026 873 1027 870 1027 871 1027 873 1028 872 1028 870 1028 873 1029 871 1029 131 1029 874 1030 873 1030 131 1030 129 1031 874 1031 131 1031 875 1032 874 1032 129 1032 877 1033 129 1033 876 1033 877 1034 878 1034 875 1034 877 1035 875 1035 129 1035 876 1036 129 1036 127 1036 879 1037 877 1037 876 1037 879 1038 876 1038 127 1038 879 1039 878 1039 877 1039 880 1040 879 1040 127 1040 880 1041 881 1041 879 1041 882 1042 127 1042 124 1042 880 1043 127 1043 882 1043 883 1044 880 1044 882 1044 883 1045 881 1045 880 1045 883 1046 884 1046 881 1046 885 1047 882 1047 124 1047 883 1048 882 1048 885 1048 886 1049 883 1049 885 1049 886 1050 884 1050 883 1050 122 1051 885 1051 124 1051 887 1052 885 1052 122 1052 887 1053 886 1053 885 1053 887 1054 122 1054 888 1054 890 1055 887 1055 888 1055 890 1056 889 1056 887 1056 891 1057 888 1057 122 1057 891 1058 122 1058 119 1058 890 1059 888 1059 891 1059 892 1060 890 1060 891 1060 893 1061 894 1061 892 1061 893 1062 892 1062 891 1062 895 1063 891 1063 119 1063 893 1064 891 1064 895 1064 895 1065 119 1065 115 1065 896 1066 893 1066 895 1066 896 1067 894 1067 893 1067 897 1068 895 1068 115 1068 897 1069 896 1069 895 1069 898 1070 896 1070 897 1070 575 1071 897 1071 115 1071 899 1072 897 1072 575 1072 899 1073 898 1073 897 1073 575 1074 115 1074 112 1074 831 1075 575 1075 579 1075 831 1076 899 1076 575 1076 900 1077 901 1077 902 1077 902 1078 901 1078 903 1078 904 1079 905 1079 900 1079 900 1080 905 1080 901 1080 906 1081 907 1081 904 1081 904 1082 907 1082 905 1082 1697 2608 1698 2608 1696 2608 645 2609 1697 2609 1696 2609 647 2610 1699 2610 1697 2610 647 2611 1697 2611 645 2611 644 2612 645 2612 1696 2612 1694 2613 644 2613 1696 2613 646 2614 1700 2614 1699 2614 646 2615 1699 2615 647 2615 642 2616 644 2616 1694 2616 1695 2617 642 2617 1694 2617 1701 2618 1700 2618 646 2618 643 2619 1701 2619 646 2619 1702 2620 640 2620 642 2620 1702 2621 642 2621 1695 2621 1703 2622 643 2622 641 2622 1703 2623 1701 2623 643 2623 1704 2624 641 2624 640 2624 1704 2625 640 2625 1702 2625 1704 2626 1703 2626 641 2626 437 2627 438 2627 436 2627 436 2628 439 2628 1707 2628 438 2629 439 2629 436 2629 1706 2630 440 2630 1705 2630 1707 2631 440 2631 1706 2631 439 2632 440 2632 1707 2632 407 2633 1708 2633 149 2633 1709 2634 1708 2634 407 2634 1710 2635 407 2635 149 2635 1711 2636 1708 2636 1709 2636 408 2637 407 2637 1710 2637 1712 2638 1711 2638 1709 2638 1713 2639 408 2639 1710 2639 1714 2640 1711 2640 1712 2640 409 2641 408 2641 1713 2641 1715 2642 1714 2642 1712 2642 1716 2643 409 2643 1713 2643 1717 2644 1714 2644 1715 2644 410 2645 409 2645 1716 2645 411 2646 1717 2646 1715 2646 1718 2647 411 2647 410 2647 1718 2648 410 2648 1716 2648 160 2649 411 2649 1718 2649 160 2650 1717 2650 411 2650 906 2651 663 2651 662 2651 907 2652 662 2652 661 2652 907 2653 906 2653 662 2653 904 2654 663 2654 906 2654 664 2655 663 2655 904 2655 660 2656 907 2656 661 2656 905 2657 907 2657 660 2657 900 2658 664 2658 904 2658 665 2659 664 2659 900 2659 659 2660 905 2660 660 2660 901 2661 905 2661 659 2661 902 2662 665 2662 900 2662 657 2663 665 2663 902 2663 658 2664 903 2664 901 2664 658 2665 901 2665 659 2665 656 2666 902 2666 903 2666 656 2667 903 2667 658 2667 656 2668 657 2668 902 2668 1720 2669 1721 2669 1722 2669 1724 2670 1719 2670 1723 2670 1752 2704 1750 2704 1753 2704 1754 2708 1753 2708 1755 2708 1754 2709 1752 2709 1753 2709 1767 2726 1766 2726 1768 2726 1769 2729 1767 2729 1768 2729 1769 2730 1768 2730 1770 2730 1778 2739 1776 2739 1779 2739 1778 2740 1775 2740 1776 2740 1777 2741 1775 2741 1778 2741 1780 2742 1778 2742 1779 2742 1780 2743 1777 2743 1778 2743 1781 2747 1782 2747 1783 2747 1784 2748 1781 2748 1783 2748 1784 2749 1785 2749 1781 2749 1786 2750 1784 2750 1783 2750 1786 2751 1783 2751 1787 2751 1785 2752 1784 2752 1786 2752 1788 2753 1785 2753 1786 2753 1788 2754 1786 2754 1787 2754 1789 2755 1788 2755 1790 2755 1791 2756 1785 2756 1788 2756 1791 2757 1788 2757 1789 2757 1792 2758 1789 2758 1790 2758 1793 2759 1789 2759 1792 2759 1793 2760 1791 2760 1789 2760 1793 2761 1792 2761 1794 2761 1796 2763 1793 2763 1794 2763 1796 2764 1795 2764 1793 2764 1797 2765 1794 2765 1798 2765 1797 2766 1796 2766 1794 2766 1797 2767 1795 2767 1796 2767 1799 2768 1797 2768 1798 2768 1801 2771 1799 2771 1798 2771 1802 2773 1801 2773 1721 2773 1802 2775 1721 2775 1720 2775 442 4311 18 4311 441 4311 441 4312 18 4312 445 4312 17 4313 18 4313 442 4313 18 4314 96 4314 445 4314 445 4315 96 4315 447 4315 447 4316 93 4316 448 4316 96 4317 93 4317 447 4317 93 4318 449 4318 448 4318 91 4319 449 4319 93 4319 89 4320 449 4320 91 4320 449 4321 89 4321 451 4321 451 4322 89 4322 453 4322 89 4323 86 4323 453 4323 453 4324 86 4324 455 4324 86 4325 83 4325 455 4325 455 4326 83 4326 457 4326 457 4327 80 4327 459 4327 83 4328 80 4328 457 4328 80 4329 78 4329 459 4329 459 4330 78 4330 461 4330 78 4331 75 4331 461 4331 461 4332 75 4332 463 4332 75 4333 72 4333 463 4333 463 4334 72 4334 465 4334 465 4335 69 4335 467 4335 72 4336 69 4336 465 4336 467 4337 66 4337 469 4337 69 4338 66 4338 467 4338 66 4339 64 4339 469 4339 469 4340 64 4340 471 4340 64 4341 62 4341 471 4341 471 4342 62 4342 473 4342 62 4343 59 4343 473 4343 59 4344 474 4344 473 4344 56 4345 474 4345 57 4345 57 4346 474 4346 59 4346 56 4347 477 4347 474 4347 53 4348 477 4348 56 4348 51 4349 479 4349 53 4349 53 4350 479 4350 477 4350 51 4351 480 4351 479 4351 49 4352 480 4352 51 4352 46 4353 483 4353 49 4353 49 4354 483 4354 480 4354 43 4355 485 4355 46 4355 46 4356 485 4356 483 4356 485 4357 43 4357 488 4357 43 4358 40 4358 488 4358 488 4359 40 4359 489 4359 40 4360 36 4360 489 4360 489 4361 36 4361 491 4361 36 4362 493 4362 491 4362 34 4363 493 4363 35 4363 35 4364 493 4364 36 4364 495 4365 31 4365 497 4365 493 4366 31 4366 495 4366 34 4367 31 4367 493 4367 497 4368 28 4368 498 4368 31 4369 28 4369 497 4369 498 4370 25 4370 500 4370 28 4371 25 4371 498 4371 25 4372 22 4372 500 4372 500 4373 22 4373 502 4373 502 4374 2561 4374 504 4374 22 4375 2561 4375 502 4375 504 4376 2561 4376 506 4376 506 4377 2561 4377 20 4377 20 4378 2561 4378 21 4378 21 4379 2561 4379 22 4379 216 4380 2565 4380 2564 4380 218 4381 2564 4381 2562 4381 218 4382 216 4382 2564 4382 220 4383 2565 4383 216 4383 2566 4384 2565 4384 220 4384 217 4385 2562 4385 2563 4385 217 4386 218 4386 2562 4386 222 4387 2566 4387 220 4387 2567 4388 2566 4388 222 4388 2568 4389 217 4389 2563 4389 215 4390 217 4390 2568 4390 2569 4391 222 4391 221 4391 2569 4392 2567 4392 222 4392 2570 4393 219 4393 215 4393 2570 4394 215 4394 2568 4394 2571 4395 221 4395 219 4395 2571 4396 219 4396 2570 4396 2571 4397 2569 4397 221 4397 7 4398 2578 4398 2579 4398 6 4399 2578 4399 7 4399 0 4400 2579 4400 2577 4400 0 4401 7 4401 2579 4401 2580 4402 2578 4402 6 4402 2576 4403 0 4403 2577 4403 5 4404 2580 4404 6 4404 1 4405 0 4405 2576 4405 2581 4406 2580 4406 5 4406 2575 4407 1 4407 2576 4407 4 4408 2581 4408 5 4408 2 4409 1 4409 2575 4409 2573 4410 2581 4410 4 4410 2574 4411 3 4411 2 4411 2574 4412 2 4412 2575 4412 2572 4413 4 4413 3 4413 2572 4414 3 4414 2574 4414 2572 4415 2573 4415 4 4415 401 4416 2588 4416 271 4416 271 4417 2588 4417 270 4417 2588 4418 2589 4418 270 4418 270 4419 2589 4419 277 4419 277 4420 2589 4420 278 4420 2589 4421 2590 4421 278 4421 278 4422 2590 4422 279 4422 279 4423 2590 4423 281 4423 2590 4424 2591 4424 281 4424 281 4425 2591 4425 282 4425 282 4426 2592 4426 285 4426 2591 4427 2592 4427 282 4427 285 4428 2592 4428 286 4428 2592 4429 2593 4429 286 4429 286 4430 2593 4430 288 4430 2593 4431 2594 4431 288 4431 288 4432 2594 4432 291 4432 2594 4433 2595 4433 291 4433 291 4434 2595 4434 294 4434 2595 4435 2596 4435 294 4435 294 4436 2596 4436 296 4436 2596 4437 2597 4437 296 4437 296 4438 2597 4438 297 4438 2597 4439 2598 4439 297 4439 297 4440 2598 4440 300 4440 2598 4441 2599 4441 300 4441 300 4442 2599 4442 301 4442 301 4443 2599 4443 303 4443 2599 4444 2600 4444 303 4444 303 4445 2600 4445 304 4445 304 4446 2600 4446 305 4446 2600 4447 2601 4447 305 4447 305 4448 2601 4448 307 4448 2601 4449 2602 4449 307 4449 307 4450 2602 4450 309 4450 2602 4451 2603 4451 309 4451 309 4452 2603 4452 311 4452 311 4453 2603 4453 312 4453 2603 4454 2604 4454 312 4454 312 4455 2604 4455 315 4455 2604 4456 2605 4456 315 4456 315 4457 2605 4457 318 4457 318 4458 2606 4458 319 4458 2605 4459 2606 4459 318 4459 2606 4460 2607 4460 319 4460 319 4461 2607 4461 321 4461 321 4462 2608 4462 324 4462 2607 4463 2608 4463 321 4463 324 4464 2609 4464 326 4464 2608 4465 2609 4465 324 4465 326 4466 2610 4466 327 4466 2609 4467 2610 4467 326 4467 327 4468 2610 4468 329 4468 329 4469 2611 4469 330 4469 2610 4470 2611 4470 329 4470 330 4471 2612 4471 332 4471 2611 4472 2612 4472 330 4472 332 4473 2613 4473 334 4473 2612 4474 2613 4474 332 4474 334 4475 2613 4475 335 4475 2613 4476 2614 4476 335 4476 335 4477 2614 4477 338 4477 2614 4478 2615 4478 338 4478 338 4479 2615 4479 339 4479 2615 4480 340 4480 339 4480 348 4507 2638 4507 346 4507 2639 4508 2638 4508 348 4508 2639 4509 348 4509 350 4509 351 4510 2639 4510 350 4510 2640 4511 2639 4511 351 4511 2641 4513 2640 4513 351 4513 2641 4514 351 4514 353 4514 357 4517 2642 4517 355 4517 2643 4518 2642 4518 357 4518 2643 4519 357 4519 358 4519 2644 4520 2643 4520 358 4520 360 4521 2644 4521 358 4521 2644 4522 2645 4522 2643 4522 2646 4523 2645 4523 2644 4523 2646 4524 2644 4524 360 4524 2645 4525 2646 4525 362 4525 2656 4549 386 4549 387 4549 2656 4550 2655 4550 386 4550 389 4551 2656 4551 387 4551 2657 4552 2656 4552 389 4552 2658 4555 390 4555 392 4555 2659 4556 392 4556 394 4556 2659 4557 2658 4557 392 4557 397 4560 2660 4560 2659 4560 2660 4561 397 4561 398 4561 2661 4563 2660 4563 398 4563 2662 4566 579 4566 580 4566 2663 4567 2662 4567 580 4567 2663 4568 580 4568 581 4568 2664 4569 2663 4569 581 4569 2664 4570 581 4570 582 4570 2665 4571 582 4571 584 4571 2665 4572 2664 4572 582 4572 2665 4573 584 4573 585 4573 2666 4574 585 4574 586 4574 2666 4575 2665 4575 585 4575 2666 4576 586 4576 587 4576 2667 4577 2666 4577 587 4577 2667 4578 587 4578 588 4578 2667 4579 588 4579 590 4579 2668 4580 590 4580 591 4580 2668 4581 2667 4581 590 4581 2668 4582 591 4582 592 4582 2669 4583 2668 4583 592 4583 2669 4584 592 4584 593 4584 2670 4585 2669 4585 593 4585 2670 4586 593 4586 595 4586 2671 4587 2670 4587 595 4587 2671 4588 595 4588 596 4588 2671 4589 596 4589 597 4589 2672 4590 2671 4590 597 4590 2672 4591 597 4591 599 4591 2672 4592 599 4592 600 4592 2673 4593 2672 4593 600 4593 2673 4594 600 4594 601 4594 2673 4595 601 4595 602 4595 2674 4596 2673 4596 602 4596 2674 4597 602 4597 604 4597 2675 4598 2674 4598 604 4598 2675 4599 604 4599 605 4599 2676 4600 2675 4600 605 4600 2676 4601 605 4601 606 4601 2676 4602 606 4602 608 4602 2677 4603 2676 4603 608 4603 2677 4604 608 4604 609 4604 2677 4605 609 4605 610 4605 2678 4606 2677 4606 610 4606 2678 4607 610 4607 612 4607 2679 4608 612 4608 613 4608 2679 4609 2678 4609 612 4609 2680 4610 613 4610 615 4610 2680 4611 2679 4611 613 4611 2680 4612 615 4612 617 4612 2681 4613 2680 4613 617 4613 2681 4614 617 4614 618 4614 2681 4615 618 4615 620 4615 2682 4616 2681 4616 620 4616 2682 4617 620 4617 623 4617 2683 4618 623 4618 624 4618 2683 4619 624 4619 625 4619 2684 4620 625 4620 627 4620 2684 4621 2683 4621 625 4621 2684 4622 627 4622 629 4622 2685 4623 629 4623 630 4623 2685 4624 2684 4624 629 4624 2685 4625 630 4625 632 4625 2686 4626 632 4626 633 4626 2686 4627 2685 4627 632 4627 2687 4628 633 4628 634 4628 2687 4629 2686 4629 633 4629 2687 4630 634 4630 635 4630 2688 4631 635 4631 576 4631 2688 4632 2687 4632 635 4632 510 4633 443 4633 509 4633 505 4634 507 4634 508 4634 444 4635 509 4635 443 4635 573 4636 446 4636 571 4636 444 4637 446 4637 509 4637 509 4638 446 4638 573 4638 447 4639 570 4639 446 4639 448 4640 570 4640 447 4640 446 4641 570 4641 571 4641 448 4642 568 4642 570 4642 450 4643 568 4643 448 4643 452 4644 566 4644 450 4644 450 4645 566 4645 568 4645 454 4646 564 4646 452 4646 452 4647 564 4647 566 4647 454 4648 563 4648 564 4648 456 4649 563 4649 454 4649 456 4650 561 4650 563 4650 458 4651 561 4651 456 4651 460 4652 559 4652 458 4652 458 4653 559 4653 561 4653 462 4654 557 4654 460 4654 460 4655 557 4655 559 4655 557 4656 464 4656 556 4656 462 4657 464 4657 557 4657 556 4658 464 4658 553 4658 464 4659 466 4659 553 4659 553 4660 466 4660 551 4660 468 4661 550 4661 467 4661 466 4662 550 4662 551 4662 467 4663 550 4663 466 4663 468 4664 548 4664 550 4664 470 4665 548 4665 468 4665 472 4666 546 4666 470 4666 470 4667 546 4667 548 4667 475 4668 545 4668 472 4668 472 4669 545 4669 546 4669 475 4670 541 4670 545 4670 545 4671 541 4671 543 4671 476 4672 541 4672 475 4672 478 4673 540 4673 476 4673 476 4674 540 4674 541 4674 538 4675 481 4675 536 4675 540 4676 481 4676 538 4676 478 4677 481 4677 540 4677 536 4678 482 4678 534 4678 481 4679 482 4679 536 4679 534 4680 484 4680 532 4680 482 4681 484 4681 534 4681 532 4682 486 4682 531 4682 484 4683 486 4683 532 4683 487 4684 529 4684 486 4684 490 4685 529 4685 487 4685 486 4686 529 4686 531 4686 489 4687 528 4687 490 4687 490 4688 528 4688 529 4688 526 4689 492 4689 525 4689 489 4690 492 4690 528 4690 528 4691 492 4691 526 4691 496 4692 522 4692 494 4692 492 4693 522 4693 525 4693 494 4694 522 4694 492 4694 499 4695 521 4695 496 4695 496 4696 521 4696 522 4696 498 4697 519 4697 499 4697 499 4698 519 4698 521 4698 519 4699 501 4699 517 4699 498 4700 501 4700 519 4700 517 4701 503 4701 515 4701 501 4702 503 4702 517 4702 515 4703 505 4703 513 4703 513 4704 505 4704 508 4704 503 4705 505 4705 515 4705 19 4706 110 4706 94 4706 2689 4707 110 4707 19 4707 2689 4708 19 4708 17 4708 2689 4709 17 4709 729 4709 2690 4710 729 4710 726 4710 2690 4711 2689 4711 729 4711 2691 4712 2689 4712 2690 4712 2691 4713 110 4713 2689 4713 2690 4714 726 4714 724 4714 2692 4715 724 4715 721 4715 2692 4716 2691 4716 2690 4716 2692 4717 2690 4717 724 4717 2691 4718 104 4718 110 4718 2693 4719 2692 4719 721 4719 2693 4720 721 4720 719 4720 2693 4721 2691 4721 2692 4721 2694 4722 2691 4722 2693 4722 2694 4723 104 4723 2691 4723 2693 4724 719 4724 717 4724 716 4725 2694 4725 2693 4725 716 4726 2693 4726 717 4726 2695 4727 2694 4727 716 4727 2695 4728 104 4728 2694 4728 2696 4729 716 4729 714 4729 2696 4730 2695 4730 716 4730 2695 4731 100 4731 104 4731 2696 4732 714 4732 712 4732 2697 4733 100 4733 2695 4733 2697 4734 2695 4734 2696 4734 2698 4735 2696 4735 712 4735 2698 4736 2697 4736 2696 4736 2698 4737 712 4737 710 4737 2697 4738 102 4738 100 4738 2699 4739 2697 4739 2698 4739 2699 4740 2698 4740 710 4740 2699 4741 710 4741 708 4741 2700 4742 102 4742 2697 4742 2700 4743 2697 4743 2699 4743 706 4744 2700 4744 2699 4744 706 4745 2699 4745 708 4745 2700 4746 107 4746 102 4746 2701 4747 2700 4747 706 4747 2701 4748 107 4748 2700 4748 2701 4749 706 4749 704 4749 2701 4750 704 4750 702 4750 2702 4751 702 4751 700 4751 2701 4752 702 4752 2702 4752 2703 4753 107 4753 2701 4753 2703 4754 2701 4754 2702 4754 2702 4755 700 4755 698 4755 2703 4756 113 4756 107 4756 2704 4757 2702 4757 698 4757 2703 4758 2702 4758 2704 4758 2705 4759 113 4759 2703 4759 2705 4760 2703 4760 2704 4760 2704 4761 698 4761 696 4761 2706 4762 2705 4762 2704 4762 2706 4763 2704 4763 696 4763 2705 4764 117 4764 113 4764 2706 4765 696 4765 694 4765 2707 4766 117 4766 2705 4766 2707 4767 2705 4767 2706 4767 2708 4768 694 4768 692 4768 2708 4769 2707 4769 2706 4769 2708 4770 2706 4770 694 4770 2708 4771 692 4771 690 4771 2709 4772 2707 4772 2708 4772 2709 4773 117 4773 2707 4773 2710 4774 2708 4774 690 4774 2710 4775 2709 4775 2708 4775 2709 4776 121 4776 117 4776 2710 4777 690 4777 688 4777 2711 4778 121 4778 2709 4778 2711 4779 2709 4779 2710 4779 2712 4780 2711 4780 2710 4780 2712 4781 2710 4781 688 4781 2712 4782 688 4782 686 4782 2711 4783 125 4783 121 4783 2713 4784 2711 4784 2712 4784 2713 4785 2712 4785 686 4785 2713 4786 686 4786 684 4786 2714 4787 2711 4787 2713 4787 2714 4788 125 4788 2711 4788 2713 4789 684 4789 682 4789 2715 4790 2714 4790 2713 4790 2715 4791 2713 4791 682 4791 2716 4792 2714 4792 2715 4792 2716 4793 125 4793 2714 4793 2715 4794 682 4794 680 4794 2717 4795 2715 4795 680 4795 2716 4796 2715 4796 2717 4796 2717 4797 680 4797 678 4797 2718 4798 2716 4798 2717 4798 2718 4799 125 4799 2716 4799 2719 4800 2717 4800 678 4800 2718 4801 2717 4801 2719 4801 2718 4802 130 4802 125 4802 2719 4803 678 4803 676 4803 2720 4804 2719 4804 676 4804 2720 4805 676 4805 673 4805 2720 4806 2718 4806 2719 4806 2721 4807 130 4807 2718 4807 2721 4808 2718 4808 2720 4808 2721 4809 133 4809 130 4809 2720 4810 673 4810 671 4810 2722 4811 2720 4811 671 4811 2722 4812 2721 4812 2720 4812 2722 4813 671 4813 668 4813 2723 4814 133 4814 2721 4814 2723 4815 2721 4815 2722 4815 669 4816 2723 4816 2722 4816 669 4817 2722 4817 668 4817 16 4818 2723 4818 669 4818 16 4819 133 4819 2723 4819 16 4820 669 4820 20 4820 440 4821 2728 4821 184 4821 439 4822 2728 4822 440 4822 2729 4823 440 4823 184 4823 2730 4824 2728 4824 439 4824 1705 4825 440 4825 2729 4825 438 4826 2730 4826 439 4826 2731 4827 1705 4827 2729 4827 2732 4828 2730 4828 438 4828 1706 4829 1705 4829 2731 4829 437 4830 2732 4830 438 4830 2733 4831 1706 4831 2731 4831 2734 4832 2732 4832 437 4832 1707 4833 1706 4833 2733 4833 436 4834 2734 4834 437 4834 2735 4835 436 4835 1707 4835 2735 4836 1707 4836 2733 4836 195 4837 436 4837 2735 4837 195 4838 2734 4838 436 4838 210 4839 198 4839 2736 4839 211 4840 210 4840 2736 4840 2737 4841 198 4841 210 4841 2738 4842 211 4842 2736 4842 639 4843 2737 4843 210 4843 212 4844 211 4844 2738 4844 2739 4845 2737 4845 639 4845 2740 4846 212 4846 2738 4846 638 4847 2739 4847 639 4847 213 4848 212 4848 2740 4848 2741 4849 2739 4849 638 4849 2742 4850 213 4850 2740 4850 637 4851 2741 4851 638 4851 214 4852 213 4852 2742 4852 2743 4853 637 4853 214 4853 2743 4854 2741 4854 637 4854 209 4855 214 4855 2742 4855 209 4856 2743 4856 214 4856 2746 4857 2747 4857 2745 4857 224 4858 2585 4858 2584 4858 223 4859 2586 4859 2585 4859 223 4860 2585 4860 224 4860 226 4861 224 4861 2584 4861 2582 4862 226 4862 2584 4862 225 4863 2587 4863 2586 4863 225 4864 2586 4864 223 4864 229 4865 226 4865 2582 4865 2583 4866 229 4866 2582 4866 2744 4867 2587 4867 225 4867 227 4868 2744 4868 225 4868 2748 4869 230 4869 229 4869 2748 4870 229 4870 2583 4870 2745 4871 227 4871 228 4871 2745 4872 2744 4872 227 4872 2746 4873 228 4873 230 4873 2746 4874 230 4874 2748 4874 2746 4875 2745 4875 228 4875 2772 4897 2688 4897 576 4897 2772 4898 576 4898 830 4898 2773 4899 2772 4899 830 4899 2773 4900 830 4900 834 4900 2773 4901 834 4901 835 4901 2774 4902 2773 4902 835 4902 2774 4903 835 4903 837 4903 2775 4904 837 4904 838 4904 2775 4905 2774 4905 837 4905 2775 4906 838 4906 839 4906 2776 4907 839 4907 841 4907 2776 4908 2775 4908 839 4908 2776 4909 841 4909 843 4909 2777 4910 843 4910 844 4910 2777 4911 2776 4911 843 4911 2777 4912 844 4912 846 4912 2778 4913 846 4913 847 4913 2778 4914 2777 4914 846 4914 2779 4915 847 4915 848 4915 2779 4916 2778 4916 847 4916 2779 4917 848 4917 850 4917 2780 4918 2779 4918 850 4918 2780 4919 850 4919 852 4919 2780 4920 852 4920 854 4920 2781 4921 2780 4921 854 4921 2781 4922 854 4922 855 4922 2781 4923 855 4923 856 4923 2782 4924 2781 4924 856 4924 2782 4925 856 4925 858 4925 2783 4926 858 4926 859 4926 2783 4927 2782 4927 858 4927 2784 4928 859 4928 862 4928 2784 4929 2783 4929 859 4929 2785 4930 862 4930 865 4930 2785 4931 2784 4931 862 4931 2785 4932 865 4932 866 4932 2786 4933 866 4933 868 4933 2786 4934 2785 4934 866 4934 2787 4935 868 4935 869 4935 2787 4936 2786 4936 868 4936 2787 4937 869 4937 872 4937 2788 4938 2787 4938 872 4938 2788 4939 872 4939 873 4939 2789 4940 873 4940 874 4940 2789 4941 2788 4941 873 4941 2789 4942 874 4942 875 4942 2790 4943 2789 4943 875 4943 2790 4944 875 4944 878 4944 2791 4945 2790 4945 878 4945 2791 4946 878 4946 879 4946 2791 4947 879 4947 881 4947 2792 4948 881 4948 884 4948 2792 4949 2791 4949 881 4949 2792 4950 884 4950 886 4950 2793 4951 886 4951 887 4951 2793 4952 2792 4952 886 4952 2793 4953 887 4953 889 4953 2794 4954 2793 4954 889 4954 2794 4955 889 4955 890 4955 2795 4956 890 4956 892 4956 2795 4957 2794 4957 890 4957 2795 4958 892 4958 894 4958 2796 4959 2795 4959 894 4959 2796 4960 894 4960 896 4960 2797 4961 896 4961 898 4961 2797 4962 2796 4962 896 4962 2798 4963 898 4963 899 4963 2798 4964 2797 4964 898 4964 2798 4965 899 4965 831 4965 2662 4966 831 4966 579 4966 2662 4967 2798 4967 831 4967 2570 4968 2799 4968 2571 4968 408 4969 1712 4969 407 4969 407 4970 1712 4970 1709 4970 409 4971 1715 4971 408 4971 408 4972 1715 4972 1712 4972 410 4973 411 4973 409 4973 409 4974 411 4974 1715 4974 2804 4976 1720 4976 1722 4976 2807 4978 2804 4978 2805 4978 2806 4979 2804 4979 2807 4979 2807 4981 2805 4981 2808 4981 2809 4982 2806 4982 2807 4982 2810 4983 2807 4983 2808 4983 2810 4984 2809 4984 2807 4984 2814 4989 2812 4989 2815 4989 2816 4991 2815 4991 2817 4991 2816 4993 2814 4993 2815 4993 2826 5005 2825 5005 2827 5005 2837 5018 2836 5018 2838 5018 2839 5021 2837 5021 2838 5021 2841 5023 2839 5023 2838 5023 2846 5030 2845 5030 2847 5030 2848 5031 2844 5031 2845 5031 2848 5032 2845 5032 2846 5032 2850 5033 2847 5033 2851 5033 2850 5034 2846 5034 2847 5034 2848 5035 2846 5035 2850 5035 2849 5036 2848 5036 2850 5036 2852 5037 2850 5037 2851 5037 2852 5038 2851 5038 2853 5038 2849 5039 2850 5039 2852 5039 2854 5040 2849 5040 2852 5040 2855 5041 2853 5041 2856 5041 2855 5042 2852 5042 2853 5042 2858 5045 2855 5045 2857 5045 2858 5046 2854 5046 2855 5046 2859 5047 2857 5047 2860 5047 2858 5048 2857 5048 2859 5048 2861 5049 2858 5049 2859 5049 2862 5050 2859 5050 2860 5050 2862 5051 2860 5051 2863 5051 2861 5052 2859 5052 2862 5052 2865 5053 2862 5053 2863 5053 2865 5054 2863 5054 2866 5054 2864 5055 2862 5055 2865 5055 2864 5056 2861 5056 2862 5056 2868 5057 2865 5057 2866 5057 2867 5058 2864 5058 2865 5058 2867 5059 2865 5059 2868 5059 2869 5060 2868 5060 2870 5060 2867 5061 2868 5061 2869 5061 2871 5062 2867 5062 2869 5062 2871 5063 2872 5063 2867 5063 2873 5064 2869 5064 2870 5064 2871 5065 2869 5065 2873 5065 2875 5066 2871 5066 2873 5066 2875 5068 2873 5068 2874 5068 2876 5069 2875 5069 2874 5069 2877 5070 2872 5070 2875 5070 2877 5071 2875 5071 2876 5071 2877 5072 2876 5072 2878 5072 2881 5074 2877 5074 2878 5074 2882 5077 2880 5077 1723 5077 2882 5079 1723 5079 1719 5079 168 5081 162 5081 172 5081 172 5082 166 5082 177 5082 162 5083 166 5083 172 5083 179 5084 170 5084 175 5084 177 5085 170 5085 179 5085 166 5086 170 5086 177 5086 2735 5087 194 5087 195 5087 2731 5088 2883 5088 2733 5088 183 5089 2729 5089 184 5089 2884 5090 424 5090 425 5090 2886 5091 2887 5091 2885 5091 415 5092 2888 5092 413 5092 1718 5093 161 5093 160 5093 1713 5094 2889 5094 1716 5094 151 5095 1710 5095 149 5095 2892 5096 2893 5096 2891 5096 1762 5275 1768 5275 1766 5275 1762 5276 1759 5276 1768 5276 1768 5278 1759 5278 1770 5278 1755 5280 1753 5280 1759 5280 1753 5281 1750 5281 1759 5281 1779 5282 1787 5282 1782 5282 1782 5283 1787 5283 1783 5283 1770 5285 1787 5285 1776 5285 1776 5286 1787 5286 1779 5286 1787 5287 1790 5287 1788 5287 1759 5288 1739 5288 1770 5288 1750 5289 1739 5289 1759 5289 1747 5290 1739 5290 1750 5290 1770 5291 1739 5291 1787 5291 1742 5292 1739 5292 1747 5292 1790 5293 1794 5293 1792 5293 1787 5295 1798 5295 1790 5295 1790 5296 1798 5296 1794 5296 1787 5297 1721 5297 1798 5297 1798 5298 1721 5298 1801 5298 1724 5301 2880 5301 1731 5301 1723 5302 2880 5302 1724 5302 1722 5303 2808 5303 2804 5303 1739 5305 2874 5305 1787 5305 1731 5306 2874 5306 1739 5306 2876 5307 2874 5307 2878 5307 2878 5308 2874 5308 2880 5308 2880 5309 2874 5309 1731 5309 2808 5310 2815 5310 2812 5310 1787 5311 2815 5311 1721 5311 1721 5312 2815 5312 1722 5312 1722 5313 2815 5313 2808 5313 2874 5314 2815 5314 1787 5314 2874 5315 2817 5315 2815 5315 2873 5316 2870 5316 2874 5316 2870 5318 2866 5318 2874 5318 2868 5319 2866 5319 2870 5319 2863 5320 2856 5320 2866 5320 2860 5321 2856 5321 2863 5321 2857 5322 2856 5322 2860 5322 2823 5323 2831 5323 2825 5323 2825 5324 2831 5324 2827 5324 2821 5326 2831 5326 2823 5326 2817 5327 2831 5327 2821 5327 2856 5328 2853 5328 2866 5328 2851 5329 2836 5329 2853 5329 2817 5330 2836 5330 2831 5330 2853 5331 2836 5331 2866 5331 2874 5332 2836 5332 2817 5332 2866 5333 2836 5333 2874 5333 2836 5334 2842 5334 2838 5334 2851 5335 2842 5335 2836 5335 2847 5336 2842 5336 2851 5336 2838 5337 2842 5337 2841 5337 2845 5338 2842 5338 2847 5338 829 5339 1689 5339 512 5339 512 5340 1689 5340 514 5340 827 5341 2916 5341 828 5341 828 5342 2916 5342 829 5342 829 5343 2916 5343 1689 5343 514 5344 1688 5344 516 5344 1689 5345 1688 5345 514 5345 825 5346 2587 5346 826 5346 826 5347 2587 5347 827 5347 825 5348 2586 5348 2587 5348 823 5349 2586 5349 824 5349 824 5350 2586 5350 825 5350 2587 5351 2917 5351 827 5351 2916 5352 2917 5352 2918 5352 827 5353 2917 5353 2916 5353 823 5354 2585 5354 2586 5354 516 5355 913 5355 518 5355 518 5356 913 5356 520 5356 2918 5357 2919 5357 2920 5357 2917 5358 2919 5358 2918 5358 1690 5359 912 5359 1688 5359 1688 5360 912 5360 516 5360 516 5361 912 5361 913 5361 520 5362 2912 5362 523 5362 913 5363 2912 5363 520 5363 523 5364 2912 5364 524 5364 1691 5365 911 5365 1690 5365 1690 5366 911 5366 912 5366 2919 5367 2921 5367 2920 5367 2920 5368 2921 5368 2922 5368 2912 5369 2913 5369 524 5369 524 5370 2913 5370 527 5370 2922 5371 2923 5371 1693 5371 2921 5372 2923 5372 2922 5372 1692 5373 910 5373 1691 5373 1691 5374 910 5374 911 5374 1692 5375 908 5375 910 5375 1693 5376 908 5376 1692 5376 822 5377 173 5377 823 5377 823 5378 173 5378 2585 5378 2585 5379 173 5379 2584 5379 822 5380 2727 5380 173 5380 821 5381 2727 5381 822 5381 173 5382 2924 5382 2584 5382 2584 5383 2924 5383 2582 5383 819 5384 2726 5384 820 5384 820 5385 2726 5385 821 5385 821 5386 2726 5386 2727 5386 2924 5387 2925 5387 2582 5387 2582 5388 2925 5388 2583 5388 2914 5389 151 5389 2913 5389 2913 5390 151 5390 527 5390 527 5391 151 5391 530 5391 818 5392 2725 5392 819 5392 819 5393 2725 5393 2726 5393 2915 5394 2926 5394 2914 5394 2914 5395 2926 5395 151 5395 530 5396 2927 5396 533 5396 151 5397 2927 5397 530 5397 2925 5398 2928 5398 2583 5398 2583 5399 2928 5399 2923 5399 2915 5400 2929 5400 2926 5400 909 5401 2929 5401 2915 5401 2927 5402 2930 5402 533 5402 533 5403 2930 5403 535 5403 535 5404 2930 5404 537 5404 908 5405 2931 5405 909 5405 909 5406 2931 5406 2929 5406 2930 5407 2932 5407 537 5407 2932 5408 539 5408 537 5408 2724 5409 657 5409 171 5409 817 5410 665 5410 818 5410 2724 5411 665 5411 657 5411 818 5412 665 5412 2725 5412 2725 5413 665 5413 2724 5413 657 5414 656 5414 171 5414 171 5415 656 5415 2933 5415 816 5416 664 5416 817 5416 817 5417 664 5417 665 5417 656 5418 658 5418 2933 5418 2933 5419 658 5419 2928 5419 816 5420 663 5420 664 5420 161 5421 2577 5421 2934 5421 658 5422 659 5422 2928 5422 2935 5423 2576 5423 161 5423 161 5424 2576 5424 2577 5424 2934 5425 2579 5425 2932 5425 2932 5426 2579 5426 539 5426 2577 5427 2579 5427 2934 5427 539 5428 2579 5428 542 5428 816 5429 815 5429 663 5429 2931 5430 2575 5430 2935 5430 2935 5431 2575 5431 2576 5431 2579 5432 2578 5432 542 5432 542 5433 2578 5433 544 5433 2578 5434 2580 5434 544 5434 663 5435 815 5435 662 5435 2580 5436 547 5436 544 5436 815 5437 814 5437 662 5437 661 5438 194 5438 660 5438 661 5439 2936 5439 194 5439 662 5440 2936 5440 661 5440 194 5441 2937 5441 660 5441 660 5442 2937 5442 659 5442 814 5443 2938 5443 662 5443 662 5444 2938 5444 2936 5444 2580 5445 549 5445 547 5445 2581 5446 549 5446 2580 5446 2937 5447 2939 5447 659 5447 2928 5448 2939 5448 2923 5448 659 5449 2939 5449 2928 5449 814 5450 813 5450 2938 5450 2572 5451 2563 5451 2573 5451 2574 5452 2940 5452 2572 5452 2572 5453 2940 5453 2563 5453 2563 5454 2562 5454 2573 5454 2573 5455 2562 5455 2581 5455 2938 5456 813 5456 2941 5456 2575 5457 2942 5457 2574 5457 2574 5458 2942 5458 2940 5458 2931 5459 2942 5459 2575 5459 2562 5460 2564 5460 2581 5460 2564 5461 549 5461 2581 5461 813 5462 812 5462 2941 5462 2564 5463 552 5463 549 5463 2565 5464 552 5464 2564 5464 2943 5465 208 5465 2939 5465 2944 5466 2945 5466 2943 5466 2943 5467 2945 5467 208 5467 812 5468 811 5468 2941 5468 2939 5469 2946 5469 2923 5469 208 5470 2946 5470 2939 5470 183 5471 2947 5471 2944 5471 2944 5472 2947 5472 2945 5472 2942 5473 1695 5473 2948 5473 2565 5474 554 5474 552 5474 2931 5475 1702 5475 2942 5475 908 5476 1702 5476 2931 5476 1693 5477 1702 5477 908 5477 2942 5478 1702 5478 1695 5478 2948 5479 2949 5479 2950 5479 1695 5480 2949 5480 2948 5480 2941 5481 811 5481 2951 5481 183 5482 2952 5482 2947 5482 2950 5483 2953 5483 2567 5483 2949 5484 2953 5484 2950 5484 2565 5485 555 5485 554 5485 1693 5486 415 5486 1702 5486 2946 5487 415 5487 2923 5487 2923 5488 415 5488 1693 5488 2946 5489 2954 5489 415 5489 2955 5490 2954 5490 2946 5490 1702 5491 2956 5491 1704 5491 415 5492 2956 5492 1702 5492 2953 5493 2957 5493 2567 5493 2955 5494 2958 5494 2954 5494 2959 5495 2958 5495 2955 5495 2956 5496 2960 5496 1704 5496 1704 5497 2960 5497 1703 5497 2565 5498 558 5498 555 5498 2566 5499 558 5499 2565 5499 2959 5500 2961 5500 2958 5500 2962 5501 2961 5501 2959 5501 2960 5502 2963 5502 1703 5502 1703 5503 2963 5503 1701 5503 811 5504 810 5504 2951 5504 2951 5505 810 5505 183 5505 2962 5506 2964 5506 2961 5506 2963 5507 2965 5507 1701 5507 183 5508 810 5508 2952 5508 2566 5509 560 5509 558 5509 2567 5510 560 5510 2566 5510 810 5511 809 5511 2952 5511 2957 5512 560 5512 2567 5512 2952 5513 809 5513 2966 5513 2957 5514 562 5514 560 5514 809 5515 808 5515 2966 5515 2967 5516 562 5516 2957 5516 808 5517 807 5517 2966 5517 2967 5518 565 5518 562 5518 2966 5519 807 5519 197 5519 807 5520 806 5520 197 5520 2967 5521 567 5521 565 5521 1700 5522 567 5522 2967 5522 1700 5523 569 5523 567 5523 806 5524 805 5524 197 5524 197 5525 805 5525 2962 5525 2962 5526 805 5526 2964 5526 1700 5527 572 5527 569 5527 1701 5528 572 5528 1700 5528 2965 5529 572 5529 1701 5529 2964 5530 804 5530 424 5530 805 5531 804 5531 2964 5531 2965 5532 574 5532 572 5532 804 5533 511 5533 424 5533 2965 5534 511 5534 574 5534 424 5535 511 5535 2965 5535 650 5536 913 5536 912 5536 648 5537 650 5537 912 5537 2912 5538 913 5538 650 5538 911 5539 648 5539 912 5539 652 5540 2912 5540 650 5540 649 5541 648 5541 911 5541 2913 5542 2912 5542 652 5542 910 5543 649 5543 911 5543 653 5544 2913 5544 652 5544 651 5545 649 5545 910 5545 2914 5546 2913 5546 653 5546 908 5547 651 5547 910 5547 655 5548 2914 5548 653 5548 654 5549 651 5549 908 5549 2915 5550 655 5550 654 5550 2915 5551 2914 5551 655 5551 909 5552 654 5552 908 5552 909 5553 2915 5553 654 5553 399 5572 2688 5572 401 5572 401 5573 2688 5573 2588 5573 399 5574 2687 5574 2688 5574 2688 5575 2772 5575 2588 5575 2588 5576 2772 5576 2589 5576 395 5577 2686 5577 399 5577 399 5578 2686 5578 2687 5578 2772 5579 2773 5579 2589 5579 395 5580 2685 5580 2686 5580 2773 5581 2774 5581 2589 5581 2589 5582 2774 5582 2590 5582 393 5583 2685 5583 395 5583 2774 5584 2775 5584 2590 5584 393 5585 2684 5585 2685 5585 2775 5586 2591 5586 2590 5586 391 5587 2684 5587 393 5587 2775 5588 2776 5588 2591 5588 2776 5589 2592 5589 2591 5589 391 5590 2683 5590 2684 5590 388 5591 2683 5591 391 5591 388 5592 623 5592 2683 5592 2776 5593 2593 5593 2592 5593 2776 5594 2777 5594 2593 5594 388 5595 2682 5595 623 5595 385 5596 2682 5596 388 5596 2777 5597 2594 5597 2593 5597 2777 5598 2778 5598 2594 5598 385 5599 2681 5599 2682 5599 383 5600 2681 5600 385 5600 2778 5601 2595 5601 2594 5601 2778 5602 2779 5602 2595 5602 381 5603 2681 5603 383 5603 381 5604 2680 5604 2681 5604 2779 5605 2780 5605 2595 5605 379 5606 2680 5606 381 5606 2780 5607 2596 5607 2595 5607 379 5608 2679 5608 2680 5608 376 5609 2679 5609 379 5609 2780 5610 2597 5610 2596 5610 2780 5611 2781 5611 2597 5611 376 5612 2678 5612 2679 5612 374 5613 2678 5613 376 5613 2781 5614 2598 5614 2597 5614 374 5615 2677 5615 2678 5615 2781 5616 2782 5616 2598 5616 372 5617 2677 5617 374 5617 2782 5618 2599 5618 2598 5618 2782 5619 2783 5619 2599 5619 372 5620 2676 5620 2677 5620 369 5621 2676 5621 372 5621 2783 5622 2600 5622 2599 5622 2783 5623 2784 5623 2600 5623 369 5624 2675 5624 2676 5624 369 5625 367 5625 2675 5625 2784 5626 2601 5626 2600 5626 2785 5627 2601 5627 2784 5627 367 5628 2674 5628 2675 5628 367 5629 365 5629 2674 5629 2785 5630 2602 5630 2601 5630 2786 5631 2602 5631 2785 5631 365 5632 2673 5632 2674 5632 365 5633 363 5633 2673 5633 2786 5634 2603 5634 2602 5634 2787 5635 2603 5635 2786 5635 363 5636 2672 5636 2673 5636 363 5637 361 5637 2672 5637 2788 5638 2604 5638 2787 5638 2787 5639 2604 5639 2603 5639 361 5640 359 5640 2672 5640 359 5641 2671 5641 2672 5641 2789 5642 2605 5642 2788 5642 2788 5643 2605 5643 2604 5643 359 5644 356 5644 2671 5644 2790 5645 2606 5645 2789 5645 2789 5646 2606 5646 2605 5646 356 5647 2670 5647 2671 5647 356 5648 354 5648 2670 5648 354 5649 2669 5649 2670 5649 2790 5650 2607 5650 2606 5650 2791 5651 2607 5651 2790 5651 354 5652 352 5652 2669 5652 352 5653 2668 5653 2669 5653 2791 5654 2608 5654 2607 5654 352 5655 2667 5655 2668 5655 2791 5656 2609 5656 2608 5656 2792 5657 2609 5657 2791 5657 352 5658 349 5658 2667 5658 2792 5659 2610 5659 2609 5659 349 5660 2666 5660 2667 5660 2793 5661 2610 5661 2792 5661 349 5662 347 5662 2666 5662 347 5663 2665 5663 2666 5663 2794 5664 2611 5664 2793 5664 2793 5665 2611 5665 2610 5665 2665 5666 344 5666 2664 5666 347 5667 344 5667 2665 5667 2795 5668 2612 5668 2794 5668 2794 5669 2612 5669 2611 5669 2664 5670 344 5670 2663 5670 2795 5671 2613 5671 2612 5671 2796 5672 2613 5672 2795 5672 344 5673 341 5673 2663 5673 2663 5674 341 5674 2662 5674 2797 5675 2614 5675 2796 5675 2796 5676 2614 5676 2613 5676 341 5677 340 5677 2662 5677 2662 5678 340 5678 2798 5678 2797 5679 2615 5679 2614 5679 2798 5680 2615 5680 2797 5680 340 5681 2615 5681 2798 5681 13 5682 2970 5682 2971 5682 14 5683 13 5683 2971 5683 12 5684 425 5684 2970 5684 12 5685 2970 5685 13 5685 2972 5686 14 5686 2971 5686 2884 5687 425 5687 12 5687 15 5688 14 5688 2972 5688 11 5689 2884 5689 12 5689 2973 5690 15 5690 2972 5690 2885 5691 2884 5691 11 5691 8 5692 15 5692 2973 5692 10 5693 2885 5693 11 5693 413 5694 8 5694 2973 5694 2886 5695 10 5695 9 5695 2886 5696 2885 5696 10 5696 2888 5697 9 5697 8 5697 2888 5698 8 5698 413 5698 2888 5699 2886 5699 9 5699 403 5700 2894 5700 2892 5700 402 5701 1689 5701 2894 5701 402 5702 2894 5702 403 5702 404 5703 403 5703 2892 5703 2891 5704 404 5704 2892 5704 1688 5705 1689 5705 402 5705 2802 5706 1688 5706 402 5706 405 5707 404 5707 2891 5707 2890 5708 405 5708 2891 5708 1690 5709 1688 5709 2802 5709 2801 5710 1690 5710 2802 5710 406 5711 405 5711 2890 5711 1693 5712 406 5712 2890 5712 1691 5713 2801 5713 2800 5713 1691 5714 1690 5714 2801 5714 1692 5715 2800 5715 406 5715 1692 5716 406 5716 1693 5716 1692 5717 1691 5717 2800 5717 403 5718 404 5718 402 5718 402 5719 405 5719 2802 5719 404 5720 405 5720 402 5720 2801 5721 406 5721 2800 5721 2802 5722 406 5722 2801 5722 405 5723 406 5723 2802 5723</p>
        </triangles>
        <triangles material="Material_002-material" count="3526">
          <input semantic="VERTEX" source="#B2W_ES_ASM-mesh-vertices" offset="0"/>
          <input semantic="NORMAL" source="#B2W_ES_ASM-mesh-normals" offset="1"/>
          <p>233 246 231 246 234 246 235 247 234 247 236 247 237 248 236 248 238 248 240 249 239 249 241 249 244 250 243 250 242 250 246 251 245 251 244 251 248 252 247 252 246 252 249 253 248 253 250 253 253 254 251 254 252 254 254 255 253 255 252 255 255 256 254 256 252 256 255 257 252 257 256 257 256 258 252 258 257 258 258 259 256 259 257 259 262 260 261 260 263 260 264 261 263 261 265 261 266 262 264 262 265 262 267 263 265 263 268 263 272 264 273 264 274 264 275 265 271 265 270 265 277 266 276 266 275 266 277 267 275 267 270 267 276 268 277 268 278 268 283 273 280 273 281 273 301 294 302 294 299 294 301 295 299 295 300 295 302 296 301 296 303 296 302 297 303 297 304 297 308 301 305 301 307 301 308 302 307 302 309 302 310 303 308 303 309 303 310 304 309 304 311 304 313 305 310 305 311 305 313 306 311 306 312 306 313 307 314 307 310 307 316 308 313 308 312 308 316 309 314 309 313 309 316 310 312 310 315 310 316 311 317 311 314 311 317 312 316 312 315 312 317 313 315 313 318 313 317 314 318 314 319 314 320 315 317 315 319 315 320 316 319 316 321 316 322 317 320 317 321 317 322 318 323 318 320 318 322 319 321 319 324 319 325 320 322 320 324 320 325 321 323 321 322 321 325 322 324 322 326 322 328 323 326 323 327 323 328 324 325 324 326 324 328 325 327 325 329 325 333 328 330 328 332 328 333 330 332 330 334 330 336 331 334 331 335 331 336 332 333 332 334 332 338 333 336 333 335 333 337 334 336 334 338 334 273 335 338 335 339 335 273 336 339 336 274 336 273 337 337 337 338 337 916 1083 2750 1083 917 1083 918 1084 919 1084 914 1084 920 1085 918 1085 914 1085 920 1086 914 1086 921 1086 922 1087 923 1087 919 1087 924 1088 918 1088 920 1088 924 1089 919 1089 918 1089 925 1090 926 1090 923 1090 925 1091 923 1091 922 1091 924 1092 922 1092 919 1092 927 1093 922 1093 924 1093 928 1094 920 1094 921 1094 928 1095 921 1095 2902 1095 929 1096 926 1096 925 1096 929 1097 930 1097 926 1097 927 1098 925 1098 922 1098 931 1099 927 1099 924 1099 932 1100 924 1100 920 1100 932 1101 920 1101 928 1101 933 1102 925 1102 927 1102 934 1103 935 1103 930 1103 934 1104 930 1104 929 1104 928 1105 2902 1105 2900 1105 933 1106 929 1106 925 1106 936 1107 933 1107 927 1107 936 1108 927 1108 931 1108 931 1109 924 1109 932 1109 937 1110 929 1110 933 1110 937 1111 934 1111 929 1111 938 1112 939 1112 935 1112 938 1113 935 1113 934 1113 940 1114 934 1114 937 1114 941 1115 928 1115 2900 1115 941 1116 932 1116 928 1116 942 1117 933 1117 936 1117 943 1118 939 1118 938 1118 944 1119 931 1119 932 1119 940 1120 938 1120 934 1120 945 1121 932 1121 941 1121 942 1122 937 1122 933 1122 946 1123 942 1123 936 1123 943 1124 947 1124 939 1124 944 1125 936 1125 931 1125 948 1126 938 1126 940 1126 945 1127 944 1127 932 1127 949 1128 937 1128 942 1128 949 1129 940 1129 937 1129 941 1130 2900 1130 950 1130 951 1131 947 1131 943 1131 952 1132 936 1132 944 1132 948 1133 943 1133 938 1133 953 1134 944 1134 945 1134 949 1135 948 1135 940 1135 954 1136 942 1136 946 1136 952 1137 946 1137 936 1137 955 1138 943 1138 948 1138 956 1139 948 1139 949 1139 954 1140 949 1140 942 1140 958 1141 959 1141 947 1141 958 1142 947 1142 951 1142 960 1143 941 1143 950 1143 961 1144 946 1144 952 1144 961 1145 954 1145 946 1145 955 1146 951 1146 943 1146 952 1147 944 1147 953 1147 956 1148 955 1148 948 1148 957 1149 953 1149 945 1149 962 1150 949 1150 954 1150 962 1151 956 1151 949 1151 960 1152 945 1152 941 1152 963 1153 951 1153 955 1153 965 1154 955 1154 956 1154 966 1155 953 1155 957 1155 967 1156 968 1156 959 1156 967 1157 959 1157 958 1157 957 1158 945 1158 960 1158 969 1159 962 1159 954 1159 969 1160 954 1160 961 1160 963 1161 958 1161 951 1161 960 1162 950 1162 2899 1162 964 1163 961 1163 952 1163 965 1164 963 1164 955 1164 970 1165 953 1165 966 1165 970 1166 952 1166 953 1166 971 1167 956 1167 962 1167 971 1168 965 1168 956 1168 972 1169 968 1169 967 1169 973 1170 967 1170 958 1170 973 1171 958 1171 963 1171 974 1172 961 1172 964 1172 975 1173 963 1173 965 1173 970 1174 964 1174 952 1174 976 1175 965 1175 971 1175 977 1176 962 1176 969 1176 977 1177 971 1177 962 1177 978 1178 957 1178 960 1178 974 1179 969 1179 961 1179 975 1180 973 1180 963 1180 979 1181 960 1181 2899 1181 979 1182 2899 1182 980 1182 981 1183 964 1183 970 1183 982 1184 983 1184 968 1184 982 1185 968 1185 972 1185 984 1186 970 1186 966 1186 985 1187 971 1187 977 1187 986 1188 966 1188 957 1188 986 1189 957 1189 978 1189 987 1190 977 1190 969 1190 987 1191 969 1191 974 1191 988 1192 973 1192 975 1192 981 1193 974 1193 964 1193 989 1194 975 1194 965 1194 989 1195 965 1195 976 1195 990 1196 983 1196 982 1196 985 1197 976 1197 971 1197 982 1198 972 1198 967 1198 991 1199 966 1199 986 1199 992 1200 977 1200 987 1200 993 1201 973 1201 988 1201 993 1202 967 1202 973 1202 978 1203 960 1203 979 1203 987 1204 974 1204 981 1204 989 1205 988 1205 975 1205 990 1206 994 1206 983 1206 979 1207 980 1207 2897 1207 995 1208 981 1208 970 1208 995 1209 970 1209 984 1209 996 1210 976 1210 985 1210 991 1211 984 1211 966 1211 992 1212 985 1212 977 1212 998 1213 994 1213 990 1213 996 1214 989 1214 976 1214 999 1215 995 1215 984 1215 999 1216 984 1216 991 1216 1000 1217 985 1217 992 1217 1000 1218 996 1218 985 1218 1001 1219 967 1219 993 1219 1001 1220 982 1220 967 1220 1002 1221 991 1221 986 1221 997 1222 992 1222 987 1222 998 1223 1003 1223 231 1223 998 1224 231 1224 994 1224 1004 1225 978 1225 979 1225 1005 1226 987 1226 981 1226 1005 1227 981 1227 995 1227 1006 1228 989 1228 996 1228 1007 1229 979 1229 2897 1229 1008 1230 982 1230 1001 1230 1008 1231 990 1231 982 1231 1002 1232 999 1232 991 1232 1009 1233 992 1233 997 1233 1009 1234 1000 1234 992 1234 1001 1235 993 1235 988 1235 1010 1236 978 1236 1004 1236 1010 1237 986 1237 978 1237 1005 1238 997 1238 987 1238 1006 1239 988 1239 989 1239 1011 1240 995 1240 999 1240 1011 1241 1005 1241 995 1241 1012 1242 996 1242 1000 1242 1013 1243 999 1243 1002 1243 1010 1244 1002 1244 986 1244 1015 1245 997 1245 1005 1245 1016 1246 988 1246 1006 1246 998 1247 2636 1247 1003 1247 1004 1248 979 1248 1007 1248 1017 1249 1005 1249 1011 1249 1012 1250 1006 1250 996 1250 1024 1251 990 1251 1008 1251 1007 1252 2897 1252 1018 1252 1013 1253 1011 1253 999 1253 1019 1254 1000 1254 1009 1254 1014 1255 1008 1255 1001 1255 1015 1256 1009 1256 997 1256 1016 1257 1001 1257 988 1257 1020 1258 1010 1258 1004 1258 1017 1259 1015 1259 1005 1259 1021 1260 1006 1260 1012 1260 1022 1261 990 1261 1024 1261 1022 1262 998 1262 990 1262 1023 1263 1011 1263 1013 1263 1019 1264 1012 1264 1000 1264 1024 1265 1008 1265 1014 1265 1025 1266 1013 1266 1002 1266 1026 1267 1009 1267 1015 1267 1014 1268 1001 1268 1016 1268 1020 1269 1002 1269 1010 1269 1027 1270 1015 1270 1017 1270 1021 1271 1016 1271 1006 1271 1022 1272 2636 1272 998 1272 1028 1273 1004 1273 1007 1273 1028 1274 1020 1274 1004 1274 1023 1275 1017 1275 1011 1275 1029 1276 1021 1276 1012 1276 1029 1277 1012 1277 1019 1277 1030 1278 1007 1278 1018 1278 1025 1279 1023 1279 1013 1279 1026 1280 1019 1280 1009 1280 1032 1281 1002 1281 1020 1281 1033 1282 1016 1282 1021 1282 1033 1283 1014 1283 1016 1283 1034 1284 1020 1284 1028 1284 1035 1285 1017 1285 1023 1285 1036 1286 1021 1286 1029 1286 1040 1287 1022 1287 1024 1287 1028 1288 1007 1288 1030 1288 1037 1289 1023 1289 1025 1289 1038 1290 1019 1290 1026 1290 1031 1291 1024 1291 1014 1291 1032 1292 1025 1292 1002 1292 1039 1293 1026 1293 1015 1293 1039 1294 1015 1294 1027 1294 1035 1295 1027 1295 1017 1295 1022 1296 2635 1296 2636 1296 1038 1297 1029 1297 1019 1297 1040 1298 1024 1298 1031 1298 1030 1299 1018 1299 2896 1299 1041 1300 1025 1300 1032 1300 1041 1301 1037 1301 1025 1301 1039 1302 1038 1302 1026 1302 1042 1303 1014 1303 1033 1303 1042 1304 1031 1304 1014 1304 1032 1305 1020 1305 1034 1305 1043 1306 1027 1306 1035 1306 1044 1307 1021 1307 1036 1307 1044 1308 1033 1308 1021 1308 1045 1309 1034 1309 1028 1309 1046 1310 1035 1310 1023 1310 1046 1311 1023 1311 1037 1311 1047 1312 1036 1312 1029 1312 1047 1313 1029 1313 1038 1313 1054 1314 1028 1314 1030 1314 1048 1315 1037 1315 1041 1315 1049 1316 1038 1316 1039 1316 1042 1317 1040 1317 1031 1317 1043 1318 1039 1318 1027 1318 1044 1319 1042 1319 1033 1319 1046 1320 1043 1320 1035 1320 1050 1321 1051 1321 2635 1321 1050 1322 2635 1322 1022 1322 1050 1323 1022 1323 1040 1323 1052 1324 1028 1324 1054 1324 1048 1325 1046 1325 1037 1325 1049 1326 1047 1326 1038 1326 1053 1327 1040 1327 1042 1327 1054 1328 1030 1328 2896 1328 1054 1329 2896 1329 1055 1329 1056 1330 1039 1330 1043 1330 1057 1331 1042 1331 1044 1331 1058 1332 1034 1332 1045 1332 1058 1333 1032 1333 1034 1333 1059 1334 1043 1334 1046 1334 1044 1335 1036 1335 1047 1335 1052 1336 1045 1336 1028 1336 1060 1337 1046 1337 1048 1337 1061 1338 1047 1338 1049 1338 1050 1339 1040 1339 1053 1339 1062 1340 1048 1340 1041 1340 1056 1341 1049 1341 1039 1341 1058 1342 1041 1342 1032 1342 1064 1343 1059 1343 1046 1343 1064 1344 1046 1344 1060 1344 1061 1345 1044 1345 1047 1345 1065 1346 1051 1346 1050 1346 1066 1347 1052 1347 1054 1347 1062 1348 1060 1348 1048 1348 1067 1349 1049 1349 1056 1349 1053 1350 1042 1350 1057 1350 1068 1351 1054 1351 1055 1351 1068 1352 1055 1352 1069 1352 1070 1353 1041 1353 1058 1353 1071 1354 1056 1354 1043 1354 1071 1355 1043 1355 1059 1355 1063 1356 1057 1356 1044 1356 1072 1357 1058 1357 1045 1357 1073 1358 1044 1358 1061 1358 1066 1359 1045 1359 1052 1359 1074 1360 1060 1360 1062 1360 1075 1361 1061 1361 1049 1361 1075 1362 1049 1362 1067 1362 1076 1363 1050 1363 1053 1363 1068 1364 1066 1364 1054 1364 1070 1365 1062 1365 1041 1365 1077 1366 1057 1366 1063 1366 1078 1367 1071 1367 1059 1367 1078 1368 1059 1368 1064 1368 1073 1369 1063 1369 1044 1369 1079 1370 1045 1370 1066 1370 1074 1371 1064 1371 1060 1371 1065 1372 1050 1372 1076 1372 1065 1373 2634 1373 1051 1373 1080 1374 1066 1374 1068 1374 1081 1375 1062 1375 1070 1375 1082 1376 1067 1376 1056 1376 1082 1377 1056 1377 1071 1377 1077 1378 1053 1378 1057 1378 1083 1379 1070 1379 1058 1379 1083 1380 1058 1380 1072 1380 1084 1381 1071 1381 1078 1381 1085 1382 1063 1382 1073 1382 1085 1383 1077 1383 1063 1383 1079 1384 1072 1384 1045 1384 1078 1385 1064 1385 1074 1385 1073 1386 1061 1386 1075 1386 1086 1387 1062 1387 1081 1387 1086 1388 1074 1388 1062 1388 1082 1389 1075 1389 1067 1389 1076 1390 1053 1390 1077 1390 1083 1391 1081 1391 1070 1391 1084 1392 1082 1392 1071 1392 1087 1393 1077 1393 1085 1393 1088 1394 1072 1394 1079 1394 1088 1395 1083 1395 1072 1395 1090 1396 1066 1396 1080 1396 1090 1397 1079 1397 1066 1397 1091 1398 1075 1398 1082 1398 1076 1399 1092 1399 2634 1399 1076 1400 2634 1400 1065 1400 1093 1401 1081 1401 1083 1401 1094 1402 1082 1402 1084 1402 1095 1403 1068 1403 1069 1403 1096 1404 1083 1404 1088 1404 1089 1405 1084 1405 1078 1405 1088 1406 1079 1406 1090 1406 1097 1407 1078 1407 1074 1407 1097 1408 1074 1408 1086 1408 1091 1409 1073 1409 1075 1409 1093 1410 1086 1410 1081 1410 1098 1411 1076 1411 1077 1411 1098 1412 1077 1412 1087 1412 1099 1413 1084 1413 1089 1413 1097 1414 1089 1414 1078 1414 1100 1415 1085 1415 1073 1415 1100 1416 1073 1416 1091 1416 1101 1417 1097 1417 1086 1417 1101 1418 1086 1418 1093 1418 1102 1419 1091 1419 1082 1419 1102 1420 1082 1420 1094 1420 1098 1421 1092 1421 1076 1421 1103 1422 1080 1422 1068 1422 1103 1423 1068 1423 1095 1423 1104 1424 1093 1424 1083 1424 1104 1425 1083 1425 1096 1425 1099 1426 1094 1426 1084 1426 1105 1427 1095 1427 1069 1427 1105 1428 1069 1428 2968 1428 1106 1429 1089 1429 1097 1429 1107 1430 1085 1430 1100 1430 1108 1431 1088 1431 1090 1431 1102 1432 1100 1432 1091 1432 1103 1433 1090 1433 1080 1433 1104 1434 1101 1434 1093 1434 1109 1435 1094 1435 1099 1435 1109 1436 1102 1436 1094 1436 1110 1437 1098 1437 1087 1437 1112 1438 1089 1438 1106 1438 1112 1439 1099 1439 1089 1439 1107 1440 1087 1440 1085 1440 1108 1441 1096 1441 1088 1441 1106 1442 1097 1442 1101 1442 1113 1443 1090 1443 1103 1443 1113 1444 1108 1444 1090 1444 1114 1445 1101 1445 1104 1445 1098 1446 2633 1446 1092 1446 1115 1447 1103 1447 1095 1447 1111 1448 1104 1448 1096 1448 1116 1449 1087 1449 1107 1449 1117 1450 1096 1450 1108 1450 1118 1451 1108 1451 1113 1451 1119 1452 1101 1452 1114 1452 1120 1453 1102 1453 1109 1453 1113 1454 1103 1454 1115 1454 1114 1455 1104 1455 1111 1455 1121 1456 1109 1456 1099 1456 1121 1457 1099 1457 1112 1457 1110 1458 1087 1458 1116 1458 1115 1459 1095 1459 1105 1459 1117 1460 1111 1460 1096 1460 1122 1461 1112 1461 1106 1461 1116 1462 1107 1462 1100 1462 1119 1463 1106 1463 1101 1463 1120 1464 1100 1464 1102 1464 1124 1465 1109 1465 1121 1465 1110 1466 2633 1466 1098 1466 1125 1467 1111 1467 1117 1467 1122 1468 1121 1468 1112 1468 1127 1469 1105 1469 2968 1469 1127 1470 2968 1470 2898 1470 1128 1471 1117 1471 1108 1471 1128 1472 1108 1472 1118 1472 1129 1473 1106 1473 1119 1473 1129 1474 1122 1474 1106 1474 1130 1475 1100 1475 1120 1475 1131 1476 1118 1476 1113 1476 1123 1477 1119 1477 1114 1477 1124 1478 1120 1478 1109 1478 1132 1479 1113 1479 1115 1479 1125 1480 1114 1480 1111 1480 1126 1481 1110 1481 1116 1481 1127 1482 1115 1482 1105 1482 1133 1483 1122 1483 1129 1483 1130 1484 1116 1484 1100 1484 1130 1485 1126 1485 1116 1485 1134 1486 1119 1486 1123 1486 1134 1487 1129 1487 1119 1487 1135 1488 1113 1488 1132 1488 1136 1489 1123 1489 1114 1489 1136 1490 1114 1490 1125 1490 1137 1491 1138 1491 2633 1491 1137 1492 1110 1492 1126 1492 1137 1493 2633 1493 1110 1493 1132 1494 1115 1494 1127 1494 1139 1495 1117 1495 1128 1495 1139 1496 1125 1496 1117 1496 1140 1497 1128 1497 1118 1497 1140 1498 1118 1498 1131 1498 1141 1499 1129 1499 1134 1499 1142 1500 1130 1500 1120 1500 1135 1501 1131 1501 1113 1501 1143 1502 1124 1502 1121 1502 1144 1503 1135 1503 1132 1503 1145 1504 1122 1504 1133 1504 1145 1505 1121 1505 1122 1505 1140 1506 1139 1506 1128 1506 1141 1507 1133 1507 1129 1507 1146 1508 1131 1508 1135 1508 1146 1509 1140 1509 1131 1509 1134 1510 1123 1510 1136 1510 1147 1511 1124 1511 1143 1511 1147 1512 1120 1512 1124 1512 1148 1513 1136 1513 1125 1513 1148 1514 1125 1514 1139 1514 1143 1515 1121 1515 1145 1515 1149 1516 1132 1516 1127 1516 1150 1517 1139 1517 1140 1517 1151 1518 1133 1518 1141 1518 1151 1519 1145 1519 1133 1519 1152 1520 1130 1520 1142 1520 1152 1521 1126 1521 1130 1521 1153 1522 2898 1522 1154 1522 1153 1523 1127 1523 2898 1523 1155 1524 1140 1524 1146 1524 1156 1525 1141 1525 1134 1525 1147 1526 1142 1526 1120 1526 1146 1527 1135 1527 1144 1527 1157 1528 1136 1528 1148 1528 1157 1529 1134 1529 1136 1529 1149 1530 1144 1530 1132 1530 1150 1531 1148 1531 1139 1531 1158 1532 1145 1532 1151 1532 1159 1533 1126 1533 1152 1533 1160 1534 1152 1534 1142 1534 1160 1535 1142 1535 1147 1535 1161 1536 1147 1536 1143 1536 1162 1537 1148 1537 1150 1537 1158 1538 1143 1538 1145 1538 1159 1539 1138 1539 1137 1539 1159 1540 2632 1540 1138 1540 1159 1541 1137 1541 1126 1541 1149 1542 1127 1542 1153 1542 1155 1543 1150 1543 1140 1543 1151 1544 1141 1544 1156 1544 1163 1545 1153 1545 1154 1545 1163 1546 1154 1546 2969 1546 1164 1547 1155 1547 1146 1547 1156 1548 1134 1548 1157 1548 1161 1549 1160 1549 1147 1549 1165 1550 1146 1550 1144 1550 1162 1551 1157 1551 1148 1551 1166 1552 1143 1552 1158 1552 1167 1553 1150 1553 1155 1553 1168 1554 1158 1554 1151 1554 1169 1555 1151 1555 1156 1555 1170 1556 1157 1556 1162 1556 1166 1557 1161 1557 1143 1557 1171 1558 1144 1558 1149 1558 1167 1559 1162 1559 1150 1559 1172 1560 1149 1560 1153 1560 1173 1561 1167 1561 1155 1561 1173 1562 1155 1562 1164 1562 1174 1563 1152 1563 1160 1563 1175 1564 1164 1564 1146 1564 1175 1565 1146 1565 1165 1565 1176 1566 1156 1566 1157 1566 1176 1567 1157 1567 1170 1567 1177 1568 1160 1568 1161 1568 1177 1569 1161 1569 1166 1569 1171 1570 1165 1570 1144 1570 1178 1571 1162 1571 1167 1571 1179 1572 1166 1572 1158 1572 1179 1573 1158 1573 1168 1573 1180 1574 1149 1574 1172 1574 1181 1575 1151 1575 1169 1575 1181 1576 1168 1576 1151 1576 1182 1577 1152 1577 1174 1577 1182 1578 1159 1578 1152 1578 1188 1579 1153 1579 1163 1579 1175 1580 1173 1580 1164 1580 1176 1581 1169 1581 1156 1581 1183 1582 1165 1582 1171 1582 1183 1583 1175 1583 1165 1583 1184 1584 1162 1584 1178 1584 1184 1585 1170 1585 1162 1585 1180 1586 1171 1586 1149 1586 1178 1587 1167 1587 1173 1587 1182 1588 2632 1588 1159 1588 1182 1589 1185 1589 2632 1589 1172 1590 1153 1590 1188 1590 1186 1591 1173 1591 1175 1591 1187 1592 1169 1592 1176 1592 1174 1593 1160 1593 1177 1593 1188 1594 1163 1594 2969 1594 1188 1595 2969 1595 2901 1595 1184 1596 1176 1596 1170 1596 1177 1597 1166 1597 1179 1597 1189 1598 1171 1598 1180 1598 1191 1599 1179 1599 1168 1599 1191 1600 1168 1600 1181 1600 1192 1601 1180 1601 1172 1601 1186 1602 1178 1602 1173 1602 1193 1603 1181 1603 1169 1603 1193 1604 1169 1604 1187 1604 1194 1605 1175 1605 1183 1605 1187 1606 1176 1606 1184 1606 1189 1607 1183 1607 1171 1607 1190 1608 1184 1608 1178 1608 1191 1609 1177 1609 1179 1609 1196 1610 1178 1610 1186 1610 1193 1611 1191 1611 1181 1611 1197 1612 1172 1612 1188 1612 1197 1613 1192 1613 1172 1613 1194 1614 1186 1614 1175 1614 1195 1615 1174 1615 1177 1615 1199 1616 1188 1616 2901 1616 1200 1617 1184 1617 1190 1617 1201 1618 1177 1618 1191 1618 1189 1619 1180 1619 1192 1619 1196 1620 1190 1620 1178 1620 1202 1621 1191 1621 1193 1621 1203 1622 1186 1622 1194 1622 1203 1623 1196 1623 1186 1623 1198 1624 1193 1624 1187 1624 1204 1625 1182 1625 1174 1625 1204 1626 1174 1626 1195 1626 1205 1627 1194 1627 1183 1627 1200 1628 1187 1628 1184 1628 1201 1629 1195 1629 1177 1629 1206 1630 1183 1630 1189 1630 1207 1631 1190 1631 1196 1631 1208 1632 1191 1632 1202 1632 1209 1633 1196 1633 1203 1633 1202 1634 1193 1634 1198 1634 1210 1635 1185 1635 1182 1635 1210 1636 2631 1636 1185 1636 1210 1637 1182 1637 1204 1637 1197 1638 1188 1638 1199 1638 1211 1639 1198 1639 1187 1639 1211 1640 1187 1640 1200 1640 1204 1641 1195 1641 1201 1641 1199 1642 2901 1642 1212 1642 1207 1643 1200 1643 1190 1643 1208 1644 1201 1644 1191 1644 1213 1645 1189 1645 1192 1645 1215 1646 1192 1646 1197 1646 1216 1647 1194 1647 1205 1647 1216 1648 1203 1648 1194 1648 1218 1649 1183 1649 1206 1649 1218 1650 1205 1650 1183 1650 1219 1651 1200 1651 1207 1651 1213 1652 1206 1652 1189 1652 1220 1653 1196 1653 1209 1653 1220 1654 1207 1654 1196 1654 1214 1655 1208 1655 1202 1655 1215 1656 1213 1656 1192 1656 1216 1657 1209 1657 1203 1657 1221 1658 1202 1658 1198 1658 1221 1659 1198 1659 1211 1659 1210 1660 1204 1660 1217 1660 1222 1661 1197 1661 1199 1661 1223 1662 1200 1662 1219 1662 1223 1663 1211 1663 1200 1663 1224 1664 1204 1664 1201 1664 1225 1665 1199 1665 1212 1665 1225 1666 1212 1666 1226 1666 1227 1667 1206 1667 1213 1667 1220 1668 1219 1668 1207 1668 1228 1669 1208 1669 1214 1669 1228 1670 1201 1670 1208 1670 1229 1671 1213 1671 1215 1671 1230 1672 1209 1672 1216 1672 1230 1673 1220 1673 1209 1673 1221 1674 1214 1674 1202 1674 1231 1675 1197 1675 1222 1675 1231 1676 1215 1676 1197 1676 1232 1677 1216 1677 1205 1677 1232 1678 1205 1678 1218 1678 1217 1679 1204 1679 1224 1679 1227 1680 1218 1680 1206 1680 1233 1681 1219 1681 1220 1681 1228 1682 1224 1682 1201 1682 1234 1683 1220 1683 1230 1683 1231 1684 1229 1684 1215 1684 1235 1685 1211 1685 1223 1685 1235 1686 1221 1686 1211 1686 1236 1687 2630 1687 2631 1687 1236 1688 1210 1688 1217 1688 1236 1689 2631 1689 1210 1689 1222 1690 1199 1690 1225 1690 1237 1691 1218 1691 1227 1691 1233 1692 1223 1692 1219 1692 1238 1693 1225 1693 1226 1693 1239 1694 1227 1694 1213 1694 1239 1695 1213 1695 1229 1695 1240 1696 1228 1696 1214 1696 1241 1697 1229 1697 1231 1697 1242 1698 1216 1698 1232 1698 1242 1699 1230 1699 1216 1699 1243 1700 1231 1700 1222 1700 1244 1701 1232 1701 1218 1701 1244 1702 1218 1702 1237 1702 1245 1703 1223 1703 1233 1703 1236 1704 1217 1704 1224 1704 1239 1705 1237 1705 1227 1705 1246 1706 1233 1706 1220 1706 1246 1707 1220 1707 1234 1707 1242 1708 1234 1708 1230 1708 1247 1709 1221 1709 1235 1709 1247 1710 1214 1710 1221 1710 1244 1711 1242 1711 1232 1711 1245 1712 1235 1712 1223 1712 1236 1713 1248 1713 2630 1713 1249 1714 1243 1714 1222 1714 1249 1715 1222 1715 1225 1715 1249 1716 1225 1716 1238 1716 1250 1717 1237 1717 1239 1717 1251 1718 1228 1718 1240 1718 1251 1719 1224 1719 1228 1719 1252 1720 1239 1720 1229 1720 1252 1721 1229 1721 1241 1721 1253 1722 1234 1722 1242 1722 1247 1723 1240 1723 1214 1723 1254 1724 1231 1724 1243 1724 1254 1725 1241 1725 1231 1725 1255 1726 1242 1726 1244 1726 1256 1727 1247 1727 1235 1727 1256 1728 1235 1728 1245 1728 1257 1729 1243 1729 1249 1729 1250 1730 1244 1730 1237 1730 1245 1731 1233 1731 1246 1731 1258 1732 1236 1732 1224 1732 1258 1733 1224 1733 1251 1733 1259 1734 1246 1734 1234 1734 1259 1735 1234 1735 1253 1735 1251 1736 1240 1736 1247 1736 1254 1737 1252 1737 1241 1737 1255 1738 1253 1738 1242 1738 1260 1739 1255 1739 1244 1739 1260 1740 1244 1740 1250 1740 1258 1741 1248 1741 1236 1741 1262 1742 1239 1742 1252 1742 1262 1743 1250 1743 1239 1743 1264 1744 1226 1744 2903 1744 1264 1745 1238 1745 1226 1745 1265 1746 1252 1746 1254 1746 1266 1747 1247 1747 1256 1747 1266 1748 1251 1748 1247 1748 1267 1749 1254 1749 1243 1749 1267 1750 1243 1750 1257 1750 1268 1751 1255 1751 1260 1751 1261 1752 1256 1752 1245 1752 1269 1753 1246 1753 1259 1753 1269 1754 1245 1754 1246 1754 1258 1755 1251 1755 1263 1755 1270 1756 1259 1756 1253 1756 1267 1757 1265 1757 1254 1757 1268 1758 1253 1758 1255 1758 1260 1759 1250 1759 1262 1759 1269 1760 1261 1760 1245 1760 1258 1761 2629 1761 1248 1761 1271 1762 1257 1762 1249 1762 1271 1763 1238 1763 1264 1763 1271 1764 1249 1764 1238 1764 1272 1765 1262 1765 1252 1765 1272 1766 1252 1766 1265 1766 1263 1767 1251 1767 1266 1767 1273 1768 1265 1768 1267 1768 1274 1769 1253 1769 1268 1769 1275 1770 1266 1770 1256 1770 1276 1771 1267 1771 1257 1771 1277 1772 1268 1772 1260 1772 1278 1773 1261 1773 1269 1773 1278 1774 1256 1774 1261 1774 1279 1775 1257 1775 1271 1775 1280 1776 1259 1776 1270 1776 1280 1777 1269 1777 1259 1777 1281 1778 1258 1778 1263 1778 1274 1779 1270 1779 1253 1779 1282 1780 1273 1780 1267 1780 1282 1781 1267 1781 1276 1781 1277 1782 1274 1782 1268 1782 1279 1783 1276 1783 1257 1783 1283 1784 1260 1784 1262 1784 1283 1785 1262 1785 1272 1785 1284 1786 1285 1786 2629 1786 1284 1787 1258 1787 1281 1787 1284 1788 2629 1788 1258 1788 1286 1789 1271 1789 1264 1789 1287 1790 1272 1790 1265 1790 1287 1791 1265 1791 1273 1791 1288 1792 1280 1792 1270 1792 1288 1793 1270 1793 1274 1793 1281 1794 1266 1794 1275 1794 1281 1795 1263 1795 1266 1795 1289 1796 1264 1796 2903 1796 1289 1797 2903 1797 2904 1797 1290 1798 1274 1798 1277 1798 1275 1799 1256 1799 1278 1799 1283 1800 1277 1800 1260 1800 1278 1801 1269 1801 1280 1801 1291 1802 1272 1802 1287 1802 1292 1803 1280 1803 1288 1803 1287 1804 1273 1804 1282 1804 1288 1805 1274 1805 1290 1805 1290 1806 1277 1806 1283 1806 1296 1807 1279 1807 1271 1807 1291 1808 1283 1808 1272 1808 1292 1809 1278 1809 1280 1809 1284 1810 1281 1810 1293 1810 1286 1811 1264 1811 1289 1811 1294 1812 1281 1812 1275 1812 1298 1813 1282 1813 1276 1813 1295 1814 1275 1814 1278 1814 1296 1815 1276 1815 1279 1815 1300 1816 1283 1816 1291 1816 1301 1817 1278 1817 1292 1817 1302 1818 1271 1818 1286 1818 1302 1819 1296 1819 1271 1819 1297 1820 1291 1820 1287 1820 1303 1821 1292 1821 1288 1821 1293 1822 1281 1822 1294 1822 1298 1823 1287 1823 1282 1823 1299 1824 1288 1824 1290 1824 1294 1825 1275 1825 1295 1825 1305 1826 1276 1826 1296 1826 1305 1827 1298 1827 1276 1827 1300 1828 1290 1828 1283 1828 1301 1829 1295 1829 1278 1829 1306 1830 1291 1830 1297 1830 1307 1831 1292 1831 1303 1831 1293 1832 2628 1832 1285 1832 1293 1833 1285 1833 1284 1833 1304 1834 1302 1834 1286 1834 1304 1835 1286 1835 1289 1835 1297 1836 1287 1836 1298 1836 1303 1837 1288 1837 1299 1837 1308 1838 2904 1838 1309 1838 1308 1839 1289 1839 2904 1839 1310 1840 1298 1840 1305 1840 1311 1841 1299 1841 1290 1841 1311 1842 1290 1842 1300 1842 1312 1843 1295 1843 1301 1843 1312 1844 1294 1844 1295 1844 1305 1845 1296 1845 1302 1845 1306 1846 1300 1846 1291 1846 1307 1847 1301 1847 1292 1847 1315 1848 1293 1848 1294 1848 1304 1849 1289 1849 1308 1849 1316 1850 1299 1850 1311 1850 1311 1851 1300 1851 1306 1851 1318 1852 1301 1852 1307 1852 1313 1853 1306 1853 1297 1853 1314 1854 1307 1854 1303 1854 1315 1855 1319 1855 2628 1855 1315 1856 2628 1856 1293 1856 1321 1857 1298 1857 1310 1857 1321 1858 1297 1858 1298 1858 1316 1859 1303 1859 1299 1859 1322 1860 1315 1860 1294 1860 1322 1861 1294 1861 1312 1861 1317 1862 1310 1862 1305 1862 1318 1863 1312 1863 1301 1863 1324 1864 1305 1864 1302 1864 1325 1865 1306 1865 1313 1865 1325 1866 1311 1866 1306 1866 1326 1867 1307 1867 1314 1867 1320 1868 1302 1868 1304 1868 1321 1869 1313 1869 1297 1869 1327 1870 1303 1870 1316 1870 1327 1871 1314 1871 1303 1871 1328 1872 1304 1872 1308 1872 1323 1873 1316 1873 1311 1873 1329 1874 1312 1874 1318 1874 1324 1875 1317 1875 1305 1875 1330 1876 1311 1876 1325 1876 1330 1877 1323 1877 1311 1877 1326 1878 1318 1878 1307 1878 1331 1879 1324 1879 1302 1879 1331 1880 1302 1880 1320 1880 1332 1881 1313 1881 1321 1881 1333 1882 1314 1882 1327 1882 1334 1883 1304 1883 1328 1883 1334 1884 1320 1884 1304 1884 1335 1885 1321 1885 1310 1885 1327 1886 1316 1886 1323 1886 1322 1887 1312 1887 1329 1887 1328 1888 1308 1888 1309 1888 1328 1889 1309 1889 1336 1889 1337 1890 1317 1890 1324 1890 1329 1891 1318 1891 1326 1891 1338 1892 1324 1892 1331 1892 1339 1893 1325 1893 1313 1893 1339 1894 1313 1894 1332 1894 1333 1895 1326 1895 1314 1895 1331 1896 1320 1896 1334 1896 1337 1897 1335 1897 1310 1897 1337 1898 1310 1898 1317 1898 1341 1899 1323 1899 1330 1899 1339 1900 1330 1900 1325 1900 1343 1901 1326 1901 1333 1901 1344 1902 1332 1902 1321 1902 1344 1903 1321 1903 1335 1903 1340 1904 1333 1904 1327 1904 1345 1905 2627 1905 1319 1905 1345 1906 1315 1906 1322 1906 1345 1907 1319 1907 1315 1907 1346 1908 1335 1908 1337 1908 1347 1909 1323 1909 1341 1909 1347 1910 1327 1910 1323 1910 1342 1911 1322 1911 1329 1911 1348 1912 1328 1912 1336 1912 1349 1913 1324 1913 1338 1913 1349 1914 1337 1914 1324 1914 1341 1915 1330 1915 1339 1915 1350 1916 1326 1916 1343 1916 1350 1917 1329 1917 1326 1917 1351 1918 1338 1918 1331 1918 1344 1919 1339 1919 1332 1919 1343 1920 1333 1920 1340 1920 1352 1921 1331 1921 1334 1921 1346 1922 1344 1922 1335 1922 1347 1923 1340 1923 1327 1923 1353 1924 1322 1924 1342 1924 1350 1925 1342 1925 1329 1925 1355 1926 1341 1926 1339 1926 1355 1927 1339 1927 1344 1927 1357 1928 1344 1928 1346 1928 1345 1929 1358 1929 2627 1929 1345 1930 1322 1930 1353 1930 1359 1931 1334 1931 1328 1931 1359 1932 1328 1932 1348 1932 1359 1933 1352 1933 1334 1933 1360 1934 1346 1934 1337 1934 1360 1935 1337 1935 1349 1935 1354 1936 1347 1936 1341 1936 1367 1937 1342 1937 1350 1937 1348 1938 1336 1938 2905 1938 1361 1939 1338 1939 1351 1939 1361 1940 1349 1940 1338 1940 1356 1941 1350 1941 1343 1941 1362 1942 1331 1942 1352 1942 1362 1943 1351 1943 1331 1943 1363 1944 1344 1944 1357 1944 1363 1945 1355 1945 1344 1945 1364 1946 1343 1946 1340 1946 1360 1947 1357 1947 1346 1947 1365 1948 1347 1948 1354 1948 1353 1949 1342 1949 1367 1949 1366 1950 1341 1950 1355 1950 1366 1951 1354 1951 1341 1951 1367 1952 1350 1952 1356 1952 1362 1953 1361 1953 1351 1953 1364 1954 1356 1954 1343 1954 1368 1955 1357 1955 1360 1955 1365 1956 1340 1956 1347 1956 1353 1957 1358 1957 1345 1957 1369 1958 1360 1958 1349 1958 1369 1959 1349 1959 1361 1959 1370 1960 1365 1960 1354 1960 1370 1961 1354 1961 1366 1961 1371 1962 1348 1962 2905 1962 1372 1963 1361 1963 1362 1963 1366 1964 1355 1964 1363 1964 1373 1965 1356 1965 1364 1965 1373 1966 1367 1966 1356 1966 1374 1967 1362 1967 1352 1967 1368 1968 1363 1968 1357 1968 1375 1969 1340 1969 1365 1969 1375 1970 1364 1970 1340 1970 1376 1971 1352 1971 1359 1971 1377 1972 1360 1972 1369 1972 1378 1973 1353 1973 1367 1973 1371 1974 1359 1974 1348 1974 1372 1975 1369 1975 1361 1975 1380 1976 1367 1976 1373 1976 1381 1977 1363 1977 1368 1977 1382 1978 1374 1978 1352 1978 1382 1979 1352 1979 1376 1979 1377 1980 1368 1980 1360 1980 1383 1981 1365 1981 1370 1981 1383 1982 1375 1982 1365 1982 1378 1983 1358 1983 1353 1983 1378 1984 2626 1984 1358 1984 1376 1985 1359 1985 1371 1985 1384 1986 1369 1986 1372 1986 1379 1987 1370 1987 1366 1987 1385 1988 1371 1988 2905 1988 1385 1989 2905 1989 2906 1989 1386 1990 1362 1990 1374 1990 1386 1991 1372 1991 1362 1991 1381 1992 1366 1992 1363 1992 1381 1993 1379 1993 1366 1993 1373 1994 1364 1994 1375 1994 1387 1995 1368 1995 1377 1995 1388 1996 1375 1996 1383 1996 1384 1997 1377 1997 1369 1997 1383 1998 1370 1998 1379 1998 1378 1999 1367 1999 1380 1999 1389 2000 1372 2000 1386 2000 1390 2001 1379 2001 1381 2001 1386 2002 1374 2002 1382 2002 1391 2003 1368 2003 1387 2003 1391 2004 1381 2004 1368 2004 1388 2005 1373 2005 1375 2005 1387 2006 1377 2006 1384 2006 1393 2007 1376 2007 1371 2007 1389 2008 1384 2008 1372 2008 1385 2009 2906 2009 1394 2009 1396 2010 1373 2010 1388 2010 1392 2011 1388 2011 1383 2011 1398 2012 1384 2012 1389 2012 1399 2013 1383 2013 1379 2013 1399 2014 1379 2014 1390 2014 1400 2015 1378 2015 1380 2015 1401 2016 1371 2016 1385 2016 1395 2017 1389 2017 1386 2017 1390 2018 1381 2018 1391 2018 1396 2019 1380 2019 1373 2019 1397 2020 1386 2020 1382 2020 1402 2021 1391 2021 1387 2021 1403 2022 1388 2022 1392 2022 1404 2023 1376 2023 1393 2023 1404 2024 1382 2024 1376 2024 1398 2025 1387 2025 1384 2025 1399 2026 1392 2026 1383 2026 1405 2027 1378 2027 1400 2027 1405 2028 2625 2028 2626 2028 1405 2029 2626 2029 1378 2029 1393 2030 1371 2030 1401 2030 1406 2031 1389 2031 1395 2031 1400 2032 1380 2032 1396 2032 1401 2033 1385 2033 1394 2033 1395 2034 1386 2034 1397 2034 1402 2035 1390 2035 1391 2035 1403 2036 1396 2036 1388 2036 1404 2037 1397 2037 1382 2037 1408 2038 1402 2038 1387 2038 1408 2039 1387 2039 1398 2039 1406 2040 1398 2040 1389 2040 1407 2041 1399 2041 1390 2041 1411 2042 1390 2042 1402 2042 1412 2043 1400 2043 1396 2043 1412 2044 1396 2044 1403 2044 1413 2045 1402 2045 1408 2045 1414 2046 1403 2046 1392 2046 1415 2047 1404 2047 1393 2047 1416 2048 1398 2048 1406 2048 1417 2049 1399 2049 1407 2049 1405 2050 1400 2050 1409 2050 1405 2051 2624 2051 2625 2051 1418 2052 1393 2052 1401 2052 1410 2053 1406 2053 1395 2053 1411 2054 1407 2054 1390 2054 1419 2055 1394 2055 2907 2055 1419 2056 1401 2056 1394 2056 1420 2057 1395 2057 1397 2057 1414 2058 1412 2058 1403 2058 1415 2059 1397 2059 1404 2059 1421 2060 1408 2060 1398 2060 1421 2061 1398 2061 1416 2061 1417 2062 1392 2062 1399 2062 1422 2063 1393 2063 1418 2063 1416 2064 1406 2064 1410 2064 1423 2065 1407 2065 1411 2065 1423 2066 1417 2066 1407 2066 1409 2067 1400 2067 1412 2067 1419 2068 1418 2068 1401 2068 1420 2069 1410 2069 1395 2069 1424 2070 1411 2070 1402 2070 1424 2071 1402 2071 1413 2071 1425 2072 1397 2072 1415 2072 1425 2073 1420 2073 1397 2073 1421 2074 1413 2074 1408 2074 1426 2075 1414 2075 1392 2075 1426 2076 1392 2076 1417 2076 1422 2077 1415 2077 1393 2077 1428 2078 1417 2078 1423 2078 1429 2079 2624 2079 1405 2079 1429 2080 1405 2080 1409 2080 1430 2081 1410 2081 1420 2081 1431 2082 1413 2082 1421 2082 1432 2083 1415 2083 1422 2083 1427 2084 1421 2084 1416 2084 1430 2085 1416 2085 1410 2085 1423 2086 1411 2086 1424 2086 1433 2087 1429 2087 1409 2087 1433 2088 1409 2088 1412 2088 1434 2089 1420 2089 1425 2089 1434 2090 1430 2090 1420 2090 1431 2091 1424 2091 1413 2091 1435 2092 1414 2092 1426 2092 1435 2093 1412 2093 1414 2093 1436 2094 1415 2094 1432 2094 1436 2095 1425 2095 1415 2095 1437 2096 1421 2096 1427 2096 1438 2097 1426 2097 1417 2097 1438 2098 1417 2098 1428 2098 1432 2099 1422 2099 1418 2099 1439 2100 1427 2100 1416 2100 1439 2101 1416 2101 1430 2101 1440 2102 1428 2102 1423 2102 1429 2103 1441 2103 2624 2103 1442 2104 1418 2104 1419 2104 1443 2105 1424 2105 1431 2105 1444 2106 1419 2106 2907 2106 1444 2107 2907 2107 2908 2107 1437 2108 1431 2108 1421 2108 1445 2109 1435 2109 1426 2109 1445 2110 1426 2110 1438 2110 1446 2111 1418 2111 1442 2111 1446 2112 1432 2112 1418 2112 1447 2113 1439 2113 1430 2113 1447 2114 1430 2114 1434 2114 1443 2115 1423 2115 1424 2115 1448 2116 1412 2116 1435 2116 1448 2117 1433 2117 1412 2117 1444 2118 1442 2118 1419 2118 1449 2119 1434 2119 1425 2119 1449 2120 1425 2120 1436 2120 1450 2121 1431 2121 1437 2121 1450 2122 1443 2122 1431 2122 1451 2123 1436 2123 1432 2123 1452 2124 1427 2124 1439 2124 1452 2125 1437 2125 1427 2125 1438 2126 1428 2126 1440 2126 1453 2127 1439 2127 1447 2127 1454 2128 1423 2128 1443 2128 1454 2129 1440 2129 1423 2129 1433 2130 1441 2130 1429 2130 1455 2131 1442 2131 1444 2131 1456 2132 1434 2132 1449 2132 1457 2133 1435 2133 1445 2133 1444 2134 2908 2134 2909 2134 1451 2135 1449 2135 1436 2135 1458 2136 1451 2136 1432 2136 1458 2137 1432 2137 1446 2137 1453 2138 1452 2138 1439 2138 1459 2139 1440 2139 1454 2139 1456 2140 1447 2140 1434 2140 1454 2141 1443 2141 1450 2141 1448 2142 1435 2142 1457 2142 1460 2143 1449 2143 1451 2143 1450 2144 1437 2144 1452 2144 1461 2145 1451 2145 1458 2145 1462 2146 1452 2146 1453 2146 1459 2147 1438 2147 1440 2147 1458 2148 1446 2148 1442 2148 1463 2149 1453 2149 1447 2149 1463 2150 1447 2150 1456 2150 1465 2151 2623 2151 1441 2151 1465 2152 1433 2152 1448 2152 1465 2153 1441 2153 1433 2153 1460 2154 1456 2154 1449 2154 1467 2155 1444 2155 2909 2155 1462 2156 1450 2156 1452 2156 1468 2157 1438 2157 1459 2157 1468 2158 1445 2158 1438 2158 1464 2159 1459 2159 1454 2159 1469 2160 1442 2160 1455 2160 1470 2161 1456 2161 1460 2161 1466 2162 1454 2162 1450 2162 1471 2163 1448 2163 1457 2163 1471 2164 1465 2164 1448 2164 1467 2165 1455 2165 1444 2165 1472 2166 1451 2166 1461 2166 1472 2167 1460 2167 1451 2167 1473 2168 1445 2168 1468 2168 1474 2169 1462 2169 1453 2169 1474 2170 1453 2170 1463 2170 1468 2171 1459 2171 1464 2171 1469 2172 1458 2172 1442 2172 1470 2173 1463 2173 1456 2173 1475 2174 1464 2174 1454 2174 1475 2175 1454 2175 1466 2175 1465 2176 1476 2176 2623 2176 1477 2177 1455 2177 1467 2177 1477 2178 1469 2178 1455 2178 1478 2179 1466 2179 1450 2179 1478 2180 1450 2180 1462 2180 1473 2181 1457 2181 1445 2181 1467 2182 2909 2182 1479 2182 1482 2183 1458 2183 1469 2183 1483 2184 1474 2184 1463 2184 1483 2185 1463 2185 1470 2185 1484 2186 1470 2186 1460 2186 1484 2187 1460 2187 1472 2187 1485 2188 1466 2188 1478 2188 1485 2189 1475 2189 1466 2189 1486 2190 1457 2190 1473 2190 1486 2191 1471 2191 1457 2191 1480 2192 1472 2192 1461 2192 1478 2193 1462 2193 1474 2193 1481 2194 1473 2194 1468 2194 1487 2195 1458 2195 1482 2195 1487 2196 1461 2196 1458 2196 1488 2197 1464 2197 1475 2197 1488 2198 1468 2198 1464 2198 1482 2199 1469 2199 1477 2199 1471 2200 1476 2200 1465 2200 1471 2201 2622 2201 1476 2201 1489 2202 1484 2202 1472 2202 1489 2203 1472 2203 1480 2203 1490 2204 1473 2204 1481 2204 1490 2205 1486 2205 1473 2205 1491 2206 1467 2206 1479 2206 1487 2207 1480 2207 1461 2207 1492 2208 1474 2208 1483 2208 1488 2209 1481 2209 1468 2209 1494 2210 1483 2210 1470 2210 1494 2211 1470 2211 1484 2211 1495 2212 1488 2212 1475 2212 1495 2213 1475 2213 1485 2213 1496 2214 1485 2214 1478 2214 1491 2215 1477 2215 1467 2215 1497 2216 1480 2216 1487 2216 1492 2217 1478 2217 1474 2217 1498 2218 1481 2218 1488 2218 1493 2219 1487 2219 1482 2219 1499 2220 1483 2220 1494 2220 1500 2221 1482 2221 1477 2221 1494 2222 1484 2222 1489 2222 1496 2223 1495 2223 1485 2223 1508 2224 1471 2224 1486 2224 1508 2225 2622 2225 1471 2225 1501 2226 1477 2226 1491 2226 1497 2227 1489 2227 1480 2227 1502 2228 1478 2228 1492 2228 1490 2229 1481 2229 1498 2229 1503 2230 1491 2230 1479 2230 1503 2231 1479 2231 2910 2231 1504 2232 1497 2232 1487 2232 1504 2233 1487 2233 1493 2233 1499 2234 1492 2234 1483 2234 1498 2235 1488 2235 1495 2235 1500 2236 1493 2236 1482 2236 1506 2237 1495 2237 1496 2237 1507 2238 1489 2238 1497 2238 1502 2239 1496 2239 1478 2239 1508 2240 1486 2240 1490 2240 1509 2241 1497 2241 1504 2241 1510 2242 1492 2242 1499 2242 1504 2243 1493 2243 1500 2243 1505 2244 1499 2244 1494 2244 1500 2245 1477 2245 1501 2245 1507 2246 1494 2246 1489 2246 1511 2247 1496 2247 1502 2247 1508 2248 2621 2248 2622 2248 1501 2249 1491 2249 1503 2249 1509 2250 1507 2250 1497 2250 1512 2251 1502 2251 1492 2251 1512 2252 1492 2252 1510 2252 1513 2253 1508 2253 1490 2253 1513 2254 1490 2254 1498 2254 1510 2255 1499 2255 1505 2255 1514 2256 1498 2256 1495 2256 1514 2257 1495 2257 1506 2257 1516 2258 1505 2258 1494 2258 1516 2259 1494 2259 1507 2259 1511 2260 1506 2260 1496 2260 1517 2261 1507 2261 1509 2261 1518 2262 1509 2262 1504 2262 1514 2263 1513 2263 1498 2263 1515 2264 1504 2264 1500 2264 1519 2265 1506 2265 1511 2265 1519 2266 1514 2266 1506 2266 1520 2267 1500 2267 1501 2267 1521 2268 1511 2268 1502 2268 1521 2269 1502 2269 1512 2269 1522 2270 1501 2270 1503 2270 1523 2271 1512 2271 1510 2271 1524 2272 1513 2272 1514 2272 1525 2273 2910 2273 1526 2273 1525 2274 1503 2274 2910 2274 1527 2275 1518 2275 1504 2275 1527 2276 1504 2276 1515 2276 1528 2277 1510 2277 1505 2277 1528 2278 1505 2278 1516 2278 1529 2279 1514 2279 1519 2279 1520 2280 1515 2280 1500 2280 1516 2281 1507 2281 1517 2281 1522 2282 1520 2282 1501 2282 1530 2283 1509 2283 1518 2283 1530 2284 1517 2284 1509 2284 1523 2285 1521 2285 1512 2285 1525 2286 1522 2286 1503 2286 1531 2287 1518 2287 1527 2287 1527 2288 1515 2288 1520 2288 1532 2289 1528 2289 1516 2289 1519 2290 1511 2290 1521 2290 1533 2291 1520 2291 1522 2291 1534 2292 1521 2292 1523 2292 1535 2293 2621 2293 1508 2293 1535 2294 2620 2294 2621 2294 1535 2295 1508 2295 1513 2295 1531 2296 1530 2296 1518 2296 1536 2297 1510 2297 1528 2297 1536 2298 1523 2298 1510 2298 1524 2299 1514 2299 1529 2299 1533 2300 1527 2300 1520 2300 1537 2301 1517 2301 1530 2301 1537 2302 1516 2302 1517 2302 1538 2303 1530 2303 1531 2303 1539 2304 1535 2304 1513 2304 1539 2305 1513 2305 1524 2305 1540 2306 1531 2306 1527 2306 1541 2307 1528 2307 1532 2307 1542 2308 1529 2308 1519 2308 1543 2309 1527 2309 1533 2309 1537 2310 1532 2310 1516 2310 1544 2311 1521 2311 1534 2311 1544 2312 1519 2312 1521 2312 1545 2313 1533 2313 1522 2313 1534 2314 1523 2314 1536 2314 1535 2315 1546 2315 2620 2315 1547 2316 1522 2316 1525 2316 1540 2317 1538 2317 1531 2317 1541 2318 1536 2318 1528 2318 1542 2319 1524 2319 1529 2319 1548 2320 1525 2320 1526 2320 1548 2321 1526 2321 1549 2321 1543 2322 1540 2322 1527 2322 1550 2323 1541 2323 1532 2323 1550 2324 1532 2324 1537 2324 1544 2325 1542 2325 1519 2325 1545 2326 1543 2326 1533 2326 1537 2327 1530 2327 1538 2327 1547 2328 1545 2328 1522 2328 1552 2329 1538 2329 1540 2329 1553 2330 1536 2330 1541 2330 1539 2331 1524 2331 1542 2331 1554 2332 1540 2332 1543 2332 1555 2333 1541 2333 1550 2333 1556 2334 1543 2334 1545 2334 1551 2335 1544 2335 1534 2335 1558 2336 1545 2336 1547 2336 1553 2337 1534 2337 1536 2337 1559 2338 2619 2338 1546 2338 1559 2339 1535 2339 1539 2339 1559 2340 1546 2340 1535 2340 1547 2341 1525 2341 1548 2341 1554 2342 1552 2342 1540 2342 1548 2343 1549 2343 1560 2343 1557 2344 1550 2344 1537 2344 1561 2345 1544 2345 1551 2345 1558 2346 1556 2346 1545 2346 1562 2347 1538 2347 1552 2347 1562 2348 1537 2348 1538 2348 1563 2349 1534 2349 1553 2349 1563 2350 1551 2350 1534 2350 1564 2351 1552 2351 1554 2351 1565 2352 1541 2352 1555 2352 1565 2353 1553 2353 1541 2353 1566 2354 1539 2354 1542 2354 1567 2355 1554 2355 1543 2355 1567 2356 1543 2356 1556 2356 1568 2357 1550 2357 1557 2357 1568 2358 1555 2358 1550 2358 1561 2359 1542 2359 1544 2359 1569 2360 1556 2360 1558 2360 1562 2361 1557 2361 1537 2361 1563 2362 1561 2362 1551 2362 1570 2363 1558 2363 1547 2363 1565 2364 1563 2364 1553 2364 1559 2365 1539 2365 1566 2365 1559 2366 1571 2366 2619 2366 1572 2367 1547 2367 1548 2367 1567 2368 1564 2368 1554 2368 1573 2369 1542 2369 1561 2369 1574 2370 1548 2370 1560 2370 1575 2371 1557 2371 1562 2371 1575 2372 1568 2372 1557 2372 1576 2373 1561 2373 1563 2373 1577 2374 1562 2374 1552 2374 1577 2375 1552 2375 1564 2375 1578 2376 1563 2376 1565 2376 1572 2377 1570 2377 1547 2377 1579 2378 1564 2378 1567 2378 1580 2379 1555 2379 1568 2379 1580 2380 1565 2380 1555 2380 1566 2381 1542 2381 1573 2381 1574 2382 1572 2382 1548 2382 1581 2383 1567 2383 1556 2383 1581 2384 1556 2384 1569 2384 1582 2385 1568 2385 1575 2385 1583 2386 1558 2386 1570 2386 1583 2387 1569 2387 1558 2387 1584 2388 1575 2388 1562 2388 1584 2389 1562 2389 1577 2389 1585 2390 1570 2390 1572 2390 1588 2391 1571 2391 1559 2391 1588 2392 1559 2392 1566 2392 1586 2393 1572 2393 1574 2393 1582 2394 1580 2394 1568 2394 1573 2395 1561 2395 1576 2395 1574 2396 1560 2396 2911 2396 1583 2397 1581 2397 1569 2397 1576 2398 1563 2398 1578 2398 1585 2399 1583 2399 1570 2399 1577 2400 1564 2400 1579 2400 1578 2401 1565 2401 1580 2401 1579 2402 1567 2402 1581 2402 1587 2403 1580 2403 1582 2403 1588 2404 1566 2404 1573 2404 1589 2405 1581 2405 1583 2405 1590 2406 1575 2406 1584 2406 1590 2407 1582 2407 1575 2407 1591 2408 1583 2408 1585 2408 1592 2409 1584 2409 1577 2409 1594 2410 1572 2410 1586 2410 1594 2411 1585 2411 1572 2411 1587 2412 1578 2412 1580 2412 1589 2413 1579 2413 1581 2413 1602 2414 1573 2414 1576 2414 1596 2415 1574 2415 2911 2415 1592 2416 1590 2416 1584 2416 1593 2417 1576 2417 1578 2417 1595 2418 1577 2418 1579 2418 1597 2419 1578 2419 1587 2419 1598 2420 1579 2420 1589 2420 1599 2421 1587 2421 1582 2421 1599 2422 1582 2422 1590 2422 1600 2423 1573 2423 1602 2423 1600 2424 1588 2424 1573 2424 1596 2425 1586 2425 1574 2425 1589 2426 1583 2426 1591 2426 1601 2427 1590 2427 1592 2427 1602 2428 1576 2428 1593 2428 1603 2429 1585 2429 1594 2429 1603 2430 1591 2430 1585 2430 1604 2431 1577 2431 1595 2431 1604 2432 1592 2432 1577 2432 1597 2433 1593 2433 1578 2433 1605 2434 1594 2434 1586 2434 1598 2435 1595 2435 1579 2435 1600 2436 1606 2436 1571 2436 1600 2437 1571 2437 1588 2437 1607 2438 1586 2438 1596 2438 1601 2439 1599 2439 1590 2439 1596 2440 2911 2440 2750 2440 1596 2441 2750 2441 916 2441 1609 2442 1593 2442 1597 2442 1609 2443 1602 2443 1593 2443 1610 2444 1604 2444 1595 2444 1610 2445 1595 2445 1598 2445 1597 2446 1587 2446 1599 2446 1607 2447 1605 2447 1586 2447 1608 2448 1598 2448 1589 2448 1611 2449 1599 2449 1601 2449 1596 2450 916 2450 1612 2450 1613 2451 1591 2451 1603 2451 1613 2452 1589 2452 1591 2452 1614 2453 1601 2453 1592 2453 1614 2454 1592 2454 1604 2454 1615 2455 1594 2455 1605 2455 1615 2456 1603 2456 1594 2456 1616 2457 1604 2457 1610 2457 1618 2458 1605 2458 1607 2458 1619 2459 1598 2459 1608 2459 1611 2460 1597 2460 1599 2460 1600 2461 1620 2461 1606 2461 1607 2462 1596 2462 1612 2462 1613 2463 1608 2463 1589 2463 1614 2464 1611 2464 1601 2464 1627 2465 1602 2465 1609 2465 1627 2466 1600 2466 1602 2466 1615 2467 1613 2467 1603 2467 1616 2468 1614 2468 1604 2468 1617 2469 1609 2469 1597 2469 1618 2470 1615 2470 1605 2470 1619 2471 1610 2471 1598 2471 1621 2472 1597 2472 1611 2472 1622 2473 1608 2473 1613 2473 1623 2474 1611 2474 1614 2474 1624 2475 1600 2475 1627 2475 1625 2476 1613 2476 1615 2476 1626 2477 1614 2477 1616 2477 1627 2478 1609 2478 1617 2478 1628 2479 1615 2479 1618 2479 1629 2480 1610 2480 1619 2480 1629 2481 1616 2481 1610 2481 1621 2482 1617 2482 1597 2482 1630 2483 1607 2483 1612 2483 1630 2484 1618 2484 1607 2484 1631 2485 1608 2485 1622 2485 1631 2486 1619 2486 1608 2486 1632 2487 1600 2487 1624 2487 1632 2488 1620 2488 1600 2488 1625 2489 1622 2489 1613 2489 1626 2490 1623 2490 1614 2490 1633 2491 1627 2491 1617 2491 1633 2492 1617 2492 1621 2492 1634 2493 1618 2493 1630 2493 1634 2494 1628 2494 1618 2494 1634 2495 1630 2495 1635 2495 1636 2496 1621 2496 1611 2496 1636 2497 1611 2497 1623 2497 1637 2498 1622 2498 1625 2498 1638 2499 1623 2499 1626 2499 1639 2500 1615 2500 1628 2500 1639 2501 1625 2501 1615 2501 1640 2502 1626 2502 1616 2502 1640 2503 1616 2503 1629 2503 1641 2504 1627 2504 1633 2504 1642 2505 1629 2505 1619 2505 1642 2506 1619 2506 1631 2506 1637 2507 1631 2507 1622 2507 1638 2508 1636 2508 1623 2508 1643 2509 1625 2509 1639 2509 1641 2510 1624 2510 1627 2510 1639 2511 1628 2511 1634 2511 1639 2512 1634 2512 1635 2512 1639 2513 1635 2513 1644 2513 1642 2514 1640 2514 1629 2514 1633 2515 1621 2515 1636 2515 1645 2516 1642 2516 1631 2516 1645 2517 1631 2517 1637 2517 1646 2518 1636 2518 1638 2518 1643 2519 1637 2519 1625 2519 1647 2520 1626 2520 1640 2520 1647 2521 1638 2521 1626 2521 1648 2522 1632 2522 1624 2522 1648 2523 1624 2523 1641 2523 1649 2524 1639 2524 1644 2524 1650 2525 1640 2525 1642 2525 1651 2526 1642 2526 1645 2526 1646 2527 1633 2527 1636 2527 1652 2528 1637 2528 1643 2528 1632 2529 1653 2529 1620 2529 1649 2530 1644 2530 1654 2530 1649 2531 1643 2531 1639 2531 1655 2532 1633 2532 1646 2532 1656 2533 1637 2533 1652 2533 1656 2534 1645 2534 1637 2534 1657 2535 1638 2535 1647 2535 1657 2536 1646 2536 1638 2536 1652 2537 1649 2537 1654 2537 1652 2538 1643 2538 1649 2538 1647 2539 1640 2539 1650 2539 1658 2540 1650 2540 1642 2540 1658 2541 1642 2541 1651 2541 1655 2542 1641 2542 1633 2542 1656 2543 1651 2543 1645 2543 1659 2544 1657 2544 1647 2544 1660 2545 1653 2545 1632 2545 1660 2546 1632 2546 1648 2546 1661 2547 1641 2547 1655 2547 1661 2548 1648 2548 1641 2548 1655 2549 1646 2549 1657 2549 1662 2550 1654 2550 1663 2550 1662 2551 1652 2551 1654 2551 1662 2552 1656 2552 1652 2552 1664 2553 1647 2553 1650 2553 1664 2554 1650 2554 1658 2554 1661 2555 1660 2555 1648 2555 1665 2556 1658 2556 1651 2556 1662 2557 1663 2557 1666 2557 1662 2558 1651 2558 1656 2558 1667 2559 1657 2559 1659 2559 1664 2560 1659 2560 1647 2560 1660 2561 2617 2561 1653 2561 1668 2562 1665 2562 1651 2562 1668 2563 1651 2563 1662 2563 1668 2564 1662 2564 1666 2564 1667 2565 1655 2565 1657 2565 1669 2566 1659 2566 1664 2566 1670 2567 1664 2567 1658 2567 1670 2568 1658 2568 1665 2568 1671 2569 1661 2569 1655 2569 1671 2570 1655 2570 1667 2570 1672 2571 1659 2571 1669 2571 1672 2572 1667 2572 1659 2572 1670 2573 1669 2573 1664 2573 1673 2574 1660 2574 1661 2574 1673 2575 2617 2575 1660 2575 1673 2576 1674 2576 2617 2576 1675 2577 1666 2577 1676 2577 1675 2578 1665 2578 1668 2578 1675 2579 1670 2579 1665 2579 1675 2580 1668 2580 1666 2580 1677 2581 1661 2581 1671 2581 1677 2582 1673 2582 1661 2582 1671 2583 1667 2583 1672 2583 1678 2584 1676 2584 1679 2584 1678 2585 1675 2585 1676 2585 1678 2586 1669 2586 1670 2586 1678 2587 1670 2587 1675 2587 1680 2588 1672 2588 1669 2588 1681 2589 1672 2589 1680 2589 1681 2590 1671 2590 1672 2590 1680 2591 1669 2591 1678 2591 1680 2592 1679 2592 1682 2592 1680 2593 1678 2593 1679 2593 1677 2594 1683 2594 1674 2594 1677 2595 1674 2595 1673 2595 1684 2596 1680 2596 1682 2596 1685 2597 1671 2597 1681 2597 1685 2598 1677 2598 1671 2598 1684 2599 1681 2599 1680 2599 1684 2600 1682 2600 1686 2600 1685 2601 1683 2601 1677 2601 1685 2602 2616 2602 1683 2602 1681 2603 1684 2603 1686 2603 1685 2604 1681 2604 1686 2604 1685 2605 1686 2605 1687 2605 1685 2606 1687 2606 269 2606 1685 2607 269 2607 2616 2607 1725 2671 1719 2671 1724 2671 1725 2672 1724 2672 1726 2672 1727 2673 1725 2673 1726 2673 1727 2674 1726 2674 1728 2674 1730 2675 1727 2675 1728 2675 1729 2676 1727 2676 1730 2676 1730 2677 1728 2677 1731 2677 1732 2678 1734 2678 1729 2678 1732 2679 1729 2679 1730 2679 1733 2680 1730 2680 1731 2680 1732 2681 1730 2681 1733 2681 1735 2682 1732 2682 1733 2682 1735 2683 1734 2683 1732 2683 1736 2684 1735 2684 1733 2684 1736 2685 1733 2685 1731 2685 1735 2686 1737 2686 1734 2686 1737 2687 1735 2687 1736 2687 1738 2688 1736 2688 1739 2688 1738 2689 1737 2689 1736 2689 1741 2690 1738 2690 1739 2690 1741 2691 1740 2691 1737 2691 1741 2692 1737 2692 1738 2692 1741 2693 1739 2693 1742 2693 1741 2694 1743 2694 1740 2694 1743 2695 1741 2695 1742 2695 1744 2696 1743 2696 1742 2696 1745 2697 1743 2697 1744 2697 1746 2698 1744 2698 1747 2698 1745 2699 1744 2699 1746 2699 1746 2700 1748 2700 1745 2700 1749 2701 1746 2701 1747 2701 1749 2702 1747 2702 1750 2702 1748 2703 1746 2703 1749 2703 1752 2705 1749 2705 1750 2705 1751 2706 1749 2706 1752 2706 1751 2707 1748 2707 1749 2707 1754 2710 1751 2710 1752 2710 1756 2711 1754 2711 1755 2711 1754 2712 1757 2712 1751 2712 1757 2713 1754 2713 1756 2713 1758 2714 1756 2714 1755 2714 1758 2715 1755 2715 1759 2715 1757 2716 1756 2716 1758 2716 1760 2717 1757 2717 1758 2717 1761 2718 1758 2718 1759 2718 1761 2719 1760 2719 1758 2719 1764 2720 1760 2720 1761 2720 1764 2721 1763 2721 1760 2721 1764 2722 1761 2722 1762 2722 1765 2723 1762 2723 1766 2723 1765 2724 1764 2724 1762 2724 1765 2725 1763 2725 1764 2725 1767 2727 1765 2727 1766 2727 1767 2728 1763 2728 1765 2728 1771 2731 1769 2731 1770 2731 1772 2732 1769 2732 1771 2732 1771 2733 1770 2733 1773 2733 1774 2734 1772 2734 1771 2734 1774 2735 1771 2735 1773 2735 1775 2736 1774 2736 1773 2736 1775 2737 1773 2737 1776 2737 1777 2738 1774 2738 1775 2738 1780 2744 1781 2744 1777 2744 1782 2745 1780 2745 1779 2745 1781 2746 1780 2746 1782 2746 1793 2762 1795 2762 1791 2762 1800 2769 1797 2769 1799 2769 1800 2770 1795 2770 1797 2770 1800 2772 1799 2772 1801 2772 1800 2774 1801 2774 1802 2774 1803 2776 1800 2776 1802 2776 1803 2777 1802 2777 1720 2777 231 2778 233 2778 1804 2778 1805 2779 1806 2779 917 2779 1805 2780 917 2780 2749 2780 1807 2781 1806 2781 1805 2781 1807 2782 1808 2782 1806 2782 1809 2783 1810 2783 1808 2783 1809 2784 1808 2784 1807 2784 1811 2785 1805 2785 2749 2785 1811 2786 2749 2786 2751 2786 1812 2787 1810 2787 1809 2787 1813 2788 1805 2788 1811 2788 1812 2789 1814 2789 1810 2789 1813 2790 1807 2790 1805 2790 1815 2791 1814 2791 1812 2791 1816 2792 1807 2792 1813 2792 1817 2793 1815 2793 1812 2793 1817 2794 1812 2794 1809 2794 1816 2795 1809 2795 1807 2795 1818 2796 1814 2796 1815 2796 1820 2797 1815 2797 1817 2797 1821 2798 2751 2798 1822 2798 1821 2799 1811 2799 2751 2799 1823 2800 1809 2800 1816 2800 1818 2801 1824 2801 1814 2801 1819 2802 1816 2802 1813 2802 1821 2803 1819 2803 1813 2803 1821 2804 1813 2804 1811 2804 1817 2805 1809 2805 1823 2805 1825 2806 1824 2806 1818 2806 1823 2807 1816 2807 1819 2807 1826 2808 1815 2808 1820 2808 1826 2809 1818 2809 1815 2809 1827 2810 1821 2810 1822 2810 1825 2811 1828 2811 1824 2811 1829 2812 1820 2812 1817 2812 1830 2813 1817 2813 1823 2813 1831 2814 1818 2814 1826 2814 1831 2815 1825 2815 1818 2815 1832 2816 1823 2816 1819 2816 1829 2817 1826 2817 1820 2817 1833 2818 1819 2818 1821 2818 1833 2819 1821 2819 1827 2819 1834 2820 1828 2820 1825 2820 1834 2821 1835 2821 1828 2821 1830 2822 1829 2822 1817 2822 1827 2823 1822 2823 2752 2823 1832 2824 1830 2824 1823 2824 1836 2825 1826 2825 1829 2825 1837 2826 1819 2826 1833 2826 1834 2827 1838 2827 1835 2827 1839 2828 1829 2828 1830 2828 1840 2829 1825 2829 1831 2829 1840 2830 1834 2830 1825 2830 1841 2831 1830 2831 1832 2831 1836 2832 1831 2832 1826 2832 1837 2833 1832 2833 1819 2833 1842 2834 1838 2834 1834 2834 1843 2835 1834 2835 1840 2835 1844 2836 1827 2836 2752 2836 1840 2837 1831 2837 1836 2837 1845 2838 1832 2838 1837 2838 1839 2839 1836 2839 1829 2839 1846 2840 1837 2840 1833 2840 1847 2841 1839 2841 1830 2841 1847 2842 1830 2842 1841 2842 1848 2843 1833 2843 1827 2843 1848 2844 1827 2844 1844 2844 1845 2845 1841 2845 1832 2845 1849 2846 1838 2846 1842 2846 1849 2847 1850 2847 1838 2847 1851 2848 1836 2848 1839 2848 1852 2849 1842 2849 1834 2849 1852 2850 1834 2850 1843 2850 1853 2851 1843 2851 1840 2851 1844 2852 2752 2852 1854 2852 1851 2853 1840 2853 1836 2853 1855 2854 1845 2854 1837 2854 1855 2855 1837 2855 1846 2855 1856 2856 1839 2856 1847 2856 1846 2857 1833 2857 1848 2857 1857 2858 1847 2858 1841 2858 1858 2859 1848 2859 1844 2859 1851 2860 1853 2860 1840 2860 1855 2861 1841 2861 1845 2861 1859 2862 1842 2862 1852 2862 1859 2863 1849 2863 1842 2863 1856 2864 1851 2864 1839 2864 1860 2865 1843 2865 1853 2865 1860 2866 1852 2866 1843 2866 1861 2867 1850 2867 1849 2867 1861 2868 1862 2868 1850 2868 1863 2869 1848 2869 1858 2869 1864 2870 1853 2870 1851 2870 1865 2871 1841 2871 1855 2871 1858 2872 1844 2872 1854 2872 1866 2873 1851 2873 1856 2873 1867 2874 1855 2874 1846 2874 1868 2875 1847 2875 1857 2875 1868 2876 1856 2876 1847 2876 1869 2877 1862 2877 1861 2877 1863 2878 1846 2878 1848 2878 1865 2879 1857 2879 1841 2879 1861 2880 1849 2880 1859 2880 1870 2881 1855 2881 1867 2881 1871 2882 1859 2882 1852 2882 1871 2883 1852 2883 1860 2883 1867 2884 1846 2884 1863 2884 1860 2885 1853 2885 1864 2885 1872 2886 1857 2886 1865 2886 1866 2887 1864 2887 1851 2887 1870 2888 1865 2888 1855 2888 1873 2889 1854 2889 2753 2889 1873 2890 1858 2890 1854 2890 1874 2891 1866 2891 1856 2891 1874 2892 1856 2892 1868 2892 1875 2893 1862 2893 1869 2893 1875 2894 1876 2894 1862 2894 1877 2895 1871 2895 1860 2895 1872 2896 1868 2896 1857 2896 1878 2897 1864 2897 1866 2897 1879 2898 1859 2898 1871 2898 1879 2899 1861 2899 1859 2899 1873 2900 1863 2900 1858 2900 1880 2901 1876 2901 1875 2901 1881 2902 1870 2902 1867 2902 1882 2903 1868 2903 1872 2903 1883 2904 1867 2904 1863 2904 1884 2905 1860 2905 1864 2905 1884 2906 1864 2906 1878 2906 1885 2907 1872 2907 1865 2907 1879 2908 1869 2908 1861 2908 1886 2909 1863 2909 1873 2909 1878 2910 1866 2910 1874 2910 1880 2911 269 2911 1876 2911 1880 2912 232 2912 269 2912 1887 2913 1871 2913 1877 2913 1888 2914 1874 2914 1868 2914 1888 2915 1868 2915 1882 2915 1883 2916 1881 2916 1867 2916 1884 2917 1877 2917 1860 2917 1885 2918 1882 2918 1872 2918 1889 2919 1869 2919 1879 2919 1886 2920 1883 2920 1863 2920 1891 2921 1870 2921 1881 2921 1891 2922 1865 2922 1870 2922 1887 2923 1879 2923 1871 2923 1892 2924 1881 2924 1883 2924 1893 2925 1877 2925 1884 2925 1889 2926 1875 2926 1869 2926 1894 2927 1883 2927 1886 2927 1890 2928 1884 2928 1878 2928 1891 2929 1885 2929 1865 2929 1895 2930 1879 2930 1887 2930 1895 2931 1889 2931 1879 2931 1896 2932 1878 2932 1874 2932 1896 2933 1874 2933 1888 2933 1880 2934 268 2934 232 2934 1893 2935 1887 2935 1877 2935 1897 2936 2753 2936 1898 2936 1897 2937 1873 2937 2753 2937 1899 2938 1888 2938 1882 2938 1900 2939 1880 2939 1875 2939 1900 2940 1875 2940 1889 2940 1890 2941 1893 2941 1884 2941 1901 2942 1885 2942 1891 2942 1901 2943 1882 2943 1885 2943 1902 2944 1889 2944 1895 2944 1896 2945 1890 2945 1878 2945 1903 2946 1881 2946 1892 2946 1903 2947 1891 2947 1881 2947 1895 2948 1887 2948 1893 2948 1904 2949 1873 2949 1897 2949 1905 2950 1880 2950 1900 2950 1906 2951 1883 2951 1894 2951 1906 2952 1892 2952 1883 2952 1907 2953 1893 2953 1890 2953 1908 2954 1894 2954 1886 2954 1909 2955 1890 2955 1896 2955 1903 2956 1901 2956 1891 2956 1904 2957 1886 2957 1873 2957 1910 2958 1896 2958 1888 2958 1910 2959 1888 2959 1899 2959 1905 2960 268 2960 1880 2960 1911 2961 1892 2961 1906 2961 1907 2962 1895 2962 1893 2962 1901 2963 1899 2963 1882 2963 1900 2964 1889 2964 1902 2964 1912 2965 1901 2965 1903 2965 1913 2966 1886 2966 1904 2966 1911 2967 1903 2967 1892 2967 1914 2968 1895 2968 1907 2968 1915 2969 1899 2969 1901 2969 1915 2970 1910 2970 1899 2970 1906 2971 1894 2971 1908 2971 1916 2972 1890 2972 1909 2972 1916 2973 1907 2973 1890 2973 1913 2974 1908 2974 1886 2974 1918 2975 1909 2975 1896 2975 1918 2976 1896 2976 1910 2976 1919 2977 1912 2977 1903 2977 1919 2978 1903 2978 1911 2978 1914 2979 1902 2979 1895 2979 1920 2980 1910 2980 1915 2980 1921 2981 267 2981 268 2981 1921 2982 268 2982 1905 2982 1922 2983 1911 2983 1906 2983 1897 2984 1898 2984 1923 2984 1924 2985 1915 2985 1901 2985 1924 2986 1901 2986 1912 2986 1917 2987 1900 2987 1902 2987 1925 2988 1912 2988 1919 2988 1926 2989 1902 2989 1914 2989 1927 2990 1913 2990 1904 2990 1928 2991 1914 2991 1907 2991 1928 2992 1907 2992 1916 2992 1929 2993 1904 2993 1897 2993 1930 2994 1905 2994 1900 2994 1930 2995 1900 2995 1917 2995 1931 2996 1906 2996 1908 2996 1932 2997 1916 2997 1909 2997 1932 2998 1909 2998 1918 2998 1933 2999 1917 2999 1902 2999 1933 3000 1902 3000 1926 3000 1934 3001 1918 3001 1910 3001 1934 3002 1910 3002 1920 3002 1919 3003 1911 3003 1922 3003 1935 3004 1915 3004 1924 3004 1935 3005 1920 3005 1915 3005 1921 3006 1905 3006 1930 3006 1931 3007 1922 3007 1906 3007 1936 3008 1897 3008 1923 3008 1937 3009 1912 3009 1925 3009 1937 3010 1924 3010 1912 3010 1938 3011 1908 3011 1913 3011 1938 3012 1913 3012 1927 3012 1934 3013 1932 3013 1918 3013 1939 3014 1925 3014 1919 3014 1926 3015 1914 3015 1928 3015 1927 3016 1904 3016 1929 3016 1940 3017 1928 3017 1916 3017 1940 3018 1916 3018 1932 3018 1929 3019 1897 3019 1936 3019 1941 3020 1924 3020 1937 3020 1930 3021 1917 3021 1933 3021 1938 3022 1931 3022 1908 3022 1942 3023 1932 3023 1934 3023 1943 3024 1920 3024 1935 3024 1943 3025 1934 3025 1920 3025 1944 3026 1919 3026 1922 3026 1944 3027 1922 3027 1931 3027 1940 3028 1926 3028 1928 3028 1941 3029 1935 3029 1924 3029 1946 3030 1921 3030 1930 3030 1946 3031 267 3031 1921 3031 1946 3032 265 3032 267 3032 1947 3033 1931 3033 1938 3033 1942 3034 1940 3034 1932 3034 1936 3035 1923 3035 2755 3035 1937 3036 1925 3036 1939 3036 1948 3037 1938 3037 1927 3037 1949 3038 1934 3038 1943 3038 1944 3039 1939 3039 1919 3039 1950 3040 1926 3040 1940 3040 1945 3041 1927 3041 1929 3041 1943 3042 1935 3042 1941 3042 1947 3043 1944 3043 1931 3043 1951 3044 1940 3044 1942 3044 1936 3045 1945 3045 1929 3045 1952 3046 1941 3046 1937 3046 1953 3047 1930 3047 1933 3047 1949 3048 1942 3048 1934 3048 1954 3049 1939 3049 1944 3049 1950 3050 1933 3050 1926 3050 1955 3051 1948 3051 1927 3051 1955 3052 1927 3052 1945 3052 1956 3053 1949 3053 1943 3053 1957 3054 1944 3054 1947 3054 1946 3055 1930 3055 1953 3055 1946 3056 266 3056 265 3056 1958 3057 1938 3057 1948 3057 1958 3058 1947 3058 1938 3058 1959 3059 1942 3059 1949 3059 1960 3060 1936 3060 2755 3060 1960 3061 2755 3061 1961 3061 1962 3062 1937 3062 1939 3062 1962 3063 1939 3063 1954 3063 1963 3064 1953 3064 1933 3064 1963 3065 1933 3065 1950 3065 1964 3066 1948 3066 1955 3066 1957 3067 1954 3067 1944 3067 1965 3068 1940 3068 1951 3068 1965 3069 1950 3069 1940 3069 1966 3070 1943 3070 1941 3070 1966 3071 1941 3071 1952 3071 1959 3072 1951 3072 1942 3072 1962 3073 1952 3073 1937 3073 1956 3074 1959 3074 1949 3074 1967 3075 1954 3075 1957 3075 1963 3076 1950 3076 1965 3076 1966 3077 1956 3077 1943 3077 1968 3078 1957 3078 1947 3078 1968 3079 1947 3079 1958 3079 1965 3080 1951 3080 1959 3080 1969 3081 1945 3081 1936 3081 1969 3082 1936 3082 1960 3082 1970 3083 1952 3083 1962 3083 1970 3084 1966 3084 1952 3084 1953 3085 266 3085 1946 3085 1958 3086 1948 3086 1964 3086 1971 3087 1959 3087 1956 3087 1967 3088 1962 3088 1954 3088 1972 3089 1956 3089 1966 3089 1974 3090 1966 3090 1970 3090 1976 3091 1962 3091 1967 3091 1977 3092 1953 3092 1963 3092 1978 3093 1964 3093 1955 3093 1979 3094 1956 3094 1972 3094 1980 3095 1967 3095 1957 3095 1980 3096 1957 3096 1968 3096 1973 3097 1963 3097 1965 3097 1981 3098 1945 3098 1969 3098 1981 3099 1955 3099 1945 3099 1974 3100 1972 3100 1966 3100 1975 3101 1968 3101 1958 3101 1982 3102 1959 3102 1971 3102 1982 3103 1965 3103 1959 3103 1983 3104 1969 3104 1960 3104 1984 3105 1962 3105 1976 3105 1984 3106 1970 3106 1962 3106 1977 3107 266 3107 1953 3107 1977 3108 264 3108 266 3108 1978 3109 1975 3109 1958 3109 1978 3110 1958 3110 1964 3110 1979 3111 1971 3111 1956 3111 1985 3112 1960 3112 1961 3112 1985 3113 1961 3113 2756 3113 1976 3114 1967 3114 1980 3114 1986 3115 1963 3115 1973 3115 1986 3116 1977 3116 1963 3116 1987 3117 1972 3117 1974 3117 1980 3118 1968 3118 1975 3118 1982 3119 1973 3119 1965 3119 1984 3120 1974 3120 1970 3120 1988 3121 1975 3121 1978 3121 1989 3122 1971 3122 1979 3122 1985 3123 1983 3123 1960 3123 1990 3124 1978 3124 1955 3124 1990 3125 1955 3125 1981 3125 1987 3126 1979 3126 1972 3126 1992 3127 1973 3127 1982 3127 1992 3128 1986 3128 1973 3128 1993 3129 1969 3129 1983 3129 1993 3130 1981 3130 1969 3130 1994 3131 1974 3131 1984 3131 1988 3132 1980 3132 1975 3132 1989 3133 1982 3133 1971 3133 1995 3134 1984 3134 1976 3134 1977 3135 263 3135 264 3135 1996 3136 1979 3136 1987 3136 1985 3137 2756 3137 1997 3137 1991 3138 1976 3138 1980 3138 1993 3139 1990 3139 1981 3139 1994 3140 1987 3140 1974 3140 1998 3141 1980 3141 1988 3141 1998 3142 1991 3142 1980 3142 1999 3143 1982 3143 1989 3143 1995 3144 1994 3144 1984 3144 2000 3145 1988 3145 1978 3145 2000 3146 1978 3146 1990 3146 1996 3147 1989 3147 1979 3147 2001 3148 1976 3148 1991 3148 2001 3149 1995 3149 1976 3149 2002 3150 1990 3150 1993 3150 2003 3151 1991 3151 1998 3151 1999 3152 1992 3152 1982 3152 2004 3153 1993 3153 1983 3153 2005 3154 1994 3154 1995 3154 2006 3155 1989 3155 1996 3155 2006 3156 1999 3156 1989 3156 2007 3157 1983 3157 1985 3157 2008 3158 1995 3158 2001 3158 2009 3159 263 3159 1977 3159 2009 3160 1977 3160 1986 3160 2002 3161 2000 3161 1990 3161 2010 3162 1996 3162 1987 3162 2011 3163 1985 3163 1997 3163 2012 3164 1992 3164 1999 3164 2005 3165 1987 3165 1994 3165 1998 3166 1988 3166 2000 3166 2013 3167 2000 3167 2002 3167 2001 3168 1991 3168 2003 3168 2012 3169 1986 3169 1992 3169 2014 3170 2002 3170 1993 3170 2014 3171 1993 3171 2004 3171 2015 3172 1987 3172 2005 3172 2016 3173 2003 3173 1998 3173 2004 3174 1983 3174 2007 3174 2017 3175 1995 3175 2008 3175 2017 3176 2005 3176 1995 3176 2013 3177 1998 3177 2000 3177 2006 3178 1996 3178 2010 3178 2007 3179 1985 3179 2011 3179 2018 3180 2008 3180 2001 3180 2009 3181 262 3181 263 3181 2009 3182 1986 3182 2012 3182 2015 3183 2010 3183 1987 3183 2011 3184 1997 3184 2019 3184 2016 3185 2001 3185 2003 3185 2020 3186 1998 3186 2013 3186 2021 3187 2002 3187 2014 3187 2021 3188 2013 3188 2002 3188 2022 3189 2006 3189 2010 3189 2022 3190 2010 3190 2015 3190 2023 3191 2001 3191 2016 3191 2024 3192 2009 3192 2012 3192 2025 3193 2014 3193 2004 3193 2026 3194 2005 3194 2017 3194 2026 3195 2015 3195 2005 3195 2020 3196 2016 3196 1998 3196 2027 3197 1999 3197 2006 3197 2028 3198 2004 3198 2007 3198 2029 3199 2008 3199 2018 3199 2029 3200 2017 3200 2008 3200 2021 3201 2020 3201 2013 3201 2030 3202 2007 3202 2011 3202 2023 3203 2018 3203 2001 3203 2024 3204 262 3204 2009 3204 2025 3205 2021 3205 2014 3205 2031 3206 2011 3206 2019 3206 2031 3207 2019 3207 2032 3207 2033 3208 2023 3208 2016 3208 2033 3209 2016 3209 2020 3209 2027 3210 2012 3210 1999 3210 2034 3211 2017 3211 2029 3211 2035 3212 2020 3212 2021 3212 2036 3213 2006 3213 2022 3213 2036 3214 2027 3214 2006 3214 2029 3215 2018 3215 2023 3215 2037 3216 2021 3216 2025 3216 2038 3217 2022 3217 2015 3217 2038 3218 2015 3218 2026 3218 2031 3219 2030 3219 2011 3219 2024 3220 2012 3220 2027 3220 2039 3221 2025 3221 2004 3221 2039 3222 2004 3222 2028 3222 2034 3223 2026 3223 2017 3223 2040 3224 2007 3224 2030 3224 2040 3225 2028 3225 2007 3225 2041 3226 2034 3226 2029 3226 2042 3227 2023 3227 2033 3227 2024 3228 261 3228 262 3228 2043 3229 2026 3229 2034 3229 2043 3230 2038 3230 2026 3230 2044 3231 2033 3231 2020 3231 2044 3232 2020 3232 2035 3232 2045 3233 2024 3233 2027 3233 2045 3234 2027 3234 2036 3234 2046 3235 2021 3235 2037 3235 2046 3236 2035 3236 2021 3236 2047 3237 2036 3237 2022 3237 2047 3238 2022 3238 2038 3238 2042 3239 2029 3239 2023 3239 2048 3240 2037 3240 2025 3240 2048 3241 2025 3241 2039 3241 2049 3242 2033 3242 2044 3242 2050 3243 2024 3243 2045 3243 2051 3244 2028 3244 2040 3244 2051 3245 2039 3245 2028 3245 2052 3246 2043 3246 2034 3246 2052 3247 2034 3247 2041 3247 2045 3248 2036 3248 2047 3248 2053 3249 2029 3249 2042 3249 2053 3250 2041 3250 2029 3250 2047 3251 2038 3251 2043 3251 2054 3252 2030 3252 2031 3252 2054 3253 2031 3253 2055 3253 2049 3254 2042 3254 2033 3254 2050 3255 261 3255 2024 3255 2055 3256 2032 3256 2758 3256 2055 3257 2031 3257 2032 3257 2044 3258 2035 3258 2046 3258 2056 3259 2051 3259 2040 3259 2057 3260 2046 3260 2037 3260 2057 3261 2037 3261 2048 3261 2054 3262 2040 3262 2030 3262 2049 3263 2053 3263 2042 3263 2059 3264 2039 3264 2051 3264 2059 3265 2048 3265 2039 3265 2060 3266 2049 3266 2044 3266 2052 3267 2041 3267 2053 3267 2061 3268 2046 3268 2057 3268 2058 3269 2045 3269 2047 3269 2062 3270 2040 3270 2054 3270 2063 3271 2053 3271 2049 3271 2059 3272 2057 3272 2048 3272 2064 3273 2047 3273 2043 3273 2050 3274 260 3274 261 3274 2056 3275 2059 3275 2051 3275 2066 3276 2055 3276 2758 3276 2061 3277 2044 3277 2046 3277 2067 3278 2050 3278 2045 3278 2067 3279 2045 3279 2058 3279 2062 3280 2056 3280 2040 3280 2063 3281 2052 3281 2053 3281 2068 3282 2057 3282 2059 3282 2064 3283 2058 3283 2047 3283 2069 3284 2049 3284 2060 3284 2070 3285 2059 3285 2056 3285 2065 3286 2064 3286 2043 3286 2065 3287 2043 3287 2052 3287 2071 3288 2055 3288 2066 3288 2072 3289 2044 3289 2061 3289 2072 3290 2060 3290 2044 3290 2073 3291 2050 3291 2067 3291 2074 3292 2056 3292 2062 3292 2075 3293 2052 3293 2063 3293 2068 3294 2061 3294 2057 3294 2067 3295 2058 3295 2064 3295 2069 3296 2063 3296 2049 3296 2076 3297 2055 3297 2071 3297 2076 3298 2054 3298 2055 3298 2072 3299 2069 3299 2060 3299 2073 3300 259 3300 260 3300 2073 3301 260 3301 2050 3301 2075 3302 2065 3302 2052 3302 2066 3303 2758 3303 2759 3303 2077 3304 2061 3304 2068 3304 2078 3305 2063 3305 2069 3305 2079 3306 2059 3306 2070 3306 2079 3307 2068 3307 2059 3307 2076 3308 2062 3308 2054 3308 2080 3309 2069 3309 2072 3309 2070 3310 2056 3310 2074 3310 2081 3311 2065 3311 2075 3311 2077 3312 2072 3312 2061 3312 2078 3313 2075 3313 2063 3313 2082 3314 2067 3314 2064 3314 2083 3315 2062 3315 2076 3315 2080 3316 2078 3316 2069 3316 2084 3317 2079 3317 2070 3317 2081 3318 2064 3318 2065 3318 2085 3319 2072 3319 2077 3319 2086 3320 259 3320 2073 3320 2088 3321 2066 3321 2759 3321 2088 3322 2759 3322 2760 3322 2088 3323 2071 3323 2066 3323 2089 3324 2077 3324 2068 3324 2089 3325 2068 3325 2079 3325 2083 3326 2074 3326 2062 3326 2090 3327 2078 3327 2080 3327 2091 3328 2064 3328 2081 3328 2092 3329 2076 3329 2071 3329 2085 3330 2080 3330 2072 3330 2087 3331 2070 3331 2074 3331 2093 3332 2081 3332 2075 3332 2093 3333 2075 3333 2078 3333 2094 3334 2077 3334 2089 3334 2102 3335 2067 3335 2082 3335 2102 3336 2073 3336 2067 3336 2095 3337 2074 3337 2083 3337 2096 3338 2079 3338 2084 3338 2091 3339 2082 3339 2064 3339 2092 3340 2083 3340 2076 3340 2097 3341 2080 3341 2085 3341 2098 3342 2070 3342 2087 3342 2098 3343 2084 3343 2070 3343 2099 3344 2081 3344 2093 3344 2100 3345 2071 3345 2088 3345 2094 3346 2085 3346 2077 3346 2086 3347 257 3347 259 3347 2086 3348 2073 3348 2102 3348 2095 3349 2087 3349 2074 3349 2093 3350 2078 3350 2090 3350 2101 3351 2088 3351 2760 3351 2096 3352 2089 3352 2079 3352 2102 3353 2082 3353 2091 3353 2103 3354 2083 3354 2092 3354 2097 3355 2090 3355 2080 3355 2099 3356 2091 3356 2081 3356 2100 3357 2092 3357 2071 3357 2104 3358 2085 3358 2094 3358 2105 3359 2098 3359 2087 3359 2105 3360 2087 3360 2095 3360 2106 3361 2089 3361 2096 3361 2106 3362 2094 3362 2089 3362 2103 3363 2095 3363 2083 3363 2107 3364 2090 3364 2097 3364 2108 3365 2096 3365 2084 3365 2108 3366 2084 3366 2098 3366 2109 3367 2092 3367 2100 3367 2109 3368 2103 3368 2092 3368 2104 3369 2097 3369 2085 3369 2110 3370 2099 3370 2093 3370 2111 3371 2094 3371 2106 3371 2112 3372 258 3372 257 3372 2112 3373 257 3373 2086 3373 2112 3374 2086 3374 2102 3374 2113 3375 2095 3375 2103 3375 2107 3376 2093 3376 2090 3376 2114 3377 2102 3377 2091 3377 2115 3378 2103 3378 2109 3378 2116 3379 2097 3379 2104 3379 2117 3380 2098 3380 2105 3380 2110 3381 2091 3381 2099 3381 2111 3382 2104 3382 2094 3382 2113 3383 2105 3383 2095 3383 2118 3384 2093 3384 2107 3384 2119 3385 2088 3385 2101 3385 2106 3386 2096 3386 2108 3386 2116 3387 2107 3387 2097 3387 2117 3388 2108 3388 2098 3388 2120 3389 2091 3389 2110 3389 2121 3390 2104 3390 2111 3390 2121 3391 2116 3391 2104 3391 2122 3392 2105 3392 2113 3392 2118 3393 2110 3393 2093 3393 2123 3394 2100 3394 2088 3394 2123 3395 2088 3395 2119 3395 2124 3396 2111 3396 2106 3396 2112 3397 2102 3397 2114 3397 2125 3398 2103 3398 2115 3398 2125 3399 2113 3399 2103 3399 2126 3400 2760 3400 2127 3400 2126 3401 2101 3401 2760 3401 2128 3402 2106 3402 2108 3402 2128 3403 2108 3403 2117 3403 2120 3404 2114 3404 2091 3404 2129 3405 2115 3405 2109 3405 2130 3406 2116 3406 2121 3406 2122 3407 2117 3407 2105 3407 2131 3408 2110 3408 2118 3408 2123 3409 2109 3409 2100 3409 2125 3410 2122 3410 2113 3410 2118 3411 2107 3411 2116 3411 2119 3412 2101 3412 2126 3412 2132 3413 2114 3413 2120 3413 2133 3414 2117 3414 2122 3414 2120 3415 2110 3415 2131 3415 2134 3416 2109 3416 2123 3416 2121 3417 2111 3417 2124 3417 2135 3418 2122 3418 2125 3418 2136 3419 2124 3419 2106 3419 2136 3420 2106 3420 2128 3420 2132 3421 2112 3421 2114 3421 2132 3422 256 3422 258 3422 2132 3423 258 3423 2112 3423 2137 3424 2125 3424 2115 3424 2137 3425 2115 3425 2129 3425 2138 3426 2118 3426 2116 3426 2138 3427 2116 3427 2130 3427 2133 3428 2128 3428 2117 3428 2134 3429 2129 3429 2109 3429 2139 3430 2130 3430 2121 3430 2136 3431 2121 3431 2124 3431 2148 3432 2119 3432 2126 3432 2140 3433 2128 3433 2133 3433 2141 3434 2129 3434 2134 3434 2142 3435 2133 3435 2122 3435 2142 3436 2122 3436 2135 3436 2143 3437 2120 3437 2131 3437 2144 3438 2121 3438 2136 3438 2135 3439 2125 3439 2137 3439 2145 3440 2118 3440 2138 3440 2145 3441 2131 3441 2118 3441 2146 3442 2119 3442 2148 3442 2146 3443 2123 3443 2119 3443 2140 3444 2136 3444 2128 3444 2132 3445 255 3445 256 3445 2141 3446 2137 3446 2129 3446 2147 3447 2138 3447 2130 3447 2147 3448 2130 3448 2139 3448 2148 3449 2126 3449 2127 3449 2148 3450 2127 3450 2761 3450 2142 3451 2140 3451 2133 3451 2144 3452 2139 3452 2121 3452 2145 3453 2143 3453 2131 3453 2146 3454 2134 3454 2123 3454 2150 3455 2136 3455 2140 3455 2151 3456 2137 3456 2141 3456 2151 3457 2135 3457 2137 3457 2152 3458 2140 3458 2142 3458 2153 3459 2120 3459 2143 3459 2153 3460 2132 3460 2120 3460 2144 3461 2147 3461 2139 3461 2149 3462 2142 3462 2135 3462 2154 3463 2143 3463 2145 3463 2155 3464 2134 3464 2146 3464 2156 3465 2144 3465 2136 3465 2156 3466 2136 3466 2150 3466 2157 3467 2138 3467 2147 3467 2157 3468 2145 3468 2138 3468 2152 3469 2150 3469 2140 3469 2153 3470 255 3470 2132 3470 2159 3471 2147 3471 2144 3471 2160 3472 2148 3472 2761 3472 2161 3473 2142 3473 2149 3473 2155 3474 2141 3474 2134 3474 2162 3475 2135 3475 2151 3475 2162 3476 2149 3476 2135 3476 2163 3477 2150 3477 2152 3477 2158 3478 2151 3478 2141 3478 2159 3479 2157 3479 2147 3479 2164 3480 2148 3480 2160 3480 2161 3481 2152 3481 2142 3481 2153 3482 2143 3482 2154 3482 2165 3483 2141 3483 2155 3483 2166 3484 2144 3484 2156 3484 2162 3485 2161 3485 2149 3485 2154 3486 2145 3486 2157 3486 2167 3487 2155 3487 2146 3487 2163 3488 2156 3488 2150 3488 2168 3489 2151 3489 2158 3489 2169 3490 2157 3490 2159 3490 2164 3491 2146 3491 2148 3491 2170 3492 2152 3492 2161 3492 2153 3493 254 3493 255 3493 2165 3494 2158 3494 2141 3494 2166 3495 2159 3495 2144 3495 2160 3496 2761 3496 2762 3496 2171 3497 2161 3497 2162 3497 2172 3498 2156 3498 2163 3498 2168 3499 2162 3499 2151 3499 2169 3500 2154 3500 2157 3500 2173 3501 2146 3501 2164 3501 2173 3502 2167 3502 2146 3502 2170 3503 2163 3503 2152 3503 2174 3504 2168 3504 2158 3504 2174 3505 2158 3505 2165 3505 2175 3506 2159 3506 2166 3506 2176 3507 2164 3507 2160 3507 2177 3508 2153 3508 2154 3508 2178 3509 2155 3509 2167 3509 2178 3510 2165 3510 2155 3510 2172 3511 2166 3511 2156 3511 2179 3512 2162 3512 2168 3512 2180 3513 2154 3513 2169 3513 2181 3514 2172 3514 2163 3514 2181 3515 2163 3515 2170 3515 2175 3516 2169 3516 2159 3516 2182 3517 2164 3517 2176 3517 2183 3518 2161 3518 2171 3518 2183 3519 2170 3519 2161 3519 2177 3520 254 3520 2153 3520 2184 3521 2165 3521 2178 3521 2185 3522 2166 3522 2172 3522 2186 3523 2762 3523 2187 3523 2186 3524 2160 3524 2762 3524 2179 3525 2171 3525 2162 3525 2178 3526 2167 3526 2173 3526 2188 3527 2168 3527 2174 3527 2189 3528 2169 3528 2175 3528 2182 3529 2173 3529 2164 3529 2184 3530 2174 3530 2165 3530 2185 3531 2175 3531 2166 3531 2176 3532 2160 3532 2186 3532 2190 3533 2171 3533 2179 3533 2177 3534 2154 3534 2180 3534 2192 3535 2185 3535 2172 3535 2192 3536 2172 3536 2181 3536 2188 3537 2179 3537 2168 3537 2180 3538 2169 3538 2189 3538 2193 3539 2181 3539 2170 3539 2193 3540 2170 3540 2183 3540 2194 3541 2174 3541 2184 3541 2189 3542 2175 3542 2185 3542 2195 3543 2183 3543 2171 3543 2195 3544 2171 3544 2190 3544 2196 3545 254 3545 2177 3545 2196 3546 253 3546 254 3546 2191 3547 2184 3547 2178 3547 2197 3548 2190 3548 2179 3548 2197 3549 2179 3549 2188 3549 2198 3550 2178 3550 2173 3550 2199 3551 2181 3551 2193 3551 2194 3552 2188 3552 2174 3552 2200 3553 2184 3553 2191 3553 2200 3554 2194 3554 2184 3554 2201 3555 2189 3555 2185 3555 2201 3556 2185 3556 2192 3556 2202 3557 2176 3557 2186 3557 2203 3558 2196 3558 2177 3558 2203 3559 2177 3559 2180 3559 2198 3560 2191 3560 2178 3560 2199 3561 2192 3561 2181 3561 2204 3562 2188 3562 2194 3562 2205 3563 2180 3563 2189 3563 2206 3564 2173 3564 2182 3564 2193 3565 2183 3565 2195 3565 2202 3566 2182 3566 2176 3566 2207 3567 2190 3567 2197 3567 2207 3568 2195 3568 2190 3568 2208 3569 2191 3569 2198 3569 2209 3570 2192 3570 2199 3570 2209 3571 2201 3571 2192 3571 2210 3572 2187 3572 2763 3572 2210 3573 2186 3573 2187 3573 2210 3574 2202 3574 2186 3574 2204 3575 2197 3575 2188 3575 2206 3576 2198 3576 2173 3576 2211 3577 2199 3577 2193 3577 2212 3578 2189 3578 2201 3578 2213 3579 2182 3579 2202 3579 2208 3580 2200 3580 2191 3580 2214 3581 2201 3581 2209 3581 2215 3582 2197 3582 2204 3582 2216 3583 2180 3583 2205 3583 2216 3584 2203 3584 2180 3584 2217 3585 2208 3585 2198 3585 2217 3586 2198 3586 2206 3586 2218 3587 2194 3587 2200 3587 2218 3588 2204 3588 2194 3588 2212 3589 2205 3589 2189 3589 2213 3590 2206 3590 2182 3590 2219 3591 2195 3591 2207 3591 2219 3592 2193 3592 2195 3592 2220 3593 2200 3593 2208 3593 2221 3594 2202 3594 2210 3594 2215 3595 2207 3595 2197 3595 2203 3596 251 3596 253 3596 2203 3597 253 3597 2196 3597 2222 3598 2208 3598 2217 3598 2209 3599 2199 3599 2211 3599 2223 3600 2763 3600 2764 3600 2223 3601 2210 3601 2763 3601 2218 3602 2215 3602 2204 3602 2224 3603 2205 3603 2212 3603 2224 3604 2216 3604 2205 3604 2217 3605 2206 3605 2213 3605 2219 3606 2211 3606 2193 3606 2212 3607 2201 3607 2214 3607 2225 3608 2213 3608 2202 3608 2225 3609 2202 3609 2221 3609 2226 3610 2214 3610 2209 3610 2227 3611 2215 3611 2218 3611 2228 3612 2209 3612 2211 3612 2228 3613 2211 3613 2219 3613 2229 3614 2218 3614 2200 3614 2229 3615 2200 3615 2220 3615 2230 3616 2224 3616 2212 3616 2225 3617 2217 3617 2213 3617 2231 3618 2219 3618 2207 3618 2231 3619 2207 3619 2215 3619 2232 3620 2208 3620 2222 3620 2232 3621 2220 3621 2208 3621 2233 3622 2203 3622 2216 3622 2233 3623 251 3623 2203 3623 2234 3624 2222 3624 2217 3624 2235 3625 2226 3625 2209 3625 2235 3626 2209 3626 2228 3626 2236 3627 2217 3627 2225 3627 2232 3628 2229 3628 2220 3628 2237 3629 2212 3629 2214 3629 2237 3630 2214 3630 2226 3630 2238 3631 2215 3631 2227 3631 2238 3632 2231 3632 2215 3632 2239 3633 2210 3633 2223 3633 2240 3634 2218 3634 2229 3634 2240 3635 2227 3635 2218 3635 2224 3636 2233 3636 2216 3636 2231 3637 2228 3637 2219 3637 2241 3638 2229 3638 2232 3638 2237 3639 2230 3639 2212 3639 2242 3640 2232 3640 2222 3640 2242 3641 2222 3641 2234 3641 2243 3642 2226 3642 2235 3642 2243 3643 2237 3643 2226 3643 2244 3644 2221 3644 2210 3644 2244 3645 2210 3645 2239 3645 2233 3646 250 3646 251 3646 2245 3647 2217 3647 2236 3647 2245 3648 2234 3648 2217 3648 2246 3649 2764 3649 2247 3649 2246 3650 2223 3650 2764 3650 2248 3651 2224 3651 2230 3651 2248 3652 2230 3652 2237 3652 2249 3653 2236 3653 2225 3653 2244 3654 2225 3654 2221 3654 2250 3655 2227 3655 2240 3655 2250 3656 2238 3656 2227 3656 2243 3657 2235 3657 2228 3657 2239 3658 2223 3658 2246 3658 2251 3659 2229 3659 2241 3659 2251 3660 2240 3660 2229 3660 2249 3661 2245 3661 2236 3661 2252 3662 2228 3662 2231 3662 2252 3663 2231 3663 2238 3663 2253 3664 2232 3664 2242 3664 2253 3665 2241 3665 2232 3665 2254 3666 2249 3666 2225 3666 2254 3667 2225 3667 2244 3667 2255 3668 2242 3668 2234 3668 2255 3669 2234 3669 2245 3669 2256 3670 250 3670 2233 3670 2256 3671 2233 3671 2224 3671 2256 3672 2224 3672 2248 3672 2257 3673 2245 3673 2249 3673 2246 3674 2247 3674 2765 3674 2258 3675 2248 3675 2237 3675 2259 3676 2238 3676 2250 3676 2260 3677 2242 3677 2255 3677 2260 3678 2253 3678 2242 3678 2261 3679 2237 3679 2243 3679 2262 3680 2244 3680 2239 3680 2263 3681 2240 3681 2251 3681 2263 3682 2250 3682 2240 3682 2264 3683 2228 3683 2252 3683 2264 3684 2243 3684 2228 3684 2265 3685 2239 3685 2246 3685 2266 3686 2241 3686 2253 3686 2266 3687 2251 3687 2241 3687 2267 3688 2249 3688 2254 3688 2259 3689 2252 3689 2238 3689 2262 3690 2254 3690 2244 3690 2255 3691 2245 3691 2257 3691 2268 3692 2261 3692 2243 3692 2268 3693 2243 3693 2264 3693 2266 3694 2263 3694 2251 3694 2256 3695 249 3695 250 3695 2267 3696 2257 3696 2249 3696 2264 3697 2252 3697 2259 3697 2269 3698 2246 3698 2765 3698 2269 3699 2265 3699 2246 3699 2270 3700 2253 3700 2260 3700 2258 3701 2237 3701 2261 3701 2271 3702 2254 3702 2262 3702 2272 3703 2259 3703 2250 3703 2272 3704 2250 3704 2263 3704 2273 3705 2260 3705 2255 3705 2262 3706 2239 3706 2265 3706 2274 3707 2263 3707 2266 3707 2275 3708 2257 3708 2267 3708 2277 3709 2265 3709 2269 3709 2270 3710 2266 3710 2253 3710 2278 3711 2256 3711 2248 3711 2278 3712 2248 3712 2258 3712 2271 3713 2267 3713 2254 3713 2279 3714 2261 3714 2268 3714 2274 3715 2272 3715 2263 3715 2275 3716 2255 3716 2257 3716 2276 3717 2268 3717 2264 3717 2280 3718 2265 3718 2277 3718 2281 3719 2274 3719 2266 3719 2281 3720 2266 3720 2270 3720 2278 3721 249 3721 2256 3721 2282 3722 2267 3722 2271 3722 2283 3723 2264 3723 2259 3723 2283 3724 2259 3724 2272 3724 2284 3725 2270 3725 2260 3725 2284 3726 2260 3726 2273 3726 2279 3727 2258 3727 2261 3727 2279 3728 2278 3728 2258 3728 2285 3729 2271 3729 2262 3729 2286 3730 2272 3730 2274 3730 2287 3731 2255 3731 2275 3731 2287 3732 2273 3732 2255 3732 2288 3733 2268 3733 2276 3733 2280 3734 2262 3734 2265 3734 2289 3735 2274 3735 2281 3735 2290 3736 2275 3736 2267 3736 2290 3737 2267 3737 2282 3737 2283 3738 2276 3738 2264 3738 2285 3739 2282 3739 2271 3739 2291 3740 2273 3740 2287 3740 2291 3741 2284 3741 2273 3741 2288 3742 2279 3742 2268 3742 2292 3743 2262 3743 2280 3743 2292 3744 2285 3744 2262 3744 2281 3745 2270 3745 2284 3745 2278 3746 248 3746 249 3746 2293 3747 2282 3747 2285 3747 2294 3748 2272 3748 2286 3748 2294 3749 2283 3749 2272 3749 2295 3750 2765 3750 2296 3750 2295 3751 2269 3751 2765 3751 2297 3752 2278 3752 2279 3752 2297 3753 2279 3753 2288 3753 2298 3754 2286 3754 2274 3754 2298 3755 2274 3755 2289 3755 2287 3756 2275 3756 2290 3756 2299 3757 2280 3757 2277 3757 2300 3758 2289 3758 2281 3758 2293 3759 2290 3759 2282 3759 2294 3760 2276 3760 2283 3760 2295 3761 2277 3761 2269 3761 2291 3762 2281 3762 2284 3762 2301 3763 2278 3763 2297 3763 2302 3764 2293 3764 2285 3764 2302 3765 2285 3765 2292 3765 2303 3766 2291 3766 2287 3766 2299 3767 2292 3767 2280 3767 2304 3768 2290 3768 2293 3768 2305 3769 2288 3769 2276 3769 2305 3770 2276 3770 2294 3770 2306 3771 2277 3771 2295 3771 2307 3772 2281 3772 2291 3772 2301 3773 248 3773 2278 3773 2308 3774 2293 3774 2302 3774 2309 3775 2286 3775 2298 3775 2309 3776 2294 3776 2286 3776 2310 3777 2296 3777 2766 3777 2310 3778 2295 3778 2296 3778 2302 3779 2292 3779 2299 3779 2311 3780 2289 3780 2300 3780 2311 3781 2298 3781 2289 3781 2304 3782 2287 3782 2290 3782 2306 3783 2299 3783 2277 3783 2307 3784 2300 3784 2281 3784 2312 3785 2291 3785 2303 3785 2313 3786 2298 3786 2311 3786 2314 3787 2303 3787 2287 3787 2314 3788 2287 3788 2304 3788 2315 3789 2288 3789 2305 3789 2315 3790 2297 3790 2288 3790 2316 3791 2302 3791 2299 3791 2316 3792 2299 3792 2306 3792 2311 3793 2300 3793 2307 3793 2304 3794 2293 3794 2308 3794 2305 3795 2294 3795 2309 3795 2312 3796 2307 3796 2291 3796 2301 3797 247 3797 248 3797 2317 3798 2308 3798 2302 3798 2313 3799 2309 3799 2298 3799 2319 3800 2314 3800 2304 3800 2321 3801 2307 3801 2312 3801 2322 3802 2309 3802 2313 3802 2323 3803 2306 3803 2295 3803 2323 3804 2295 3804 2310 3804 2314 3805 2312 3805 2303 3805 2324 3806 2297 3806 2315 3806 2324 3807 2301 3807 2297 3807 2325 3808 2302 3808 2316 3808 2318 3809 2313 3809 2311 3809 2320 3810 2316 3810 2306 3810 2321 3811 2311 3811 2307 3811 2326 3812 2308 3812 2317 3812 2326 3813 2304 3813 2308 3813 2322 3814 2305 3814 2309 3814 2327 3815 2306 3815 2323 3815 2328 3816 2312 3816 2314 3816 2328 3817 2321 3817 2312 3817 2324 3818 247 3818 2301 3818 2325 3819 2317 3819 2302 3819 2329 3820 2322 3820 2313 3820 2329 3821 2313 3821 2318 3821 2330 3822 2766 3822 2767 3822 2330 3823 2310 3823 2766 3823 2331 3824 2314 3824 2319 3824 2332 3825 2316 3825 2320 3825 2333 3826 2311 3826 2321 3826 2333 3827 2318 3827 2311 3827 2326 3828 2319 3828 2304 3828 2334 3829 2315 3829 2305 3829 2334 3830 2305 3830 2322 3830 2327 3831 2320 3831 2306 3831 2335 3832 2326 3832 2317 3832 2335 3833 2317 3833 2325 3833 2323 3834 2310 3834 2330 3834 2331 3835 2328 3835 2314 3835 2332 3836 2325 3836 2316 3836 2336 3837 2319 3837 2326 3837 2337 3838 2315 3838 2334 3838 2338 3839 2332 3839 2320 3839 2338 3840 2320 3840 2327 3840 2339 3841 2321 3841 2328 3841 2339 3842 2333 3842 2321 3842 2340 3843 2326 3843 2335 3843 2334 3844 2322 3844 2329 3844 2341 3845 2327 3845 2323 3845 2342 3846 2328 3846 2331 3846 2343 3847 247 3847 2324 3847 2343 3848 246 3848 247 3848 2344 3849 2325 3849 2332 3849 2345 3850 2329 3850 2318 3850 2345 3851 2318 3851 2333 3851 2336 3852 2331 3852 2319 3852 2346 3853 2332 3853 2338 3853 2340 3854 2336 3854 2326 3854 2338 3855 2327 3855 2341 3855 2335 3856 2325 3856 2344 3856 2347 3857 2323 3857 2330 3857 2347 3858 2341 3858 2323 3858 2348 3859 2331 3859 2336 3859 2349 3860 2324 3860 2315 3860 2349 3861 2315 3861 2337 3861 2349 3862 2343 3862 2324 3862 2346 3863 2344 3863 2332 3863 2350 3864 2333 3864 2339 3864 2350 3865 2345 3865 2333 3865 2351 3866 2336 3866 2340 3866 2352 3867 2339 3867 2328 3867 2352 3868 2328 3868 2342 3868 2353 3869 2334 3869 2329 3869 2353 3870 2329 3870 2345 3870 2348 3871 2342 3871 2331 3871 2354 3872 2344 3872 2346 3872 2355 3873 2767 3873 2768 3873 2355 3874 2347 3874 2330 3874 2355 3875 2330 3875 2767 3875 2351 3876 2348 3876 2336 3876 2356 3877 2346 3877 2338 3877 2352 3878 2350 3878 2339 3878 2357 3879 2340 3879 2335 3879 2358 3880 2334 3880 2353 3880 2359 3881 2342 3881 2348 3881 2354 3882 2335 3882 2344 3882 2353 3883 2345 3883 2350 3883 2360 3884 2348 3884 2351 3884 2356 3885 2354 3885 2346 3885 2361 3886 2350 3886 2352 3886 2357 3887 2351 3887 2340 3887 2358 3888 2337 3888 2334 3888 2362 3889 2338 3889 2341 3889 2359 3890 2352 3890 2342 3890 2363 3891 2357 3891 2335 3891 2363 3892 2335 3892 2354 3892 2365 3893 2341 3893 2347 3893 2360 3894 2359 3894 2348 3894 2366 3895 245 3895 246 3895 2366 3896 2343 3896 2349 3896 2366 3897 246 3897 2343 3897 2367 3898 2354 3898 2356 3898 2361 3899 2353 3899 2350 3899 2355 3900 2768 3900 2368 3900 2369 3901 2351 3901 2357 3901 2370 3902 2337 3902 2358 3902 2362 3903 2356 3903 2338 3903 2371 3904 2352 3904 2359 3904 2364 3905 2358 3905 2353 3905 2372 3906 2341 3906 2365 3906 2372 3907 2362 3907 2341 3907 2373 3908 2359 3908 2360 3908 2374 3909 2353 3909 2361 3909 2365 3910 2347 3910 2355 3910 2375 3911 2351 3911 2369 3911 2375 3912 2360 3912 2351 3912 2376 3913 2349 3913 2337 3913 2376 3914 2337 3914 2370 3914 2377 3915 2356 3915 2362 3915 2371 3916 2361 3916 2352 3916 2369 3917 2357 3917 2363 3917 2370 3918 2358 3918 2364 3918 2378 3919 2359 3919 2373 3919 2379 3920 2363 3920 2354 3920 2379 3921 2354 3921 2367 3921 2374 3922 2364 3922 2353 3922 2366 3923 2349 3923 2376 3923 2377 3924 2367 3924 2356 3924 2380 3925 2355 3925 2368 3925 2382 3926 2362 3926 2372 3926 2378 3927 2371 3927 2359 3927 2383 3928 2363 3928 2379 3928 2384 3929 2364 3929 2374 3929 2373 3930 2360 3930 2375 3930 2379 3931 2367 3931 2377 3931 2385 3932 2374 3932 2361 3932 2386 3933 2355 3933 2380 3933 2386 3934 2365 3934 2355 3934 2381 3935 2375 3935 2369 3935 2382 3936 2377 3936 2362 3936 2387 3937 2371 3937 2378 3937 2383 3938 2369 3938 2363 3938 2384 3939 2370 3939 2364 3939 2389 3940 2378 3940 2373 3940 2390 3941 2383 3941 2379 3941 2386 3942 2372 3942 2365 3942 2391 3943 2373 3943 2375 3943 2391 3944 2375 3944 2381 3944 2392 3945 2366 3945 2376 3945 2392 3946 244 3946 245 3946 2392 3947 245 3947 2366 3947 2393 3948 2377 3948 2382 3948 2393 3949 2379 3949 2377 3949 2387 3950 2361 3950 2371 3950 2380 3951 2368 3951 2769 3951 2394 3952 2381 3952 2369 3952 2394 3953 2369 3953 2383 3953 2395 3954 2370 3954 2384 3954 2388 3955 2382 3955 2372 3955 2389 3956 2387 3956 2378 3956 2384 3957 2374 3957 2385 3957 2396 3958 2372 3958 2386 3958 2397 3959 2385 3959 2361 3959 2397 3960 2361 3960 2387 3960 2398 3961 2386 3961 2380 3961 2395 3962 2376 3962 2370 3962 2399 3963 2382 3963 2388 3963 2400 3964 2387 3964 2389 3964 2401 3965 2394 3965 2383 3965 2401 3966 2383 3966 2390 3966 2396 3967 2388 3967 2372 3967 2391 3968 2389 3968 2373 3968 2402 3969 2379 3969 2393 3969 2402 3970 2390 3970 2379 3970 2403 3971 2385 3971 2397 3971 2404 3972 2386 3972 2398 3972 2394 3973 2391 3973 2381 3973 2392 3974 243 3974 244 3974 2392 3975 2376 3975 2395 3975 2399 3976 2393 3976 2382 3976 2405 3977 2387 3977 2400 3977 2398 3978 2769 3978 2406 3978 2398 3979 2380 3979 2769 3979 2407 3980 2394 3980 2401 3980 2408 3981 2395 3981 2384 3981 2409 3982 2388 3982 2396 3982 2400 3983 2389 3983 2391 3983 2402 3984 2401 3984 2390 3984 2403 3985 2384 3985 2385 3985 2404 3986 2396 3986 2386 3986 2410 3987 2391 3987 2394 3987 2411 3988 2393 3988 2399 3988 2405 3989 2397 3989 2387 3989 2412 3990 2395 3990 2408 3990 2409 3991 2399 3991 2388 3991 2408 3992 2384 3992 2403 3992 2414 3993 2396 3993 2404 3993 2410 3994 2400 3994 2391 3994 2411 3995 2402 3995 2393 3995 2415 3996 2404 3996 2398 3996 2416 3997 2410 3997 2394 3997 2416 3998 2394 3998 2407 3998 2412 3999 243 3999 2392 3999 2412 4000 2392 4000 2395 4000 2417 4001 2411 4001 2399 4001 2417 4002 2399 4002 2409 4002 2413 4003 2405 4003 2400 4003 2418 4004 2398 4004 2406 4004 2419 4005 2407 4005 2401 4005 2414 4006 2409 4006 2396 4006 2420 4007 2401 4007 2402 4007 2420 4008 2402 4008 2411 4008 2421 4009 2408 4009 2403 4009 2421 4010 2403 4010 2397 4010 2422 4011 2404 4011 2415 4011 2423 4012 2410 4012 2416 4012 2424 4013 2411 4013 2417 4013 2425 4014 2405 4014 2413 4014 2417 4015 2409 4015 2414 4015 2413 4016 2400 4016 2410 4016 2426 4017 2401 4017 2420 4017 2422 4018 2414 4018 2404 4018 2425 4019 2397 4019 2405 4019 2425 4020 2421 4020 2397 4020 2415 4021 2398 4021 2418 4021 2416 4022 2407 4022 2419 4022 2412 4023 242 4023 243 4023 2418 4024 2406 4024 2770 4024 2426 4025 2419 4025 2401 4025 2429 4026 2408 4026 2421 4026 2430 4027 2414 4027 2422 4027 2423 4028 2413 4028 2410 4028 2420 4029 2411 4029 2424 4029 2431 4030 2423 4030 2416 4030 2427 4031 2424 4031 2417 4031 2428 4032 2425 4032 2413 4032 2432 4033 2416 4033 2419 4033 2432 4034 2419 4034 2426 4034 2429 4035 2412 4035 2408 4035 2430 4036 2417 4036 2414 4036 2433 4037 2413 4037 2423 4037 2434 4038 2426 4038 2420 4038 2435 4039 2422 4039 2415 4039 2436 4040 2424 4040 2427 4040 2437 4041 2425 4041 2428 4041 2438 4042 2415 4042 2418 4042 2439 4043 242 4043 2412 4043 2439 4044 2412 4044 2429 4044 2440 4045 2427 4045 2417 4045 2440 4046 2417 4046 2430 4046 2433 4047 2428 4047 2413 4047 2441 4048 2418 4048 2770 4048 2442 4049 2429 4049 2421 4049 2435 4050 2430 4050 2422 4050 2443 4051 2423 4051 2431 4051 2443 4052 2433 4052 2423 4052 2436 4053 2420 4053 2424 4053 2436 4054 2434 4054 2420 4054 2437 4055 2421 4055 2425 4055 2444 4056 2435 4056 2415 4056 2444 4057 2415 4057 2438 4057 2432 4058 2431 4058 2416 4058 2445 4059 2428 4059 2433 4059 2438 4060 2418 4060 2441 4060 2446 4061 2426 4061 2434 4061 2446 4062 2432 4062 2426 4062 2442 4063 2439 4063 2429 4063 2447 4064 2430 4064 2435 4064 2448 4065 2421 4065 2437 4065 2449 4066 2431 4066 2432 4066 2450 4067 2427 4067 2440 4067 2450 4068 2436 4068 2427 4068 2437 4069 2428 4069 2445 4069 2439 4070 241 4070 242 4070 2447 4071 2440 4071 2430 4071 2445 4072 2433 4072 2443 4072 2451 4073 2770 4073 2452 4073 2451 4074 2441 4074 2770 4074 2453 4075 2446 4075 2434 4075 2453 4076 2434 4076 2436 4076 2448 4077 2442 4077 2421 4077 2454 4078 2435 4078 2444 4078 2455 4079 2443 4079 2431 4079 2455 4080 2431 4080 2449 4080 2449 4081 2432 4081 2446 4081 2456 4082 2440 4082 2447 4082 2451 4083 2438 4083 2441 4083 2454 4084 2447 4084 2435 4084 2458 4085 2436 4085 2450 4085 2459 4086 2450 4086 2440 4086 2459 4087 2440 4087 2456 4087 2457 4088 2437 4088 2445 4088 2460 4089 2444 4089 2438 4089 2460 4090 2438 4090 2451 4090 2461 4091 2446 4091 2453 4091 2456 4092 2447 4092 2454 4092 2462 4093 2443 4093 2455 4093 2462 4094 2445 4094 2443 4094 2458 4095 2453 4095 2436 4095 2463 4096 2454 4096 2444 4096 2464 4097 2455 4097 2449 4097 2465 4098 2448 4098 2437 4098 2465 4099 2437 4099 2457 4099 2466 4100 2444 4100 2460 4100 2461 4101 2449 4101 2446 4101 2462 4102 2457 4102 2445 4102 2467 4103 2453 4103 2458 4103 2468 4104 2442 4104 2448 4104 2468 4105 2439 4105 2442 4105 2469 4106 2455 4106 2464 4106 2470 4107 2450 4107 2459 4107 2470 4108 2458 4108 2450 4108 2471 4109 2448 4109 2465 4109 2464 4110 2449 4110 2461 4110 2465 4111 2457 4111 2462 4111 2467 4112 2461 4112 2453 4112 2468 4113 240 4113 241 4113 2468 4114 241 4114 2439 4114 2472 4115 2454 4115 2463 4115 2472 4116 2456 4116 2454 4116 2469 4117 2462 4117 2455 4117 2473 4118 2452 4118 2771 4118 2473 4119 2451 4119 2452 4119 2471 4120 2468 4120 2448 4120 2474 4121 2463 4121 2444 4121 2474 4122 2444 4122 2466 4122 2476 4123 2470 4123 2459 4123 2477 4124 2464 4124 2461 4124 2477 4125 2461 4125 2467 4125 2472 4126 2459 4126 2456 4126 2478 4127 2462 4127 2469 4127 2479 4128 2467 4128 2458 4128 2479 4129 2458 4129 2470 4129 2474 4130 2472 4130 2463 4130 2475 4131 2469 4131 2464 4131 2480 4132 2475 4132 2464 4132 2480 4133 2464 4133 2477 4133 2481 4134 2459 4134 2472 4134 2482 4135 2465 4135 2462 4135 2482 4136 2462 4136 2478 4136 2483 4137 2460 4137 2451 4137 2483 4138 2451 4138 2473 4138 2484 4139 2467 4139 2479 4139 2485 4140 2472 4140 2474 4140 2478 4141 2469 4141 2475 4141 2473 4142 2771 4142 915 4142 2473 4143 915 4143 2486 4143 2479 4144 2470 4144 2476 4144 2487 4145 2474 4145 2466 4145 2481 4146 2476 4146 2459 4146 2483 4147 2466 4147 2460 4147 2484 4148 2477 4148 2467 4148 2488 4149 2468 4149 2471 4149 2489 4150 2476 4150 2481 4150 2490 4151 2471 4151 2465 4151 2490 4152 2465 4152 2482 4152 2491 4153 2466 4153 2483 4153 2492 4154 2480 4154 2477 4154 2492 4155 2477 4155 2484 4155 2485 4156 2481 4156 2472 4156 2483 4157 2486 4157 2493 4157 2483 4158 2473 4158 2486 4158 2494 4159 2484 4159 2479 4159 2488 4160 239 4160 240 4160 2488 4161 240 4161 2468 4161 2495 4162 2474 4162 2487 4162 2495 4163 2485 4163 2474 4163 2496 4164 2478 4164 2475 4164 2496 4165 2475 4165 2480 4165 2489 4166 2479 4166 2476 4166 2490 4167 2488 4167 2471 4167 2497 4168 2466 4168 2491 4168 2497 4169 2487 4169 2466 4169 2498 4170 2481 4170 2485 4170 2498 4171 2489 4171 2481 4171 2491 4172 2483 4172 2493 4172 2491 4173 2493 4173 2499 4173 2500 4174 2484 4174 2494 4174 2494 4175 2479 4175 2489 4175 2501 4176 2488 4176 2490 4176 2502 4177 2480 4177 2492 4177 2503 4178 2490 4178 2482 4178 2500 4179 2492 4179 2484 4179 2504 4180 2485 4180 2495 4180 2505 4181 2482 4181 2478 4181 2505 4182 2478 4182 2496 4182 2501 4183 238 4183 239 4183 2501 4184 239 4184 2488 4184 2507 4185 2487 4185 2497 4185 2507 4186 2495 4186 2487 4186 2502 4187 2496 4187 2480 4187 2508 4188 2489 4188 2498 4188 2508 4189 2494 4189 2489 4189 2503 4190 2501 4190 2490 4190 2509 4191 2497 4191 2491 4191 2509 4192 2491 4192 2499 4192 2510 4193 2502 4193 2492 4193 2510 4194 2492 4194 2500 4194 2504 4195 2498 4195 2485 4195 2505 4196 2503 4196 2482 4196 2506 4197 2500 4197 2494 4197 2511 4198 2496 4198 2502 4198 2509 4199 2499 4199 2512 4199 2513 4200 2498 4200 2504 4200 2514 4201 2500 4201 2506 4201 2515 4202 2504 4202 2495 4202 2515 4203 2495 4203 2507 4203 2516 4204 2496 4204 2511 4204 2516 4205 2505 4205 2496 4205 2517 4206 2506 4206 2494 4206 2517 4207 2494 4207 2508 4207 2518 4208 2497 4208 2509 4208 2518 4209 2507 4209 2497 4209 2518 4210 2509 4210 2512 4210 2511 4211 2502 4211 2510 4211 2513 4212 2508 4212 2498 4212 2514 4213 2510 4213 2500 4213 2517 4214 2514 4214 2506 4214 2518 4215 2512 4215 2519 4215 2521 4216 2517 4216 2508 4216 2521 4217 2508 4217 2513 4217 2522 4218 2501 4218 2503 4218 2523 4219 2510 4219 2514 4219 2513 4220 2504 4220 2515 4220 2524 4221 2505 4221 2516 4221 2524 4222 2503 4222 2505 4222 2525 4223 2514 4223 2517 4223 2526 4224 2515 4224 2507 4224 2526 4225 2507 4225 2518 4225 2526 4226 2519 4226 2527 4226 2526 4227 2518 4227 2519 4227 2520 4228 2516 4228 2511 4228 2528 4229 237 4229 238 4229 2528 4230 2501 4230 2522 4230 2528 4231 238 4231 2501 4231 2523 4232 2511 4232 2510 4232 2522 4233 2503 4233 2524 4233 2524 4234 2516 4234 2520 4234 2530 4235 2511 4235 2523 4235 2530 4236 2520 4236 2511 4236 2529 4237 2521 4237 2513 4237 2531 4238 2523 4238 2514 4238 2531 4239 2514 4239 2525 4239 2532 4240 2515 4240 2526 4240 2532 4241 2526 4241 2527 4241 2532 4242 2513 4242 2515 4242 2534 4243 2517 4243 2521 4243 2534 4244 2525 4244 2517 4244 2535 4245 2520 4245 2530 4245 2536 4246 2521 4246 2529 4246 2532 4247 2529 4247 2513 4247 2532 4248 2527 4248 2537 4248 2533 4249 2522 4249 2524 4249 2538 4250 2531 4250 2525 4250 2538 4251 2525 4251 2534 4251 2535 4252 2524 4252 2520 4252 2536 4253 2534 4253 2521 4253 2530 4254 2523 4254 2531 4254 2539 4255 2529 4255 2532 4255 2539 4256 2532 4256 2537 4256 2540 4257 2528 4257 2522 4257 2540 4258 2522 4258 2533 4258 2533 4259 2524 4259 2535 4259 2541 4260 2534 4260 2536 4260 2542 4261 2535 4261 2530 4261 2539 4262 2537 4262 2543 4262 2539 4263 2536 4263 2529 4263 2540 4264 237 4264 2528 4264 2540 4265 236 4265 237 4265 2544 4266 2530 4266 2531 4266 2544 4267 2531 4267 2538 4267 2541 4268 2538 4268 2534 4268 2542 4269 2533 4269 2535 4269 2545 4270 2539 4270 2543 4270 2545 4271 2536 4271 2539 4271 2546 4272 2540 4272 2533 4272 2547 4273 2538 4273 2541 4273 2548 4274 2533 4274 2542 4274 2545 4275 2543 4275 2549 4275 2545 4276 2541 4276 2536 4276 2550 4277 2530 4277 2544 4277 2550 4278 2542 4278 2530 4278 2540 4279 235 4279 236 4279 2547 4280 2544 4280 2538 4280 2551 4281 2541 4281 2545 4281 2551 4282 2545 4282 2549 4282 2551 4283 2549 4283 2552 4283 2553 4284 2550 4284 2544 4284 2553 4285 2544 4285 2547 4285 2546 4286 2533 4286 2548 4286 2551 4287 2547 4287 2541 4287 2548 4288 2542 4288 2550 4288 2554 4289 2550 4289 2553 4289 2546 4290 235 4290 2540 4290 2553 4291 2547 4291 2551 4291 2553 4292 2551 4292 2552 4292 2554 4293 2548 4293 2550 4293 2553 4294 2552 4294 2556 4294 2555 4295 2546 4295 2548 4295 2557 4296 2548 4296 2554 4296 2554 4297 2553 4297 2556 4297 2558 4298 234 4298 235 4298 2558 4299 235 4299 2546 4299 2558 4300 2546 4300 2555 4300 2557 4301 2555 4301 2548 4301 2559 4302 2555 4302 2557 4302 2557 4303 2554 4303 2556 4303 2557 4304 2556 4304 2560 4304 2558 4305 2555 4305 2559 4305 2558 4306 233 4306 234 4306 2559 4307 2557 4307 2560 4307 2559 4308 2560 4308 1804 4308 2559 4309 233 4309 2558 4309 2559 4310 1804 4310 233 4310 2616 4481 269 4481 232 4481 1674 4482 1683 4482 2617 4482 2618 4483 1653 4483 2617 4483 1620 4484 1653 4484 2618 4484 1606 4485 1620 4485 2618 4485 2619 4486 1606 4486 2618 4486 1571 4487 1606 4487 2619 4487 1546 4488 2619 4488 2620 4488 2623 4489 1476 4489 2622 4489 2624 4490 1441 4490 2623 4490 2625 4491 2624 4491 2626 4491 2627 4492 1358 4492 2626 4492 1319 4493 2627 4493 2628 4493 1285 4494 2628 4494 2629 4494 2630 4495 1248 4495 2629 4495 1185 4496 2631 4496 2632 4496 1138 4497 2632 4497 2633 4497 2634 4498 1092 4498 2633 4498 1051 4499 2634 4499 2635 4499 1003 4500 2636 4500 231 4500 272 4501 274 4501 342 4501 343 4502 272 4502 342 4502 343 4503 2637 4503 272 4503 2637 4504 343 4504 345 4504 2637 4505 345 4505 346 4505 2638 4506 2637 4506 346 4506 2640 4512 2641 4512 2639 4512 2642 4515 2641 4515 353 4515 355 4516 2642 4516 353 4516 2647 4526 2648 4526 2645 4526 2647 4527 2645 4527 362 4527 364 4528 2647 4528 362 4528 2648 4529 2647 4529 364 4529 366 4530 2648 4530 364 4530 2649 4531 2648 4531 366 4531 368 4532 2649 4532 366 4532 2649 4533 368 4533 370 4533 2650 4534 2649 4534 370 4534 2650 4535 370 4535 371 4535 2651 4536 2650 4536 371 4536 2651 4537 371 4537 373 4537 2651 4538 373 4538 375 4538 2652 4539 2651 4539 375 4539 2652 4540 375 4540 377 4540 2653 4541 2652 4541 377 4541 2653 4542 377 4542 378 4542 380 4543 2653 4543 378 4543 2654 4544 2653 4544 380 4544 2654 4545 380 4545 382 4545 2655 4546 382 4546 384 4546 2655 4547 2654 4547 382 4547 2655 4548 384 4548 386 4548 2657 4553 389 4553 390 4553 2658 4554 2657 4554 390 4554 396 4558 2659 4558 394 4558 397 4559 2659 4559 396 4559 2661 4562 398 4562 400 4562 2661 4564 400 4564 271 4564 2661 4565 271 4565 275 4565 2749 4876 917 4876 2750 4876 1822 4877 2751 4877 2752 4877 1854 4878 2752 4878 2753 4878 1898 4879 2753 4879 2754 4879 1923 4880 1898 4880 2754 4880 2755 4881 1923 4881 2754 4881 2755 4882 2754 4882 2756 4882 1961 4883 2755 4883 2756 4883 1997 4884 2756 4884 2757 4884 2019 4885 1997 4885 2757 4885 2758 4886 2019 4886 2757 4886 2032 4887 2019 4887 2758 4887 2761 4888 2127 4888 2760 4888 2763 4889 2187 4889 2762 4889 2764 4890 2763 4890 2765 4890 2247 4891 2764 4891 2765 4891 2296 4892 2765 4892 2766 4892 2768 4893 2767 4893 2769 4893 2368 4894 2768 4894 2769 4894 2406 4895 2769 4895 2770 4895 2771 4896 2452 4896 2770 4896 2803 4975 1803 4975 1720 4975 2803 4977 1720 4977 2804 4977 2806 4980 2803 4980 2804 4980 2811 4985 2809 4985 2810 4985 2812 4986 2811 4986 2810 4986 2812 4987 2810 4987 2808 4987 2813 4988 2811 4988 2812 4988 2813 4990 2812 4990 2814 4990 2816 4992 2813 4992 2814 4992 2818 4994 2813 4994 2816 4994 2819 4995 2816 4995 2817 4995 2819 4996 2818 4996 2816 4996 2820 4997 2819 4997 2821 4997 2820 4998 2822 4998 2818 4998 2820 4999 2818 4999 2819 4999 2823 5000 2820 5000 2821 5000 2823 5001 2822 5001 2820 5001 2824 5002 2822 5002 2823 5002 2825 5003 2824 5003 2823 5003 2826 5004 2824 5004 2825 5004 2829 5006 2826 5006 2827 5006 2830 5007 2829 5007 2827 5007 2830 5008 2827 5008 2828 5008 2830 5009 2828 5009 2831 5009 2830 5010 2832 5010 2829 5010 2833 5011 2830 5011 2831 5011 2832 5012 2830 5012 2833 5012 2835 5013 2833 5013 2831 5013 2835 5014 2832 5014 2833 5014 2835 5015 2831 5015 2836 5015 2835 5016 2834 5016 2832 5016 2837 5017 2835 5017 2836 5017 2839 5019 2834 5019 2835 5019 2839 5020 2835 5020 2837 5020 2839 5022 2840 5022 2834 5022 2840 5024 2839 5024 2841 5024 2843 5025 2841 5025 2842 5025 2840 5026 2841 5026 2843 5026 2844 5027 2840 5027 2843 5027 2845 5028 2843 5028 2842 5028 2844 5029 2843 5029 2845 5029 2854 5043 2852 5043 2855 5043 2857 5044 2855 5044 2856 5044 2875 5067 2872 5067 2871 5067 2879 5073 2878 5073 2880 5073 2881 5075 2878 5075 2879 5075 2882 5076 2879 5076 2880 5076 2882 5078 2881 5078 2879 5078 2882 5080 1719 5080 2881 5080 2619 5097 2822 5097 2620 5097 2822 5098 2824 5098 2620 5098 2619 5099 2818 5099 2822 5099 2618 5100 2818 5100 2619 5100 2620 5101 2826 5101 2621 5101 2824 5102 2826 5102 2620 5102 2618 5103 2813 5103 2818 5103 2621 5104 2829 5104 2622 5104 2826 5105 2829 5105 2621 5105 2618 5106 2811 5106 2813 5106 2622 5107 2829 5107 2623 5107 2617 5108 2811 5108 2618 5108 2829 5109 2832 5109 2623 5109 2617 5110 2809 5110 2811 5110 1683 5111 2809 5111 2617 5111 2832 5112 2834 5112 2623 5112 2623 5113 2834 5113 2624 5113 1683 5114 2806 5114 2809 5114 2616 5115 2806 5115 1683 5115 2624 5116 2834 5116 2626 5116 2616 5117 2803 5117 2806 5117 2834 5118 2840 5118 2626 5118 232 5119 2803 5119 2616 5119 232 5120 1803 5120 2803 5120 2626 5121 2844 5121 2627 5121 2840 5122 2844 5122 2626 5122 268 5123 1800 5123 232 5123 232 5124 1800 5124 1803 5124 2627 5125 2844 5125 2628 5125 265 5126 1800 5126 268 5126 2844 5127 2848 5127 2628 5127 265 5128 1795 5128 1800 5128 2848 5129 2849 5129 2628 5129 2628 5130 2849 5130 2629 5130 265 5131 1791 5131 1795 5131 265 5132 263 5132 1791 5132 2629 5133 2854 5133 2630 5133 2849 5134 2854 5134 2629 5134 263 5135 1785 5135 1791 5135 2630 5136 2858 5136 2631 5136 2854 5137 2858 5137 2630 5137 263 5138 261 5138 1785 5138 2631 5139 2861 5139 2632 5139 2858 5140 2861 5140 2631 5140 261 5141 260 5141 1785 5141 1785 5142 260 5142 1781 5142 2861 5143 2864 5143 2632 5143 260 5144 259 5144 1781 5144 2864 5145 2867 5145 2632 5145 2867 5146 2633 5146 2632 5146 259 5147 257 5147 1781 5147 1781 5148 257 5148 1777 5148 2867 5149 2872 5149 2633 5149 1777 5150 257 5150 1774 5150 2872 5151 2634 5151 2633 5151 257 5152 252 5152 1774 5152 2872 5153 2635 5153 2634 5153 2877 5154 2635 5154 2872 5154 1774 5155 252 5155 1772 5155 1772 5156 252 5156 1769 5156 2881 5157 2635 5157 2877 5157 1769 5158 252 5158 1767 5158 2881 5159 2636 5159 2635 5159 252 5160 251 5160 1767 5160 1719 5161 2636 5161 2881 5161 1767 5162 251 5162 1763 5162 251 5163 250 5163 1763 5163 1719 5164 231 5164 2636 5164 1725 5165 231 5165 1719 5165 1725 5166 234 5166 231 5166 1763 5167 250 5167 1760 5167 1727 5168 234 5168 1725 5168 250 5169 248 5169 1760 5169 1729 5170 234 5170 1727 5170 1729 5171 236 5171 234 5171 1760 5172 248 5172 1757 5172 1734 5173 236 5173 1729 5173 248 5174 246 5174 1757 5174 1757 5175 246 5175 1751 5175 1734 5176 238 5176 236 5176 1737 5177 238 5177 1734 5177 246 5178 244 5178 1751 5178 1751 5179 244 5179 1748 5179 1737 5180 239 5180 238 5180 1740 5181 239 5181 1737 5181 1740 5182 241 5182 239 5182 244 5183 242 5183 1748 5183 1748 5184 242 5184 1745 5184 1743 5185 241 5185 1740 5185 1743 5186 242 5186 241 5186 1745 5187 242 5187 1743 5187 2641 5188 2642 5188 2895 5188 2896 5189 2641 5189 2895 5189 2896 5190 2639 5190 2641 5190 2642 5191 2643 5191 2895 5191 2897 5192 2639 5192 2896 5192 2895 5193 2643 5193 2898 5193 2899 5194 2639 5194 2897 5194 2643 5195 2645 5195 2898 5195 2899 5196 2638 5196 2639 5196 2899 5197 2637 5197 2638 5197 2900 5198 2637 5198 2899 5198 2898 5199 2645 5199 2901 5199 2645 5200 2648 5200 2901 5200 2902 5201 272 5201 2900 5201 2900 5202 272 5202 2637 5202 2901 5203 2649 5203 2903 5203 2648 5204 2649 5204 2901 5204 915 5205 272 5205 2902 5205 2649 5206 2650 5206 2903 5206 915 5207 273 5207 272 5207 2903 5208 2650 5208 2904 5208 2771 5209 273 5209 915 5209 2650 5210 2651 5210 2904 5210 2771 5211 337 5211 273 5211 2651 5212 2652 5212 2904 5212 2771 5213 336 5213 337 5213 2770 5214 336 5214 2771 5214 2904 5215 2652 5215 1309 5215 2770 5216 333 5216 336 5216 2769 5217 333 5217 2770 5217 2652 5218 2653 5218 1309 5218 2653 5219 2905 5219 1309 5219 2769 5220 331 5220 333 5220 2653 5221 2654 5221 2905 5221 2654 5222 2906 5222 2905 5222 2769 5223 328 5223 331 5223 2767 5224 328 5224 2769 5224 2654 5225 2907 5225 2906 5225 2654 5226 2655 5226 2907 5226 2767 5227 325 5227 328 5227 2766 5228 323 5228 2767 5228 2767 5229 323 5229 325 5229 2655 5230 2908 5230 2907 5230 2656 5231 2908 5231 2655 5231 2657 5232 2908 5232 2656 5232 2766 5233 2765 5233 323 5233 2657 5234 2909 5234 2908 5234 2765 5235 320 5235 323 5235 2765 5236 317 5236 320 5236 2657 5237 2910 5237 2909 5237 2658 5238 2910 5238 2657 5238 2765 5239 2763 5239 317 5239 2763 5240 314 5240 317 5240 2659 5241 2910 5241 2658 5241 2659 5242 1549 5242 2910 5242 314 5243 2762 5243 310 5243 2763 5244 2762 5244 314 5244 2660 5245 1549 5245 2659 5245 2762 5246 2761 5246 310 5246 2660 5247 2911 5247 1549 5247 310 5248 2761 5248 308 5248 2661 5249 2911 5249 2660 5249 2661 5250 2750 5250 2911 5250 275 5251 2750 5251 2661 5251 308 5252 2761 5252 306 5252 2761 5253 2760 5253 306 5253 275 5254 2749 5254 2750 5254 306 5255 2760 5255 302 5255 276 5256 2749 5256 275 5256 2760 5257 2759 5257 302 5257 276 5258 2751 5258 2749 5258 2759 5259 2758 5259 302 5259 302 5260 2758 5260 299 5260 280 5261 2752 5261 276 5261 276 5262 2752 5262 2751 5262 2758 5263 2757 5263 299 5263 284 5264 2752 5264 280 5264 284 5265 2753 5265 2752 5265 299 5266 2757 5266 295 5266 295 5267 2757 5267 293 5267 2757 5268 2756 5268 293 5268 287 5269 2753 5269 284 5269 287 5270 2754 5270 2753 5270 289 5271 2754 5271 287 5271 2756 5272 2754 5272 293 5272 293 5273 2754 5273 290 5273 290 5274 2754 5274 289 5274 1761 5277 1759 5277 1762 5277 1770 5279 1776 5279 1773 5279 1744 5284 1742 5284 1747 5284 1736 5294 1731 5294 1739 5294 1728 5299 1724 5299 1731 5299 1726 5300 1724 5300 1728 5300 2804 5304 2808 5304 2805 5304 2817 5317 2821 5317 2819 5317 2827 5325 2831 5325 2828 5325 921 5554 914 5554 915 5554 921 5555 915 5555 2902 5555 2899 5556 950 5556 2900 5556 980 5557 2899 5557 2897 5557 1018 5558 2897 5558 2896 5558 1055 5559 2896 5559 2895 5559 1069 5560 1055 5560 2895 5560 2968 5561 1069 5561 2895 5561 2968 5562 2895 5562 2898 5562 1154 5563 2898 5563 2969 5563 2969 5564 2898 5564 2901 5564 1212 5565 2901 5565 2903 5565 1226 5566 1212 5566 2903 5566 1336 5567 1309 5567 2905 5567 1394 5568 2906 5568 2907 5568 1479 5569 2909 5569 2910 5569 1526 5570 2910 5570 1549 5570 1560 5571 1549 5571 2911 5571</p>
        </triangles>
      </mesh>
    </geometry>
  </library_geometries>
  <library_visual_scenes>
    <visual_scene id="Scene" name="Scene">
      <node id="B2W_ES_ASM" name="B2W_ES_ASM" type="NODE">
        <matrix sid="transform">1 0 0 0 0 1 0 0 0 0 1 0 0 0 0 1</matrix>
        <instance_geometry url="#B2W_ES_ASM-mesh" name="B2W_ES_ASM">
          <bind_material>
            <technique_common>
              <instance_material symbol="Material_001-material" target="#Material_001-material"/>
              <instance_material symbol="Material_002-material" target="#Material_002-material"/>
            </technique_common>
          </bind_material>
        </instance_geometry>
      </node>
    </visual_scene>
  </library_visual_scenes>
  <scene>
    <instance_visual_scene url="#Scene"/>
  </scene>
</COLLADA>