[-1790158809404445440.000s] DEBUG:colcon:Command line arguments: ['/usr/bin/colcon', 'list', '-p', '--base-paths', '/home/ruiyang/Unitree_B2_MybotShop_Software-main']
[-1790158809404445440.000s] DEBUG:colcon:Parsed command line arguments: Namespace(log_base=None, log_level=None, verb_name='list', build_base='build', ignore_user_meta=False, metas=['./colcon.meta'], base_paths=['/home/ruiyang/Unitree_B2_MybotShop_Software-main'], packages_ignore=None, packages_ignore_regex=None, paths=None, packages_up_to=None, packages_up_to_regex=None, packages_above=None, packages_above_and_dependencies=None, packages_above_depth=None, packages_select_by_dep=None, packages_skip_by_dep=None, packages_skip_up_to=None, packages_select_build_failed=False, packages_skip_build_finished=False, packages_select_test_failures=False, packages_skip_test_passed=False, packages_select=None, packages_skip=None, packages_select_regex=None, packages_skip_regex=None, packages_start=None, packages_end=None, allow_overriding=[], topological_order=False, names_only=False, paths_only=True, topological_graph=False, topological_graph_dot=False, topological_graph_density=False, topological_graph_legend=False, topological_graph_dot_cluster=False, topological_graph_dot_include_skipped=False, mixin_files=None, mixin=None, verb_parser=<colcon_mixin.mixin.mixin_argument.MixinArgumentDecorator object at 0x766c622bf680>, verb_extension=<colcon_package_information.verb.list.ListVerb object at 0x766c622cfcb0>, main=<bound method ListVerb.main of <colcon_package_information.verb.list.ListVerb object at 0x766c622cfcb0>>, mixin_verb=('list',))
[-1790158809404445440.000s] Level 1:colcon.colcon_core.package_discovery:discover_packages(colcon_meta) check parameters
[-1790158809404445440.000s] Level 1:colcon.colcon_core.package_discovery:discover_packages(recursive) check parameters
[-1790158809404445440.000s] Level 1:colcon.colcon_core.package_discovery:discover_packages(ignore) check parameters
[-1790158809404445440.000s] Level 1:colcon.colcon_core.package_discovery:discover_packages(path) check parameters
[-1790158809404445440.000s] Level 1:colcon.colcon_core.package_discovery:discover_packages(recursive) discover
[-1790158809404445440.000s] INFO:colcon.colcon_core.package_discovery:Crawling recursively for packages in '/home/ruiyang/Unitree_B2_MybotShop_Software-main'
[-1790158809404445440.000s] Level 1:colcon.colcon_core.package_identification:_identify(/home/ruiyang/Unitree_B2_MybotShop_Software-main) by extensions ['ignore', 'ignore_ament_install']
[-1790158809404445440.000s] Level 1:colcon.colcon_core.package_identification:_identify(/home/ruiyang/Unitree_B2_MybotShop_Software-main) by extension 'ignore'
[-1790158809404445440.000s] Level 1:colcon.colcon_core.package_identification:_identify(/home/ruiyang/Unitree_B2_MybotShop_Software-main) by extension 'ignore_ament_install'
[-1790158809404445440.000s] Level 1:colcon.colcon_core.package_identification:_identify(/home/ruiyang/Unitree_B2_MybotShop_Software-main) by extensions ['colcon_pkg']
[-1790158809404445440.000s] Level 1:colcon.colcon_core.package_identification:_identify(/home/ruiyang/Unitree_B2_MybotShop_Software-main) by extension 'colcon_pkg'
[-1790158809404445440.000s] Level 1:colcon.colcon_core.package_identification:_identify(/home/ruiyang/Unitree_B2_MybotShop_Software-main) by extensions ['colcon_meta']
[-1790158809404445440.000s] Level 1:colcon.colcon_core.package_identification:_identify(/home/ruiyang/Unitree_B2_MybotShop_Software-main) by extension 'colcon_meta'
[-1790158809404445440.000s] Level 1:colcon.colcon_core.package_identification:_identify(/home/ruiyang/Unitree_B2_MybotShop_Software-main) by extensions ['ros']
[-1790158809404445440.000s] Level 1:colcon.colcon_core.package_identification:_identify(/home/ruiyang/Unitree_B2_MybotShop_Software-main) by extension 'ros'
[-1790158809404445440.000s] Level 1:colcon.colcon_core.package_identification:_identify(/home/ruiyang/Unitree_B2_MybotShop_Software-main) by extensions ['cmake', 'python']
[-1790158809404445440.000s] Level 1:colcon.colcon_core.package_identification:_identify(/home/ruiyang/Unitree_B2_MybotShop_Software-main) by extension 'cmake'
[-1790158809404445440.000s] Level 1:colcon.colcon_core.package_identification:_identify(/home/ruiyang/Unitree_B2_MybotShop_Software-main) by extension 'python'
[-1790158809404445440.000s] Level 1:colcon.colcon_core.package_identification:_identify(/home/ruiyang/Unitree_B2_MybotShop_Software-main) by extensions ['python_setup_py']
[-1790158809404445440.000s] Level 1:colcon.colcon_core.package_identification:_identify(/home/ruiyang/Unitree_B2_MybotShop_Software-main) by extension 'python_setup_py'
[-1790158809404445440.000s] Level 1:colcon.colcon_core.package_identification:_identify(/home/ruiyang/Unitree_B2_MybotShop_Software-main/assets) by extensions ['ignore', 'ignore_ament_install']
[-1790158809404445440.000s] Level 1:colcon.colcon_core.package_identification:_identify(/home/ruiyang/Unitree_B2_MybotShop_Software-main/assets) by extension 'ignore'
[-1790158809404445440.000s] Level 1:colcon.colcon_core.package_identification:_identify(/home/ruiyang/Unitree_B2_MybotShop_Software-main/assets) by extension 'ignore_ament_install'
[-1790158809404445440.000s] Level 1:colcon.colcon_core.package_identification:_identify(/home/ruiyang/Unitree_B2_MybotShop_Software-main/assets) by extensions ['colcon_pkg']
[-1790158809404445440.000s] Level 1:colcon.colcon_core.package_identification:_identify(/home/ruiyang/Unitree_B2_MybotShop_Software-main/assets) by extension 'colcon_pkg'
[-1790158809404445440.000s] Level 1:colcon.colcon_core.package_identification:_identify(/home/ruiyang/Unitree_B2_MybotShop_Software-main/assets) by extensions ['colcon_meta']
[-1790158809404445440.000s] Level 1:colcon.colcon_core.package_identification:_identify(/home/ruiyang/Unitree_B2_MybotShop_Software-main/assets) by extension 'colcon_meta'
[-1790158809404445440.000s] Level 1:colcon.colcon_core.package_identification:_identify(/home/ruiyang/Unitree_B2_MybotShop_Software-main/assets) by extensions ['ros']
[-1790158809404445440.000s] Level 1:colcon.colcon_core.package_identification:_identify(/home/ruiyang/Unitree_B2_MybotShop_Software-main/assets) by extension 'ros'
[-1790158809404445440.000s] Level 1:colcon.colcon_core.package_identification:_identify(/home/ruiyang/Unitree_B2_MybotShop_Software-main/assets) by extensions ['cmake', 'python']
[-1790158809404445440.000s] Level 1:colcon.colcon_core.package_identification:_identify(/home/ruiyang/Unitree_B2_MybotShop_Software-main/assets) by extension 'cmake'
[-1790158809404445440.000s] Level 1:colcon.colcon_core.package_identification:_identify(/home/ruiyang/Unitree_B2_MybotShop_Software-main/assets) by extension 'python'
[-1790158809404445440.000s] Level 1:colcon.colcon_core.package_identification:_identify(/home/ruiyang/Unitree_B2_MybotShop_Software-main/assets) by extensions ['python_setup_py']
[-1790158809404445440.000s] Level 1:colcon.colcon_core.package_identification:_identify(/home/ruiyang/Unitree_B2_MybotShop_Software-main/assets) by extension 'python_setup_py'
[-1790158809404445440.000s] Level 1:colcon.colcon_core.package_identification:_identify(/home/ruiyang/Unitree_B2_MybotShop_Software-main/log) by extensions ['ignore', 'ignore_ament_install']
[-1790158809404445440.000s] Level 1:colcon.colcon_core.package_identification:_identify(/home/ruiyang/Unitree_B2_MybotShop_Software-main/log) by extension 'ignore'
[-1790158809404445440.000s] Level 1:colcon.colcon_core.package_identification:_identify(/home/ruiyang/Unitree_B2_MybotShop_Software-main/log) ignored
[-1790158809404445440.000s] Level 1:colcon.colcon_core.package_identification:_identify(/home/ruiyang/Unitree_B2_MybotShop_Software-main/src) by extensions ['ignore', 'ignore_ament_install']
[-1790158809404445440.000s] Level 1:colcon.colcon_core.package_identification:_identify(/home/ruiyang/Unitree_B2_MybotShop_Software-main/src) by extension 'ignore'
[-1790158809404445440.000s] Level 1:colcon.colcon_core.package_identification:_identify(/home/ruiyang/Unitree_B2_MybotShop_Software-main/src) by extension 'ignore_ament_install'
[-1790158809404445440.000s] Level 1:colcon.colcon_core.package_identification:_identify(/home/ruiyang/Unitree_B2_MybotShop_Software-main/src) by extensions ['colcon_pkg']
[-1790158809404445440.000s] Level 1:colcon.colcon_core.package_identification:_identify(/home/ruiyang/Unitree_B2_MybotShop_Software-main/src) by extension 'colcon_pkg'
[-1790158809404445440.000s] Level 1:colcon.colcon_core.package_identification:_identify(/home/ruiyang/Unitree_B2_MybotShop_Software-main/src) by extensions ['colcon_meta']
[-1790158809404445440.000s] Level 1:colcon.colcon_core.package_identification:_identify(/home/ruiyang/Unitree_B2_MybotShop_Software-main/src) by extension 'colcon_meta'
[-1790158809404445440.000s] Level 1:colcon.colcon_core.package_identification:_identify(/home/ruiyang/Unitree_B2_MybotShop_Software-main/src) by extensions ['ros']
[-1790158809404445440.000s] Level 1:colcon.colcon_core.package_identification:_identify(/home/ruiyang/Unitree_B2_MybotShop_Software-main/src) by extension 'ros'
[-1790158809404445440.000s] Level 1:colcon.colcon_core.package_identification:_identify(/home/ruiyang/Unitree_B2_MybotShop_Software-main/src) by extensions ['cmake', 'python']
[-1790158809404445440.000s] Level 1:colcon.colcon_core.package_identification:_identify(/home/ruiyang/Unitree_B2_MybotShop_Software-main/src) by extension 'cmake'
[-1790158809404445440.000s] Level 1:colcon.colcon_core.package_identification:_identify(/home/ruiyang/Unitree_B2_MybotShop_Software-main/src) by extension 'python'
[-1790158809404445440.000s] Level 1:colcon.colcon_core.package_identification:_identify(/home/ruiyang/Unitree_B2_MybotShop_Software-main/src) by extensions ['python_setup_py']
[-1790158809404445440.000s] Level 1:colcon.colcon_core.package_identification:_identify(/home/ruiyang/Unitree_B2_MybotShop_Software-main/src) by extension 'python_setup_py'
[-1790158809404445440.000s] Level 1:colcon.colcon_core.package_identification:_identify(/home/ruiyang/Unitree_B2_MybotShop_Software-main/src/mybotshop) by extensions ['ignore', 'ignore_ament_install']
[-1790158809404445440.000s] Level 1:colcon.colcon_core.package_identification:_identify(/home/ruiyang/Unitree_B2_MybotShop_Software-main/src/mybotshop) by extension 'ignore'
[-1790158809404445440.000s] Level 1:colcon.colcon_core.package_identification:_identify(/home/ruiyang/Unitree_B2_MybotShop_Software-main/src/mybotshop) by extension 'ignore_ament_install'
[-1790158809404445440.000s] Level 1:colcon.colcon_core.package_identification:_identify(/home/ruiyang/Unitree_B2_MybotShop_Software-main/src/mybotshop) by extensions ['colcon_pkg']
[-1790158809404445440.000s] Level 1:colcon.colcon_core.package_identification:_identify(/home/ruiyang/Unitree_B2_MybotShop_Software-main/src/mybotshop) by extension 'colcon_pkg'
[-1790158809404445440.000s] Level 1:colcon.colcon_core.package_identification:_identify(/home/ruiyang/Unitree_B2_MybotShop_Software-main/src/mybotshop) by extensions ['colcon_meta']
[-1790158809404445440.000s] Level 1:colcon.colcon_core.package_identification:_identify(/home/ruiyang/Unitree_B2_MybotShop_Software-main/src/mybotshop) by extension 'colcon_meta'
[-1790158809404445440.000s] Level 1:colcon.colcon_core.package_identification:_identify(/home/ruiyang/Unitree_B2_MybotShop_Software-main/src/mybotshop) by extensions ['ros']
[-1790158809404445440.000s] Level 1:colcon.colcon_core.package_identification:_identify(/home/ruiyang/Unitree_B2_MybotShop_Software-main/src/mybotshop) by extension 'ros'
[-1790158809404445440.000s] Level 1:colcon.colcon_core.package_identification:_identify(/home/ruiyang/Unitree_B2_MybotShop_Software-main/src/mybotshop) by extensions ['cmake', 'python']
[-1790158809404445440.000s] Level 1:colcon.colcon_core.package_identification:_identify(/home/ruiyang/Unitree_B2_MybotShop_Software-main/src/mybotshop) by extension 'cmake'
[-1790158809404445440.000s] Level 1:colcon.colcon_core.package_identification:_identify(/home/ruiyang/Unitree_B2_MybotShop_Software-main/src/mybotshop) by extension 'python'
[-1790158809404445440.000s] Level 1:colcon.colcon_core.package_identification:_identify(/home/ruiyang/Unitree_B2_MybotShop_Software-main/src/mybotshop) by extensions ['python_setup_py']
[-1790158809404445440.000s] Level 1:colcon.colcon_core.package_identification:_identify(/home/ruiyang/Unitree_B2_MybotShop_Software-main/src/mybotshop) by extension 'python_setup_py'
[-1790158809404445440.000s] Level 1:colcon.colcon_core.package_identification:_identify(/home/ruiyang/Unitree_B2_MybotShop_Software-main/src/mybotshop/b2_bringup) by extensions ['ignore', 'ignore_ament_install']
[-1790158809404445440.000s] Level 1:colcon.colcon_core.package_identification:_identify(/home/ruiyang/Unitree_B2_MybotShop_Software-main/src/mybotshop/b2_bringup) by extension 'ignore'
[-1790158809404445440.000s] Level 1:colcon.colcon_core.package_identification:_identify(/home/ruiyang/Unitree_B2_MybotShop_Software-main/src/mybotshop/b2_bringup) by extension 'ignore_ament_install'
[-1790158809404445440.000s] Level 1:colcon.colcon_core.package_identification:_identify(/home/ruiyang/Unitree_B2_MybotShop_Software-main/src/mybotshop/b2_bringup) by extensions ['colcon_pkg']
[-1790158809404445440.000s] Level 1:colcon.colcon_core.package_identification:_identify(/home/ruiyang/Unitree_B2_MybotShop_Software-main/src/mybotshop/b2_bringup) by extension 'colcon_pkg'
[-1790158809404445440.000s] Level 1:colcon.colcon_core.package_identification:_identify(/home/ruiyang/Unitree_B2_MybotShop_Software-main/src/mybotshop/b2_bringup) by extensions ['colcon_meta']
[-1790158809404445440.000s] Level 1:colcon.colcon_core.package_identification:_identify(/home/ruiyang/Unitree_B2_MybotShop_Software-main/src/mybotshop/b2_bringup) by extension 'colcon_meta'
[-1790158809404445440.000s] Level 1:colcon.colcon_core.package_identification:_identify(/home/ruiyang/Unitree_B2_MybotShop_Software-main/src/mybotshop/b2_bringup) by extensions ['ros']
[-1790158809404445440.000s] Level 1:colcon.colcon_core.package_identification:_identify(/home/ruiyang/Unitree_B2_MybotShop_Software-main/src/mybotshop/b2_bringup) by extension 'ros'
[-1790158809404445440.000s] DEBUG:colcon.colcon_core.package_identification:Package '/home/ruiyang/Unitree_B2_MybotShop_Software-main/src/mybotshop/b2_bringup' with type 'ros.ament_cmake' and name 'b2_bringup'
[-1790158809404445440.000s] Level 1:colcon.colcon_core.package_identification:_identify(/home/ruiyang/Unitree_B2_MybotShop_Software-main/src/mybotshop/b2_control) by extensions ['ignore', 'ignore_ament_install']
[-1790158809404445440.000s] Level 1:colcon.colcon_core.package_identification:_identify(/home/ruiyang/Unitree_B2_MybotShop_Software-main/src/mybotshop/b2_control) by extension 'ignore'
[-1790158809404445440.000s] Level 1:colcon.colcon_core.package_identification:_identify(/home/ruiyang/Unitree_B2_MybotShop_Software-main/src/mybotshop/b2_control) by extension 'ignore_ament_install'
[-1790158809404445440.000s] Level 1:colcon.colcon_core.package_identification:_identify(/home/ruiyang/Unitree_B2_MybotShop_Software-main/src/mybotshop/b2_control) by extensions ['colcon_pkg']
[-1790158809404445440.000s] Level 1:colcon.colcon_core.package_identification:_identify(/home/ruiyang/Unitree_B2_MybotShop_Software-main/src/mybotshop/b2_control) by extension 'colcon_pkg'
[-1790158809404445440.000s] Level 1:colcon.colcon_core.package_identification:_identify(/home/ruiyang/Unitree_B2_MybotShop_Software-main/src/mybotshop/b2_control) by extensions ['colcon_meta']
[-1790158809404445440.000s] Level 1:colcon.colcon_core.package_identification:_identify(/home/ruiyang/Unitree_B2_MybotShop_Software-main/src/mybotshop/b2_control) by extension 'colcon_meta'
[-1790158809404445440.000s] Level 1:colcon.colcon_core.package_identification:_identify(/home/ruiyang/Unitree_B2_MybotShop_Software-main/src/mybotshop/b2_control) by extensions ['ros']
[-1790158809404445440.000s] Level 1:colcon.colcon_core.package_identification:_identify(/home/ruiyang/Unitree_B2_MybotShop_Software-main/src/mybotshop/b2_control) by extension 'ros'
[-1790158809404445440.000s] DEBUG:colcon.colcon_core.package_identification:Package '/home/ruiyang/Unitree_B2_MybotShop_Software-main/src/mybotshop/b2_control' with type 'ros.ament_cmake' and name 'b2_control'
[-1790158809404445440.000s] Level 1:colcon.colcon_core.package_identification:_identify(/home/ruiyang/Unitree_B2_MybotShop_Software-main/src/mybotshop/b2_depth_camera) by extensions ['ignore', 'ignore_ament_install']
[-1790158809404445440.000s] Level 1:colcon.colcon_core.package_identification:_identify(/home/ruiyang/Unitree_B2_MybotShop_Software-main/src/mybotshop/b2_depth_camera) by extension 'ignore'
[-1790158809404445440.000s] Level 1:colcon.colcon_core.package_identification:_identify(/home/ruiyang/Unitree_B2_MybotShop_Software-main/src/mybotshop/b2_depth_camera) by extension 'ignore_ament_install'
[-1790158809404445440.000s] Level 1:colcon.colcon_core.package_identification:_identify(/home/ruiyang/Unitree_B2_MybotShop_Software-main/src/mybotshop/b2_depth_camera) by extensions ['colcon_pkg']
[-1790158809404445440.000s] Level 1:colcon.colcon_core.package_identification:_identify(/home/ruiyang/Unitree_B2_MybotShop_Software-main/src/mybotshop/b2_depth_camera) by extension 'colcon_pkg'
[-1790158809404445440.000s] Level 1:colcon.colcon_core.package_identification:_identify(/home/ruiyang/Unitree_B2_MybotShop_Software-main/src/mybotshop/b2_depth_camera) by extensions ['colcon_meta']
[-1790158809404445440.000s] Level 1:colcon.colcon_core.package_identification:_identify(/home/ruiyang/Unitree_B2_MybotShop_Software-main/src/mybotshop/b2_depth_camera) by extension 'colcon_meta'
[-1790158809404445440.000s] Level 1:colcon.colcon_core.package_identification:_identify(/home/ruiyang/Unitree_B2_MybotShop_Software-main/src/mybotshop/b2_depth_camera) by extensions ['ros']
[-1790158809404445440.000s] Level 1:colcon.colcon_core.package_identification:_identify(/home/ruiyang/Unitree_B2_MybotShop_Software-main/src/mybotshop/b2_depth_camera) by extension 'ros'
[-1790158809404445440.000s] DEBUG:colcon.colcon_core.package_identification:Package '/home/ruiyang/Unitree_B2_MybotShop_Software-main/src/mybotshop/b2_depth_camera' with type 'ros.ament_cmake' and name 'b2_depth_camera'
[-1790158809404445440.000s] Level 1:colcon.colcon_core.package_identification:_identify(/home/ruiyang/Unitree_B2_MybotShop_Software-main/src/mybotshop/b2_description) by extensions ['ignore', 'ignore_ament_install']
[-1790158809404445440.000s] Level 1:colcon.colcon_core.package_identification:_identify(/home/ruiyang/Unitree_B2_MybotShop_Software-main/src/mybotshop/b2_description) by extension 'ignore'
[-1790158809404445440.000s] Level 1:colcon.colcon_core.package_identification:_identify(/home/ruiyang/Unitree_B2_MybotShop_Software-main/src/mybotshop/b2_description) by extension 'ignore_ament_install'
[-1790158809404445440.000s] Level 1:colcon.colcon_core.package_identification:_identify(/home/ruiyang/Unitree_B2_MybotShop_Software-main/src/mybotshop/b2_description) by extensions ['colcon_pkg']
[-1790158809404445440.000s] Level 1:colcon.colcon_core.package_identification:_identify(/home/ruiyang/Unitree_B2_MybotShop_Software-main/src/mybotshop/b2_description) by extension 'colcon_pkg'
[-1790158809404445440.000s] Level 1:colcon.colcon_core.package_identification:_identify(/home/ruiyang/Unitree_B2_MybotShop_Software-main/src/mybotshop/b2_description) by extensions ['colcon_meta']
[-1790158809404445440.000s] Level 1:colcon.colcon_core.package_identification:_identify(/home/ruiyang/Unitree_B2_MybotShop_Software-main/src/mybotshop/b2_description) by extension 'colcon_meta'
[-1790158809404445440.000s] Level 1:colcon.colcon_core.package_identification:_identify(/home/ruiyang/Unitree_B2_MybotShop_Software-main/src/mybotshop/b2_description) by extensions ['ros']
[-1790158809404445440.000s] Level 1:colcon.colcon_core.package_identification:_identify(/home/ruiyang/Unitree_B2_MybotShop_Software-main/src/mybotshop/b2_description) by extension 'ros'
[-1790158809404445440.000s] DEBUG:colcon.colcon_core.package_identification:Package '/home/ruiyang/Unitree_B2_MybotShop_Software-main/src/mybotshop/b2_description' with type 'ros.ament_cmake' and name 'b2_description'
[-1790158809404445440.000s] Level 1:colcon.colcon_core.package_identification:_identify(/home/ruiyang/Unitree_B2_MybotShop_Software-main/src/mybotshop/b2_gazebo) by extensions ['ignore', 'ignore_ament_install']
[-1790158809404445440.000s] Level 1:colcon.colcon_core.package_identification:_identify(/home/ruiyang/Unitree_B2_MybotShop_Software-main/src/mybotshop/b2_gazebo) by extension 'ignore'
[-1790158809404445440.000s] Level 1:colcon.colcon_core.package_identification:_identify(/home/ruiyang/Unitree_B2_MybotShop_Software-main/src/mybotshop/b2_gazebo) by extension 'ignore_ament_install'
[-1790158809404445440.000s] Level 1:colcon.colcon_core.package_identification:_identify(/home/ruiyang/Unitree_B2_MybotShop_Software-main/src/mybotshop/b2_gazebo) by extensions ['colcon_pkg']
[-1790158809404445440.000s] Level 1:colcon.colcon_core.package_identification:_identify(/home/ruiyang/Unitree_B2_MybotShop_Software-main/src/mybotshop/b2_gazebo) by extension 'colcon_pkg'
[-1790158809404445440.000s] Level 1:colcon.colcon_core.package_identification:_identify(/home/ruiyang/Unitree_B2_MybotShop_Software-main/src/mybotshop/b2_gazebo) by extensions ['colcon_meta']
[-1790158809404445440.000s] Level 1:colcon.colcon_core.package_identification:_identify(/home/ruiyang/Unitree_B2_MybotShop_Software-main/src/mybotshop/b2_gazebo) by extension 'colcon_meta'
[-1790158809404445440.000s] Level 1:colcon.colcon_core.package_identification:_identify(/home/ruiyang/Unitree_B2_MybotShop_Software-main/src/mybotshop/b2_gazebo) by extensions ['ros']
[-1790158809404445440.000s] Level 1:colcon.colcon_core.package_identification:_identify(/home/ruiyang/Unitree_B2_MybotShop_Software-main/src/mybotshop/b2_gazebo) by extension 'ros'
[-1790158809404445440.000s] DEBUG:colcon.colcon_core.package_identification:Package '/home/ruiyang/Unitree_B2_MybotShop_Software-main/src/mybotshop/b2_gazebo' with type 'ros.ament_cmake' and name 'b2_gazebo'
[-1790158809404445440.000s] Level 1:colcon.colcon_core.package_identification:_identify(/home/ruiyang/Unitree_B2_MybotShop_Software-main/src/mybotshop/b2_gps) by extensions ['ignore', 'ignore_ament_install']
[-1790158809404445440.000s] Level 1:colcon.colcon_core.package_identification:_identify(/home/ruiyang/Unitree_B2_MybotShop_Software-main/src/mybotshop/b2_gps) by extension 'ignore'
[-1790158809404445440.000s] Level 1:colcon.colcon_core.package_identification:_identify(/home/ruiyang/Unitree_B2_MybotShop_Software-main/src/mybotshop/b2_gps) by extension 'ignore_ament_install'
[-1790158809404445440.000s] Level 1:colcon.colcon_core.package_identification:_identify(/home/ruiyang/Unitree_B2_MybotShop_Software-main/src/mybotshop/b2_gps) by extensions ['colcon_pkg']
[-1790158809404445440.000s] Level 1:colcon.colcon_core.package_identification:_identify(/home/ruiyang/Unitree_B2_MybotShop_Software-main/src/mybotshop/b2_gps) by extension 'colcon_pkg'
[-1790158809404445440.000s] Level 1:colcon.colcon_core.package_identification:_identify(/home/ruiyang/Unitree_B2_MybotShop_Software-main/src/mybotshop/b2_gps) by extensions ['colcon_meta']
[-1790158809404445440.000s] Level 1:colcon.colcon_core.package_identification:_identify(/home/ruiyang/Unitree_B2_MybotShop_Software-main/src/mybotshop/b2_gps) by extension 'colcon_meta'
[-1790158809404445440.000s] Level 1:colcon.colcon_core.package_identification:_identify(/home/ruiyang/Unitree_B2_MybotShop_Software-main/src/mybotshop/b2_gps) by extensions ['ros']
[-1790158809404445440.000s] Level 1:colcon.colcon_core.package_identification:_identify(/home/ruiyang/Unitree_B2_MybotShop_Software-main/src/mybotshop/b2_gps) by extension 'ros'
[-1790158809404445440.000s] DEBUG:colcon.colcon_core.package_identification:Package '/home/ruiyang/Unitree_B2_MybotShop_Software-main/src/mybotshop/b2_gps' with type 'ros.ament_cmake' and name 'b2_gps'
[-1790158809404445440.000s] Level 1:colcon.colcon_core.package_identification:_identify(/home/ruiyang/Unitree_B2_MybotShop_Software-main/src/mybotshop/b2_lidars) by extensions ['ignore', 'ignore_ament_install']
[-1790158809404445440.000s] Level 1:colcon.colcon_core.package_identification:_identify(/home/ruiyang/Unitree_B2_MybotShop_Software-main/src/mybotshop/b2_lidars) by extension 'ignore'
[-1790158809404445440.000s] Level 1:colcon.colcon_core.package_identification:_identify(/home/ruiyang/Unitree_B2_MybotShop_Software-main/src/mybotshop/b2_lidars) by extension 'ignore_ament_install'
[-1790158809404445440.000s] Level 1:colcon.colcon_core.package_identification:_identify(/home/ruiyang/Unitree_B2_MybotShop_Software-main/src/mybotshop/b2_lidars) by extensions ['colcon_pkg']
[-1790158809404445440.000s] Level 1:colcon.colcon_core.package_identification:_identify(/home/ruiyang/Unitree_B2_MybotShop_Software-main/src/mybotshop/b2_lidars) by extension 'colcon_pkg'
[-1790158809404445440.000s] Level 1:colcon.colcon_core.package_identification:_identify(/home/ruiyang/Unitree_B2_MybotShop_Software-main/src/mybotshop/b2_lidars) by extensions ['colcon_meta']
[-1790158809404445440.000s] Level 1:colcon.colcon_core.package_identification:_identify(/home/ruiyang/Unitree_B2_MybotShop_Software-main/src/mybotshop/b2_lidars) by extension 'colcon_meta'
[-1790158809404445440.000s] Level 1:colcon.colcon_core.package_identification:_identify(/home/ruiyang/Unitree_B2_MybotShop_Software-main/src/mybotshop/b2_lidars) by extensions ['ros']
[-1790158809404445440.000s] Level 1:colcon.colcon_core.package_identification:_identify(/home/ruiyang/Unitree_B2_MybotShop_Software-main/src/mybotshop/b2_lidars) by extension 'ros'
[-1790158809404445440.000s] DEBUG:colcon.colcon_core.package_identification:Package '/home/ruiyang/Unitree_B2_MybotShop_Software-main/src/mybotshop/b2_lidars' with type 'ros.ament_cmake' and name 'b2_lidars'
[-1790158809404445440.000s] Level 1:colcon.colcon_core.package_identification:_identify(/home/ruiyang/Unitree_B2_MybotShop_Software-main/src/mybotshop/b2_nano) by extensions ['ignore', 'ignore_ament_install']
[-1790158809404445440.000s] Level 1:colcon.colcon_core.package_identification:_identify(/home/ruiyang/Unitree_B2_MybotShop_Software-main/src/mybotshop/b2_nano) by extension 'ignore'
[-1790158809404445440.000s] Level 1:colcon.colcon_core.package_identification:_identify(/home/ruiyang/Unitree_B2_MybotShop_Software-main/src/mybotshop/b2_nano) by extension 'ignore_ament_install'
[-1790158809404445440.000s] Level 1:colcon.colcon_core.package_identification:_identify(/home/ruiyang/Unitree_B2_MybotShop_Software-main/src/mybotshop/b2_nano) by extensions ['colcon_pkg']
[-1790158809404445440.000s] Level 1:colcon.colcon_core.package_identification:_identify(/home/ruiyang/Unitree_B2_MybotShop_Software-main/src/mybotshop/b2_nano) by extension 'colcon_pkg'
[-1790158809404445440.000s] Level 1:colcon.colcon_core.package_identification:_identify(/home/ruiyang/Unitree_B2_MybotShop_Software-main/src/mybotshop/b2_nano) by extensions ['colcon_meta']
[-1790158809404445440.000s] Level 1:colcon.colcon_core.package_identification:_identify(/home/ruiyang/Unitree_B2_MybotShop_Software-main/src/mybotshop/b2_nano) by extension 'colcon_meta'
[-1790158809404445440.000s] Level 1:colcon.colcon_core.package_identification:_identify(/home/ruiyang/Unitree_B2_MybotShop_Software-main/src/mybotshop/b2_nano) by extensions ['ros']
[-1790158809404445440.000s] Level 1:colcon.colcon_core.package_identification:_identify(/home/ruiyang/Unitree_B2_MybotShop_Software-main/src/mybotshop/b2_nano) by extension 'ros'
[-1790158809404445440.000s] DEBUG:colcon.colcon_core.package_identification:Package '/home/ruiyang/Unitree_B2_MybotShop_Software-main/src/mybotshop/b2_nano' with type 'ros.ament_cmake' and name 'b2_nano'
[-1790158809404445440.000s] Level 1:colcon.colcon_core.package_identification:_identify(/home/ruiyang/Unitree_B2_MybotShop_Software-main/src/mybotshop/b2_nav2) by extensions ['ignore', 'ignore_ament_install']
[-1790158809404445440.000s] Level 1:colcon.colcon_core.package_identification:_identify(/home/ruiyang/Unitree_B2_MybotShop_Software-main/src/mybotshop/b2_nav2) by extension 'ignore'
[-1790158809404445440.000s] Level 1:colcon.colcon_core.package_identification:_identify(/home/ruiyang/Unitree_B2_MybotShop_Software-main/src/mybotshop/b2_nav2) by extension 'ignore_ament_install'
[-1790158809404445440.000s] Level 1:colcon.colcon_core.package_identification:_identify(/home/ruiyang/Unitree_B2_MybotShop_Software-main/src/mybotshop/b2_nav2) by extensions ['colcon_pkg']
[-1790158809404445440.000s] Level 1:colcon.colcon_core.package_identification:_identify(/home/ruiyang/Unitree_B2_MybotShop_Software-main/src/mybotshop/b2_nav2) by extension 'colcon_pkg'
[-1790158809404445440.000s] Level 1:colcon.colcon_core.package_identification:_identify(/home/ruiyang/Unitree_B2_MybotShop_Software-main/src/mybotshop/b2_nav2) by extensions ['colcon_meta']
[-1790158809404445440.000s] Level 1:colcon.colcon_core.package_identification:_identify(/home/ruiyang/Unitree_B2_MybotShop_Software-main/src/mybotshop/b2_nav2) by extension 'colcon_meta'
[-1790158809404445440.000s] Level 1:colcon.colcon_core.package_identification:_identify(/home/ruiyang/Unitree_B2_MybotShop_Software-main/src/mybotshop/b2_nav2) by extensions ['ros']
[-1790158809404445440.000s] Level 1:colcon.colcon_core.package_identification:_identify(/home/ruiyang/Unitree_B2_MybotShop_Software-main/src/mybotshop/b2_nav2) by extension 'ros'
[-1790158809404445440.000s] DEBUG:colcon.colcon_core.package_identification:Package '/home/ruiyang/Unitree_B2_MybotShop_Software-main/src/mybotshop/b2_nav2' with type 'ros.ament_cmake' and name 'b2_nav2'
[-1790158809404445440.000s] Level 1:colcon.colcon_core.package_identification:_identify(/home/ruiyang/Unitree_B2_MybotShop_Software-main/src/mybotshop/b2_platform) by extensions ['ignore', 'ignore_ament_install']
[-1790158809404445440.000s] Level 1:colcon.colcon_core.package_identification:_identify(/home/ruiyang/Unitree_B2_MybotShop_Software-main/src/mybotshop/b2_platform) by extension 'ignore'
[-1790158809404445440.000s] Level 1:colcon.colcon_core.package_identification:_identify(/home/ruiyang/Unitree_B2_MybotShop_Software-main/src/mybotshop/b2_platform) by extension 'ignore_ament_install'
[-1790158809404445440.000s] Level 1:colcon.colcon_core.package_identification:_identify(/home/ruiyang/Unitree_B2_MybotShop_Software-main/src/mybotshop/b2_platform) by extensions ['colcon_pkg']
[-1790158809404445440.000s] Level 1:colcon.colcon_core.package_identification:_identify(/home/ruiyang/Unitree_B2_MybotShop_Software-main/src/mybotshop/b2_platform) by extension 'colcon_pkg'
[-1790158809404445440.000s] Level 1:colcon.colcon_core.package_identification:_identify(/home/ruiyang/Unitree_B2_MybotShop_Software-main/src/mybotshop/b2_platform) by extensions ['colcon_meta']
[-1790158809404445440.000s] Level 1:colcon.colcon_core.package_identification:_identify(/home/ruiyang/Unitree_B2_MybotShop_Software-main/src/mybotshop/b2_platform) by extension 'colcon_meta'
[-1790158809404445440.000s] Level 1:colcon.colcon_core.package_identification:_identify(/home/ruiyang/Unitree_B2_MybotShop_Software-main/src/mybotshop/b2_platform) by extensions ['ros']
[-1790158809404445440.000s] Level 1:colcon.colcon_core.package_identification:_identify(/home/ruiyang/Unitree_B2_MybotShop_Software-main/src/mybotshop/b2_platform) by extension 'ros'
[-1790158809404445440.000s] DEBUG:colcon.colcon_core.package_identification:Package '/home/ruiyang/Unitree_B2_MybotShop_Software-main/src/mybotshop/b2_platform' with type 'ros.ament_cmake' and name 'b2_platform'
[-1790158809404445440.000s] Level 1:colcon.colcon_core.package_identification:_identify(/home/ruiyang/Unitree_B2_MybotShop_Software-main/src/mybotshop/b2_rc_teleop) by extensions ['ignore', 'ignore_ament_install']
[-1790158809404445440.000s] Level 1:colcon.colcon_core.package_identification:_identify(/home/ruiyang/Unitree_B2_MybotShop_Software-main/src/mybotshop/b2_rc_teleop) by extension 'ignore'
[-1790158809404445440.000s] Level 1:colcon.colcon_core.package_identification:_identify(/home/ruiyang/Unitree_B2_MybotShop_Software-main/src/mybotshop/b2_rc_teleop) by extension 'ignore_ament_install'
[-1790158809404445440.000s] Level 1:colcon.colcon_core.package_identification:_identify(/home/ruiyang/Unitree_B2_MybotShop_Software-main/src/mybotshop/b2_rc_teleop) by extensions ['colcon_pkg']
[-1790158809404445440.000s] Level 1:colcon.colcon_core.package_identification:_identify(/home/ruiyang/Unitree_B2_MybotShop_Software-main/src/mybotshop/b2_rc_teleop) by extension 'colcon_pkg'
[-1790158809404445440.000s] Level 1:colcon.colcon_core.package_identification:_identify(/home/ruiyang/Unitree_B2_MybotShop_Software-main/src/mybotshop/b2_rc_teleop) by extensions ['colcon_meta']
[-1790158809404445440.000s] Level 1:colcon.colcon_core.package_identification:_identify(/home/ruiyang/Unitree_B2_MybotShop_Software-main/src/mybotshop/b2_rc_teleop) by extension 'colcon_meta'
[-1790158809404445440.000s] Level 1:colcon.colcon_core.package_identification:_identify(/home/ruiyang/Unitree_B2_MybotShop_Software-main/src/mybotshop/b2_rc_teleop) by extensions ['ros']
[-1790158809404445440.000s] Level 1:colcon.colcon_core.package_identification:_identify(/home/ruiyang/Unitree_B2_MybotShop_Software-main/src/mybotshop/b2_rc_teleop) by extension 'ros'
[-1790158809404445440.000s] DEBUG:colcon.colcon_core.package_identification:Package '/home/ruiyang/Unitree_B2_MybotShop_Software-main/src/mybotshop/b2_rc_teleop' with type 'ros.ament_python' and name 'b2_rc_teleop'
[-1790158809404445440.000s] Level 1:colcon.colcon_core.package_identification:_identify(/home/ruiyang/Unitree_B2_MybotShop_Software-main/src/mybotshop/b2_srvs) by extensions ['ignore', 'ignore_ament_install']
[-1790158809404445440.000s] Level 1:colcon.colcon_core.package_identification:_identify(/home/ruiyang/Unitree_B2_MybotShop_Software-main/src/mybotshop/b2_srvs) by extension 'ignore'
[-1790158809404445440.000s] Level 1:colcon.colcon_core.package_identification:_identify(/home/ruiyang/Unitree_B2_MybotShop_Software-main/src/mybotshop/b2_srvs) by extension 'ignore_ament_install'
[-1790158809404445440.000s] Level 1:colcon.colcon_core.package_identification:_identify(/home/ruiyang/Unitree_B2_MybotShop_Software-main/src/mybotshop/b2_srvs) by extensions ['colcon_pkg']
[-1790158809404445440.000s] Level 1:colcon.colcon_core.package_identification:_identify(/home/ruiyang/Unitree_B2_MybotShop_Software-main/src/mybotshop/b2_srvs) by extension 'colcon_pkg'
[-1790158809404445440.000s] Level 1:colcon.colcon_core.package_identification:_identify(/home/ruiyang/Unitree_B2_MybotShop_Software-main/src/mybotshop/b2_srvs) by extensions ['colcon_meta']
[-1790158809404445440.000s] Level 1:colcon.colcon_core.package_identification:_identify(/home/ruiyang/Unitree_B2_MybotShop_Software-main/src/mybotshop/b2_srvs) by extension 'colcon_meta'
[-1790158809404445440.000s] Level 1:colcon.colcon_core.package_identification:_identify(/home/ruiyang/Unitree_B2_MybotShop_Software-main/src/mybotshop/b2_srvs) by extensions ['ros']
[-1790158809404445440.000s] Level 1:colcon.colcon_core.package_identification:_identify(/home/ruiyang/Unitree_B2_MybotShop_Software-main/src/mybotshop/b2_srvs) by extension 'ros'
[-1790158809404445440.000s] DEBUG:colcon.colcon_core.package_identification:Package '/home/ruiyang/Unitree_B2_MybotShop_Software-main/src/mybotshop/b2_srvs' with type 'ros.ament_cmake' and name 'b2_srvs'
[-1790158809404445440.000s] Level 1:colcon.colcon_core.package_identification:_identify(/home/ruiyang/Unitree_B2_MybotShop_Software-main/src/mybotshop/b2_usbcam) by extensions ['ignore', 'ignore_ament_install']
[-1790158809404445440.000s] Level 1:colcon.colcon_core.package_identification:_identify(/home/ruiyang/Unitree_B2_MybotShop_Software-main/src/mybotshop/b2_usbcam) by extension 'ignore'
[-1790158809404445440.000s] Level 1:colcon.colcon_core.package_identification:_identify(/home/ruiyang/Unitree_B2_MybotShop_Software-main/src/mybotshop/b2_usbcam) by extension 'ignore_ament_install'
[-1790158809404445440.000s] Level 1:colcon.colcon_core.package_identification:_identify(/home/ruiyang/Unitree_B2_MybotShop_Software-main/src/mybotshop/b2_usbcam) by extensions ['colcon_pkg']
[-1790158809404445440.000s] Level 1:colcon.colcon_core.package_identification:_identify(/home/ruiyang/Unitree_B2_MybotShop_Software-main/src/mybotshop/b2_usbcam) by extension 'colcon_pkg'
[-1790158809404445440.000s] Level 1:colcon.colcon_core.package_identification:_identify(/home/ruiyang/Unitree_B2_MybotShop_Software-main/src/mybotshop/b2_usbcam) by extensions ['colcon_meta']
[-1790158809404445440.000s] Level 1:colcon.colcon_core.package_identification:_identify(/home/ruiyang/Unitree_B2_MybotShop_Software-main/src/mybotshop/b2_usbcam) by extension 'colcon_meta'
[-1790158809404445440.000s] Level 1:colcon.colcon_core.package_identification:_identify(/home/ruiyang/Unitree_B2_MybotShop_Software-main/src/mybotshop/b2_usbcam) by extensions ['ros']
[-1790158809404445440.000s] Level 1:colcon.colcon_core.package_identification:_identify(/home/ruiyang/Unitree_B2_MybotShop_Software-main/src/mybotshop/b2_usbcam) by extension 'ros'
[-1790158809404445440.000s] DEBUG:colcon.colcon_core.package_identification:Package '/home/ruiyang/Unitree_B2_MybotShop_Software-main/src/mybotshop/b2_usbcam' with type 'ros.ament_cmake' and name 'b2_usbcam'
[-1790158809404445440.000s] Level 1:colcon.colcon_core.package_identification:_identify(/home/ruiyang/Unitree_B2_MybotShop_Software-main/src/mybotshop/b2_vision_action) by extensions ['ignore', 'ignore_ament_install']
[-1790158809404445440.000s] Level 1:colcon.colcon_core.package_identification:_identify(/home/ruiyang/Unitree_B2_MybotShop_Software-main/src/mybotshop/b2_vision_action) by extension 'ignore'
[-1790158809404445440.000s] Level 1:colcon.colcon_core.package_identification:_identify(/home/ruiyang/Unitree_B2_MybotShop_Software-main/src/mybotshop/b2_vision_action) by extension 'ignore_ament_install'
[-1790158809404445440.000s] Level 1:colcon.colcon_core.package_identification:_identify(/home/ruiyang/Unitree_B2_MybotShop_Software-main/src/mybotshop/b2_vision_action) by extensions ['colcon_pkg']
[-1790158809404445440.000s] Level 1:colcon.colcon_core.package_identification:_identify(/home/ruiyang/Unitree_B2_MybotShop_Software-main/src/mybotshop/b2_vision_action) by extension 'colcon_pkg'
[-1790158809404445440.000s] Level 1:colcon.colcon_core.package_identification:_identify(/home/ruiyang/Unitree_B2_MybotShop_Software-main/src/mybotshop/b2_vision_action) by extensions ['colcon_meta']
[-1790158809404445440.000s] Level 1:colcon.colcon_core.package_identification:_identify(/home/ruiyang/Unitree_B2_MybotShop_Software-main/src/mybotshop/b2_vision_action) by extension 'colcon_meta'
[-1790158809404445440.000s] Level 1:colcon.colcon_core.package_identification:_identify(/home/ruiyang/Unitree_B2_MybotShop_Software-main/src/mybotshop/b2_vision_action) by extensions ['ros']
[-1790158809404445440.000s] Level 1:colcon.colcon_core.package_identification:_identify(/home/ruiyang/Unitree_B2_MybotShop_Software-main/src/mybotshop/b2_vision_action) by extension 'ros'
[-1790158809404445440.000s] DEBUG:colcon.colcon_core.package_identification:Package '/home/ruiyang/Unitree_B2_MybotShop_Software-main/src/mybotshop/b2_vision_action' with type 'ros.ament_cmake' and name 'b2_vision_action'
[-1790158809404445440.000s] Level 1:colcon.colcon_core.package_identification:_identify(/home/ruiyang/Unitree_B2_MybotShop_Software-main/src/mybotshop/b2_viz) by extensions ['ignore', 'ignore_ament_install']
[-1790158809404445440.000s] Level 1:colcon.colcon_core.package_identification:_identify(/home/ruiyang/Unitree_B2_MybotShop_Software-main/src/mybotshop/b2_viz) by extension 'ignore'
[-1790158809404445440.000s] Level 1:colcon.colcon_core.package_identification:_identify(/home/ruiyang/Unitree_B2_MybotShop_Software-main/src/mybotshop/b2_viz) by extension 'ignore_ament_install'
[-1790158809404445440.000s] Level 1:colcon.colcon_core.package_identification:_identify(/home/ruiyang/Unitree_B2_MybotShop_Software-main/src/mybotshop/b2_viz) by extensions ['colcon_pkg']
[-1790158809404445440.000s] Level 1:colcon.colcon_core.package_identification:_identify(/home/ruiyang/Unitree_B2_MybotShop_Software-main/src/mybotshop/b2_viz) by extension 'colcon_pkg'
[-1790158809404445440.000s] Level 1:colcon.colcon_core.package_identification:_identify(/home/ruiyang/Unitree_B2_MybotShop_Software-main/src/mybotshop/b2_viz) by extensions ['colcon_meta']
[-1790158809404445440.000s] Level 1:colcon.colcon_core.package_identification:_identify(/home/ruiyang/Unitree_B2_MybotShop_Software-main/src/mybotshop/b2_viz) by extension 'colcon_meta'
[-1790158809404445440.000s] Level 1:colcon.colcon_core.package_identification:_identify(/home/ruiyang/Unitree_B2_MybotShop_Software-main/src/mybotshop/b2_viz) by extensions ['ros']
[-1790158809404445440.000s] Level 1:colcon.colcon_core.package_identification:_identify(/home/ruiyang/Unitree_B2_MybotShop_Software-main/src/mybotshop/b2_viz) by extension 'ros'
[-1790158809404445440.000s] DEBUG:colcon.colcon_core.package_identification:Package '/home/ruiyang/Unitree_B2_MybotShop_Software-main/src/mybotshop/b2_viz' with type 'ros.ament_cmake' and name 'b2_viz'
[-1790158809404445440.000s] Level 1:colcon.colcon_core.package_identification:_identify(/home/ruiyang/Unitree_B2_MybotShop_Software-main/src/mybotshop/b2_webserver) by extensions ['ignore', 'ignore_ament_install']
[-1790158809404445440.000s] Level 1:colcon.colcon_core.package_identification:_identify(/home/ruiyang/Unitree_B2_MybotShop_Software-main/src/mybotshop/b2_webserver) by extension 'ignore'
[-1790158809404445440.000s] Level 1:colcon.colcon_core.package_identification:_identify(/home/ruiyang/Unitree_B2_MybotShop_Software-main/src/mybotshop/b2_webserver) by extension 'ignore_ament_install'
[-1790158809404445440.000s] Level 1:colcon.colcon_core.package_identification:_identify(/home/ruiyang/Unitree_B2_MybotShop_Software-main/src/mybotshop/b2_webserver) by extensions ['colcon_pkg']
[-1790158809404445440.000s] Level 1:colcon.colcon_core.package_identification:_identify(/home/ruiyang/Unitree_B2_MybotShop_Software-main/src/mybotshop/b2_webserver) by extension 'colcon_pkg'
[-1790158809404445440.000s] Level 1:colcon.colcon_core.package_identification:_identify(/home/ruiyang/Unitree_B2_MybotShop_Software-main/src/mybotshop/b2_webserver) by extensions ['colcon_meta']
[-1790158809404445440.000s] Level 1:colcon.colcon_core.package_identification:_identify(/home/ruiyang/Unitree_B2_MybotShop_Software-main/src/mybotshop/b2_webserver) by extension 'colcon_meta'
[-1790158809404445440.000s] Level 1:colcon.colcon_core.package_identification:_identify(/home/ruiyang/Unitree_B2_MybotShop_Software-main/src/mybotshop/b2_webserver) by extensions ['ros']
[-1790158809404445440.000s] Level 1:colcon.colcon_core.package_identification:_identify(/home/ruiyang/Unitree_B2_MybotShop_Software-main/src/mybotshop/b2_webserver) by extension 'ros'
[-1790158809404445440.000s] DEBUG:colcon.colcon_core.package_identification:Package '/home/ruiyang/Unitree_B2_MybotShop_Software-main/src/mybotshop/b2_webserver' with type 'ros.ament_cmake' and name 'b2_webserver'
[-1790158809404445440.000s] Level 1:colcon.colcon_core.package_identification:_identify(/home/ruiyang/Unitree_B2_MybotShop_Software-main/src/mybotshop/z1_rc_teleop) by extensions ['ignore', 'ignore_ament_install']
[-1790158809404445440.000s] Level 1:colcon.colcon_core.package_identification:_identify(/home/ruiyang/Unitree_B2_MybotShop_Software-main/src/mybotshop/z1_rc_teleop) by extension 'ignore'
[-1790158809404445440.000s] Level 1:colcon.colcon_core.package_identification:_identify(/home/ruiyang/Unitree_B2_MybotShop_Software-main/src/mybotshop/z1_rc_teleop) by extension 'ignore_ament_install'
[-1790158809404445440.000s] Level 1:colcon.colcon_core.package_identification:_identify(/home/ruiyang/Unitree_B2_MybotShop_Software-main/src/mybotshop/z1_rc_teleop) by extensions ['colcon_pkg']
[-1790158809404445440.000s] Level 1:colcon.colcon_core.package_identification:_identify(/home/ruiyang/Unitree_B2_MybotShop_Software-main/src/mybotshop/z1_rc_teleop) by extension 'colcon_pkg'
[-1790158809404445440.000s] Level 1:colcon.colcon_core.package_identification:_identify(/home/ruiyang/Unitree_B2_MybotShop_Software-main/src/mybotshop/z1_rc_teleop) by extensions ['colcon_meta']
[-1790158809404445440.000s] Level 1:colcon.colcon_core.package_identification:_identify(/home/ruiyang/Unitree_B2_MybotShop_Software-main/src/mybotshop/z1_rc_teleop) by extension 'colcon_meta'
[-1790158809404445440.000s] Level 1:colcon.colcon_core.package_identification:_identify(/home/ruiyang/Unitree_B2_MybotShop_Software-main/src/mybotshop/z1_rc_teleop) by extensions ['ros']
[-1790158809404445440.000s] Level 1:colcon.colcon_core.package_identification:_identify(/home/ruiyang/Unitree_B2_MybotShop_Software-main/src/mybotshop/z1_rc_teleop) by extension 'ros'
[-1790158809404445440.000s] DEBUG:colcon.colcon_core.package_identification:Package '/home/ruiyang/Unitree_B2_MybotShop_Software-main/src/mybotshop/z1_rc_teleop' with type 'ros.ament_python' and name 'z1_rc_teleop'
[-1790158809404445440.000s] Level 1:colcon.colcon_core.package_identification:_identify(/home/ruiyang/Unitree_B2_MybotShop_Software-main/src/third_party) by extensions ['ignore', 'ignore_ament_install']
[-1790158809404445440.000s] Level 1:colcon.colcon_core.package_identification:_identify(/home/ruiyang/Unitree_B2_MybotShop_Software-main/src/third_party) by extension 'ignore'
[-1790158809404445440.000s] Level 1:colcon.colcon_core.package_identification:_identify(/home/ruiyang/Unitree_B2_MybotShop_Software-main/src/third_party) by extension 'ignore_ament_install'
[-1790158809404445440.000s] Level 1:colcon.colcon_core.package_identification:_identify(/home/ruiyang/Unitree_B2_MybotShop_Software-main/src/third_party) by extensions ['colcon_pkg']
[-1790158809404445440.000s] Level 1:colcon.colcon_core.package_identification:_identify(/home/ruiyang/Unitree_B2_MybotShop_Software-main/src/third_party) by extension 'colcon_pkg'
[-1790158809404445440.000s] Level 1:colcon.colcon_core.package_identification:_identify(/home/ruiyang/Unitree_B2_MybotShop_Software-main/src/third_party) by extensions ['colcon_meta']
[-1790158809404445440.000s] Level 1:colcon.colcon_core.package_identification:_identify(/home/ruiyang/Unitree_B2_MybotShop_Software-main/src/third_party) by extension 'colcon_meta'
[-1790158809404445440.000s] Level 1:colcon.colcon_core.package_identification:_identify(/home/ruiyang/Unitree_B2_MybotShop_Software-main/src/third_party) by extensions ['ros']
[-1790158809404445440.000s] Level 1:colcon.colcon_core.package_identification:_identify(/home/ruiyang/Unitree_B2_MybotShop_Software-main/src/third_party) by extension 'ros'
[-1790158809404445440.000s] Level 1:colcon.colcon_core.package_identification:_identify(/home/ruiyang/Unitree_B2_MybotShop_Software-main/src/third_party) by extensions ['cmake', 'python']
[-1790158809404445440.000s] Level 1:colcon.colcon_core.package_identification:_identify(/home/ruiyang/Unitree_B2_MybotShop_Software-main/src/third_party) by extension 'cmake'
[-1790158809404445440.000s] Level 1:colcon.colcon_core.package_identification:_identify(/home/ruiyang/Unitree_B2_MybotShop_Software-main/src/third_party) by extension 'python'
[-1790158809404445440.000s] Level 1:colcon.colcon_core.package_identification:_identify(/home/ruiyang/Unitree_B2_MybotShop_Software-main/src/third_party) by extensions ['python_setup_py']
[-1790158809404445440.000s] Level 1:colcon.colcon_core.package_identification:_identify(/home/ruiyang/Unitree_B2_MybotShop_Software-main/src/third_party) by extension 'python_setup_py'
[-1790158809404445440.000s] Level 1:colcon.colcon_core.package_identification:_identify(/home/ruiyang/Unitree_B2_MybotShop_Software-main/src/third_party/gps) by extensions ['ignore', 'ignore_ament_install']
[-1790158809404445440.000s] Level 1:colcon.colcon_core.package_identification:_identify(/home/ruiyang/Unitree_B2_MybotShop_Software-main/src/third_party/gps) by extension 'ignore'
[-1790158809404445440.000s] Level 1:colcon.colcon_core.package_identification:_identify(/home/ruiyang/Unitree_B2_MybotShop_Software-main/src/third_party/gps) by extension 'ignore_ament_install'
[-1790158809404445440.000s] Level 1:colcon.colcon_core.package_identification:_identify(/home/ruiyang/Unitree_B2_MybotShop_Software-main/src/third_party/gps) by extensions ['colcon_pkg']
[-1790158809404445440.000s] Level 1:colcon.colcon_core.package_identification:_identify(/home/ruiyang/Unitree_B2_MybotShop_Software-main/src/third_party/gps) by extension 'colcon_pkg'
[-1790158809404445440.000s] Level 1:colcon.colcon_core.package_identification:_identify(/home/ruiyang/Unitree_B2_MybotShop_Software-main/src/third_party/gps) by extensions ['colcon_meta']
[-1790158809404445440.000s] Level 1:colcon.colcon_core.package_identification:_identify(/home/ruiyang/Unitree_B2_MybotShop_Software-main/src/third_party/gps) by extension 'colcon_meta'
[-1790158809404445440.000s] Level 1:colcon.colcon_core.package_identification:_identify(/home/ruiyang/Unitree_B2_MybotShop_Software-main/src/third_party/gps) by extensions ['ros']
[-1790158809404445440.000s] Level 1:colcon.colcon_core.package_identification:_identify(/home/ruiyang/Unitree_B2_MybotShop_Software-main/src/third_party/gps) by extension 'ros'
[-1790158809404445440.000s] Level 1:colcon.colcon_core.package_identification:_identify(/home/ruiyang/Unitree_B2_MybotShop_Software-main/src/third_party/gps) by extensions ['cmake', 'python']
[-1790158809404445440.000s] Level 1:colcon.colcon_core.package_identification:_identify(/home/ruiyang/Unitree_B2_MybotShop_Software-main/src/third_party/gps) by extension 'cmake'
[-1790158809404445440.000s] Level 1:colcon.colcon_core.package_identification:_identify(/home/ruiyang/Unitree_B2_MybotShop_Software-main/src/third_party/gps) by extension 'python'
[-1790158809404445440.000s] Level 1:colcon.colcon_core.package_identification:_identify(/home/ruiyang/Unitree_B2_MybotShop_Software-main/src/third_party/gps) by extensions ['python_setup_py']
[-1790158809404445440.000s] Level 1:colcon.colcon_core.package_identification:_identify(/home/ruiyang/Unitree_B2_MybotShop_Software-main/src/third_party/gps) by extension 'python_setup_py'
[-1790158809404445440.000s] Level 1:colcon.colcon_core.package_identification:_identify(/home/ruiyang/Unitree_B2_MybotShop_Software-main/src/third_party/gps/26May2025_automatepro_ntrip_client) by extensions ['ignore', 'ignore_ament_install']
[-1790158809404445440.000s] Level 1:colcon.colcon_core.package_identification:_identify(/home/ruiyang/Unitree_B2_MybotShop_Software-main/src/third_party/gps/26May2025_automatepro_ntrip_client) by extension 'ignore'
[-1790158809404445440.000s] Level 1:colcon.colcon_core.package_identification:_identify(/home/ruiyang/Unitree_B2_MybotShop_Software-main/src/third_party/gps/26May2025_automatepro_ntrip_client) by extension 'ignore_ament_install'
[-1790158809404445440.000s] Level 1:colcon.colcon_core.package_identification:_identify(/home/ruiyang/Unitree_B2_MybotShop_Software-main/src/third_party/gps/26May2025_automatepro_ntrip_client) by extensions ['colcon_pkg']
[-1790158809404445440.000s] Level 1:colcon.colcon_core.package_identification:_identify(/home/ruiyang/Unitree_B2_MybotShop_Software-main/src/third_party/gps/26May2025_automatepro_ntrip_client) by extension 'colcon_pkg'
[-1790158809404445440.000s] Level 1:colcon.colcon_core.package_identification:_identify(/home/ruiyang/Unitree_B2_MybotShop_Software-main/src/third_party/gps/26May2025_automatepro_ntrip_client) by extensions ['colcon_meta']
[-1790158809404445440.000s] Level 1:colcon.colcon_core.package_identification:_identify(/home/ruiyang/Unitree_B2_MybotShop_Software-main/src/third_party/gps/26May2025_automatepro_ntrip_client) by extension 'colcon_meta'
[-1790158809404445440.000s] Level 1:colcon.colcon_core.package_identification:_identify(/home/ruiyang/Unitree_B2_MybotShop_Software-main/src/third_party/gps/26May2025_automatepro_ntrip_client) by extensions ['ros']
[-1790158809404445440.000s] Level 1:colcon.colcon_core.package_identification:_identify(/home/ruiyang/Unitree_B2_MybotShop_Software-main/src/third_party/gps/26May2025_automatepro_ntrip_client) by extension 'ros'
[-1790158809404445440.000s] DEBUG:colcon.colcon_core.package_identification:Package '/home/ruiyang/Unitree_B2_MybotShop_Software-main/src/third_party/gps/26May2025_automatepro_ntrip_client' with type 'ros.ament_cmake' and name 'ntrip_client'
[-1790158809404445440.000s] Level 1:colcon.colcon_core.package_identification:_identify(/home/ruiyang/Unitree_B2_MybotShop_Software-main/src/third_party/gps/26May2025_ublox-ros2) by extensions ['ignore', 'ignore_ament_install']
[-1790158809404445440.000s] Level 1:colcon.colcon_core.package_identification:_identify(/home/ruiyang/Unitree_B2_MybotShop_Software-main/src/third_party/gps/26May2025_ublox-ros2) by extension 'ignore'
[-1790158809404445440.000s] Level 1:colcon.colcon_core.package_identification:_identify(/home/ruiyang/Unitree_B2_MybotShop_Software-main/src/third_party/gps/26May2025_ublox-ros2) by extension 'ignore_ament_install'
[-1790158809404445440.000s] Level 1:colcon.colcon_core.package_identification:_identify(/home/ruiyang/Unitree_B2_MybotShop_Software-main/src/third_party/gps/26May2025_ublox-ros2) by extensions ['colcon_pkg']
[-1790158809404445440.000s] Level 1:colcon.colcon_core.package_identification:_identify(/home/ruiyang/Unitree_B2_MybotShop_Software-main/src/third_party/gps/26May2025_ublox-ros2) by extension 'colcon_pkg'
[-1790158809404445440.000s] Level 1:colcon.colcon_core.package_identification:_identify(/home/ruiyang/Unitree_B2_MybotShop_Software-main/src/third_party/gps/26May2025_ublox-ros2) by extensions ['colcon_meta']
[-1790158809404445440.000s] Level 1:colcon.colcon_core.package_identification:_identify(/home/ruiyang/Unitree_B2_MybotShop_Software-main/src/third_party/gps/26May2025_ublox-ros2) by extension 'colcon_meta'
[-1790158809404445440.000s] Level 1:colcon.colcon_core.package_identification:_identify(/home/ruiyang/Unitree_B2_MybotShop_Software-main/src/third_party/gps/26May2025_ublox-ros2) by extensions ['ros']
[-1790158809404445440.000s] Level 1:colcon.colcon_core.package_identification:_identify(/home/ruiyang/Unitree_B2_MybotShop_Software-main/src/third_party/gps/26May2025_ublox-ros2) by extension 'ros'
[-1790158809404445440.000s] Level 1:colcon.colcon_core.package_identification:_identify(/home/ruiyang/Unitree_B2_MybotShop_Software-main/src/third_party/gps/26May2025_ublox-ros2) by extensions ['cmake', 'python']
[-1790158809404445440.000s] Level 1:colcon.colcon_core.package_identification:_identify(/home/ruiyang/Unitree_B2_MybotShop_Software-main/src/third_party/gps/26May2025_ublox-ros2) by extension 'cmake'
[-1790158809404445440.000s] Level 1:colcon.colcon_core.package_identification:_identify(/home/ruiyang/Unitree_B2_MybotShop_Software-main/src/third_party/gps/26May2025_ublox-ros2) by extension 'python'
[-1790158809404445440.000s] Level 1:colcon.colcon_core.package_identification:_identify(/home/ruiyang/Unitree_B2_MybotShop_Software-main/src/third_party/gps/26May2025_ublox-ros2) by extensions ['python_setup_py']
[-1790158809404445440.000s] Level 1:colcon.colcon_core.package_identification:_identify(/home/ruiyang/Unitree_B2_MybotShop_Software-main/src/third_party/gps/26May2025_ublox-ros2) by extension 'python_setup_py'
[-1790158809404445440.000s] Level 1:colcon.colcon_core.package_identification:_identify(/home/ruiyang/Unitree_B2_MybotShop_Software-main/src/third_party/gps/26May2025_ublox-ros2/ublox) by extensions ['ignore', 'ignore_ament_install']
[-1790158809404445440.000s] Level 1:colcon.colcon_core.package_identification:_identify(/home/ruiyang/Unitree_B2_MybotShop_Software-main/src/third_party/gps/26May2025_ublox-ros2/ublox) by extension 'ignore'
[-1790158809404445440.000s] Level 1:colcon.colcon_core.package_identification:_identify(/home/ruiyang/Unitree_B2_MybotShop_Software-main/src/third_party/gps/26May2025_ublox-ros2/ublox) by extension 'ignore_ament_install'
[-1790158809404445440.000s] Level 1:colcon.colcon_core.package_identification:_identify(/home/ruiyang/Unitree_B2_MybotShop_Software-main/src/third_party/gps/26May2025_ublox-ros2/ublox) by extensions ['colcon_pkg']
[-1790158809404445440.000s] Level 1:colcon.colcon_core.package_identification:_identify(/home/ruiyang/Unitree_B2_MybotShop_Software-main/src/third_party/gps/26May2025_ublox-ros2/ublox) by extension 'colcon_pkg'
[-1790158809404445440.000s] Level 1:colcon.colcon_core.package_identification:_identify(/home/ruiyang/Unitree_B2_MybotShop_Software-main/src/third_party/gps/26May2025_ublox-ros2/ublox) by extensions ['colcon_meta']
[-1790158809404445440.000s] Level 1:colcon.colcon_core.package_identification:_identify(/home/ruiyang/Unitree_B2_MybotShop_Software-main/src/third_party/gps/26May2025_ublox-ros2/ublox) by extension 'colcon_meta'
[-1790158809404445440.000s] Level 1:colcon.colcon_core.package_identification:_identify(/home/ruiyang/Unitree_B2_MybotShop_Software-main/src/third_party/gps/26May2025_ublox-ros2/ublox) by extensions ['ros']
[-1790158809404445440.000s] Level 1:colcon.colcon_core.package_identification:_identify(/home/ruiyang/Unitree_B2_MybotShop_Software-main/src/third_party/gps/26May2025_ublox-ros2/ublox) by extension 'ros'
[-1790158809404445440.000s] DEBUG:colcon.colcon_core.package_identification:Package '/home/ruiyang/Unitree_B2_MybotShop_Software-main/src/third_party/gps/26May2025_ublox-ros2/ublox' with type 'ros.ament_cmake' and name 'ublox'
[-1790158809404445440.000s] Level 1:colcon.colcon_core.package_identification:_identify(/home/ruiyang/Unitree_B2_MybotShop_Software-main/src/third_party/gps/26May2025_ublox-ros2/ublox_gps) by extensions ['ignore', 'ignore_ament_install']
[-1790158809404445440.000s] Level 1:colcon.colcon_core.package_identification:_identify(/home/ruiyang/Unitree_B2_MybotShop_Software-main/src/third_party/gps/26May2025_ublox-ros2/ublox_gps) by extension 'ignore'
[-1790158809404445440.000s] Level 1:colcon.colcon_core.package_identification:_identify(/home/ruiyang/Unitree_B2_MybotShop_Software-main/src/third_party/gps/26May2025_ublox-ros2/ublox_gps) by extension 'ignore_ament_install'
[-1790158809404445440.000s] Level 1:colcon.colcon_core.package_identification:_identify(/home/ruiyang/Unitree_B2_MybotShop_Software-main/src/third_party/gps/26May2025_ublox-ros2/ublox_gps) by extensions ['colcon_pkg']
[-1790158809404445440.000s] Level 1:colcon.colcon_core.package_identification:_identify(/home/ruiyang/Unitree_B2_MybotShop_Software-main/src/third_party/gps/26May2025_ublox-ros2/ublox_gps) by extension 'colcon_pkg'
[-1790158809404445440.000s] Level 1:colcon.colcon_core.package_identification:_identify(/home/ruiyang/Unitree_B2_MybotShop_Software-main/src/third_party/gps/26May2025_ublox-ros2/ublox_gps) by extensions ['colcon_meta']
[-1790158809404445440.000s] Level 1:colcon.colcon_core.package_identification:_identify(/home/ruiyang/Unitree_B2_MybotShop_Software-main/src/third_party/gps/26May2025_ublox-ros2/ublox_gps) by extension 'colcon_meta'
[-1790158809404445440.000s] Level 1:colcon.colcon_core.package_identification:_identify(/home/ruiyang/Unitree_B2_MybotShop_Software-main/src/third_party/gps/26May2025_ublox-ros2/ublox_gps) by extensions ['ros']
[-1790158809404445440.000s] Level 1:colcon.colcon_core.package_identification:_identify(/home/ruiyang/Unitree_B2_MybotShop_Software-main/src/third_party/gps/26May2025_ublox-ros2/ublox_gps) by extension 'ros'
[-1790158809404445440.000s] DEBUG:colcon.colcon_core.package_identification:Package '/home/ruiyang/Unitree_B2_MybotShop_Software-main/src/third_party/gps/26May2025_ublox-ros2/ublox_gps' with type 'ros.ament_cmake' and name 'ublox_gps'
[-1790158809404445440.000s] Level 1:colcon.colcon_core.package_identification:_identify(/home/ruiyang/Unitree_B2_MybotShop_Software-main/src/third_party/gps/26May2025_ublox-ros2/ublox_msgs) by extensions ['ignore', 'ignore_ament_install']
[-1790158809404445440.000s] Level 1:colcon.colcon_core.package_identification:_identify(/home/ruiyang/Unitree_B2_MybotShop_Software-main/src/third_party/gps/26May2025_ublox-ros2/ublox_msgs) by extension 'ignore'
[-1790158809404445440.000s] Level 1:colcon.colcon_core.package_identification:_identify(/home/ruiyang/Unitree_B2_MybotShop_Software-main/src/third_party/gps/26May2025_ublox-ros2/ublox_msgs) by extension 'ignore_ament_install'
[-1790158809404445440.000s] Level 1:colcon.colcon_core.package_identification:_identify(/home/ruiyang/Unitree_B2_MybotShop_Software-main/src/third_party/gps/26May2025_ublox-ros2/ublox_msgs) by extensions ['colcon_pkg']
[-1790158809404445440.000s] Level 1:colcon.colcon_core.package_identification:_identify(/home/ruiyang/Unitree_B2_MybotShop_Software-main/src/third_party/gps/26May2025_ublox-ros2/ublox_msgs) by extension 'colcon_pkg'
[-1790158809404445440.000s] Level 1:colcon.colcon_core.package_identification:_identify(/home/ruiyang/Unitree_B2_MybotShop_Software-main/src/third_party/gps/26May2025_ublox-ros2/ublox_msgs) by extensions ['colcon_meta']
[-1790158809404445440.000s] Level 1:colcon.colcon_core.package_identification:_identify(/home/ruiyang/Unitree_B2_MybotShop_Software-main/src/third_party/gps/26May2025_ublox-ros2/ublox_msgs) by extension 'colcon_meta'
[-1790158809404445440.000s] Level 1:colcon.colcon_core.package_identification:_identify(/home/ruiyang/Unitree_B2_MybotShop_Software-main/src/third_party/gps/26May2025_ublox-ros2/ublox_msgs) by extensions ['ros']
[-1790158809404445440.000s] Level 1:colcon.colcon_core.package_identification:_identify(/home/ruiyang/Unitree_B2_MybotShop_Software-main/src/third_party/gps/26May2025_ublox-ros2/ublox_msgs) by extension 'ros'
[-1790158809404445440.000s] DEBUG:colcon.colcon_core.package_identification:Package '/home/ruiyang/Unitree_B2_MybotShop_Software-main/src/third_party/gps/26May2025_ublox-ros2/ublox_msgs' with type 'ros.ament_cmake' and name 'ublox_msgs'
[-1790158809404445440.000s] Level 1:colcon.colcon_core.package_identification:_identify(/home/ruiyang/Unitree_B2_MybotShop_Software-main/src/third_party/gps/26May2025_ublox-ros2/ublox_serialization) by extensions ['ignore', 'ignore_ament_install']
[-1790158809404445440.000s] Level 1:colcon.colcon_core.package_identification:_identify(/home/ruiyang/Unitree_B2_MybotShop_Software-main/src/third_party/gps/26May2025_ublox-ros2/ublox_serialization) by extension 'ignore'
[-1790158809404445440.000s] Level 1:colcon.colcon_core.package_identification:_identify(/home/ruiyang/Unitree_B2_MybotShop_Software-main/src/third_party/gps/26May2025_ublox-ros2/ublox_serialization) by extension 'ignore_ament_install'
[-1790158809404445440.000s] Level 1:colcon.colcon_core.package_identification:_identify(/home/ruiyang/Unitree_B2_MybotShop_Software-main/src/third_party/gps/26May2025_ublox-ros2/ublox_serialization) by extensions ['colcon_pkg']
[-1790158809404445440.000s] Level 1:colcon.colcon_core.package_identification:_identify(/home/ruiyang/Unitree_B2_MybotShop_Software-main/src/third_party/gps/26May2025_ublox-ros2/ublox_serialization) by extension 'colcon_pkg'
[-1790158809404445440.000s] Level 1:colcon.colcon_core.package_identification:_identify(/home/ruiyang/Unitree_B2_MybotShop_Software-main/src/third_party/gps/26May2025_ublox-ros2/ublox_serialization) by extensions ['colcon_meta']
[-1790158809404445440.000s] Level 1:colcon.colcon_core.package_identification:_identify(/home/ruiyang/Unitree_B2_MybotShop_Software-main/src/third_party/gps/26May2025_ublox-ros2/ublox_serialization) by extension 'colcon_meta'
[-1790158809404445440.000s] Level 1:colcon.colcon_core.package_identification:_identify(/home/ruiyang/Unitree_B2_MybotShop_Software-main/src/third_party/gps/26May2025_ublox-ros2/ublox_serialization) by extensions ['ros']
[-1790158809404445440.000s] Level 1:colcon.colcon_core.package_identification:_identify(/home/ruiyang/Unitree_B2_MybotShop_Software-main/src/third_party/gps/26May2025_ublox-ros2/ublox_serialization) by extension 'ros'
[-1790158809404445440.000s] DEBUG:colcon.colcon_core.package_identification:Package '/home/ruiyang/Unitree_B2_MybotShop_Software-main/src/third_party/gps/26May2025_ublox-ros2/ublox_serialization' with type 'ros.ament_cmake' and name 'ublox_serialization'
[-1790158809404445440.000s] Level 1:colcon.colcon_core.package_identification:_identify(/home/ruiyang/Unitree_B2_MybotShop_Software-main/src/third_party/gps/fixposition) by extensions ['ignore', 'ignore_ament_install']
[-1790158809404445440.000s] Level 1:colcon.colcon_core.package_identification:_identify(/home/ruiyang/Unitree_B2_MybotShop_Software-main/src/third_party/gps/fixposition) by extension 'ignore'
[-1790158809404445440.000s] Level 1:colcon.colcon_core.package_identification:_identify(/home/ruiyang/Unitree_B2_MybotShop_Software-main/src/third_party/gps/fixposition) ignored
[-1790158809404445440.000s] Level 1:colcon.colcon_core.package_identification:_identify(/home/ruiyang/Unitree_B2_MybotShop_Software-main/src/third_party/gps/reach_rs_ros2_humble) by extensions ['ignore', 'ignore_ament_install']
[-1790158809404445440.000s] Level 1:colcon.colcon_core.package_identification:_identify(/home/ruiyang/Unitree_B2_MybotShop_Software-main/src/third_party/gps/reach_rs_ros2_humble) by extension 'ignore'
[-1790158809404445440.000s] Level 1:colcon.colcon_core.package_identification:_identify(/home/ruiyang/Unitree_B2_MybotShop_Software-main/src/third_party/gps/reach_rs_ros2_humble) ignored
[-1790158809404445440.000s] Level 1:colcon.colcon_core.package_identification:_identify(/home/ruiyang/Unitree_B2_MybotShop_Software-main/src/third_party/lidar) by extensions ['ignore', 'ignore_ament_install']
[-1790158809404445440.000s] Level 1:colcon.colcon_core.package_identification:_identify(/home/ruiyang/Unitree_B2_MybotShop_Software-main/src/third_party/lidar) by extension 'ignore'
[-1790158809404445440.000s] Level 1:colcon.colcon_core.package_identification:_identify(/home/ruiyang/Unitree_B2_MybotShop_Software-main/src/third_party/lidar) by extension 'ignore_ament_install'
[-1790158809404445440.000s] Level 1:colcon.colcon_core.package_identification:_identify(/home/ruiyang/Unitree_B2_MybotShop_Software-main/src/third_party/lidar) by extensions ['colcon_pkg']
[-1790158809404445440.000s] Level 1:colcon.colcon_core.package_identification:_identify(/home/ruiyang/Unitree_B2_MybotShop_Software-main/src/third_party/lidar) by extension 'colcon_pkg'
[-1790158809404445440.000s] Level 1:colcon.colcon_core.package_identification:_identify(/home/ruiyang/Unitree_B2_MybotShop_Software-main/src/third_party/lidar) by extensions ['colcon_meta']
[-1790158809404445440.000s] Level 1:colcon.colcon_core.package_identification:_identify(/home/ruiyang/Unitree_B2_MybotShop_Software-main/src/third_party/lidar) by extension 'colcon_meta'
[-1790158809404445440.000s] Level 1:colcon.colcon_core.package_identification:_identify(/home/ruiyang/Unitree_B2_MybotShop_Software-main/src/third_party/lidar) by extensions ['ros']
[-1790158809404445440.000s] Level 1:colcon.colcon_core.package_identification:_identify(/home/ruiyang/Unitree_B2_MybotShop_Software-main/src/third_party/lidar) by extension 'ros'
[-1790158809404445440.000s] Level 1:colcon.colcon_core.package_identification:_identify(/home/ruiyang/Unitree_B2_MybotShop_Software-main/src/third_party/lidar) by extensions ['cmake', 'python']
[-1790158809404445440.000s] Level 1:colcon.colcon_core.package_identification:_identify(/home/ruiyang/Unitree_B2_MybotShop_Software-main/src/third_party/lidar) by extension 'cmake'
[-1790158809404445440.000s] Level 1:colcon.colcon_core.package_identification:_identify(/home/ruiyang/Unitree_B2_MybotShop_Software-main/src/third_party/lidar) by extension 'python'
[-1790158809404445440.000s] Level 1:colcon.colcon_core.package_identification:_identify(/home/ruiyang/Unitree_B2_MybotShop_Software-main/src/third_party/lidar) by extensions ['python_setup_py']
[-1790158809404445440.000s] Level 1:colcon.colcon_core.package_identification:_identify(/home/ruiyang/Unitree_B2_MybotShop_Software-main/src/third_party/lidar) by extension 'python_setup_py'
[-1790158809404445440.000s] Level 1:colcon.colcon_core.package_identification:_identify(/home/ruiyang/Unitree_B2_MybotShop_Software-main/src/third_party/lidar/8May2025_livox_ros_driver2) by extensions ['ignore', 'ignore_ament_install']
[-1790158809404445440.000s] Level 1:colcon.colcon_core.package_identification:_identify(/home/ruiyang/Unitree_B2_MybotShop_Software-main/src/third_party/lidar/8May2025_livox_ros_driver2) by extension 'ignore'
[-1790158809404445440.000s] Level 1:colcon.colcon_core.package_identification:_identify(/home/ruiyang/Unitree_B2_MybotShop_Software-main/src/third_party/lidar/8May2025_livox_ros_driver2) by extension 'ignore_ament_install'
[-1790158809404445440.000s] Level 1:colcon.colcon_core.package_identification:_identify(/home/ruiyang/Unitree_B2_MybotShop_Software-main/src/third_party/lidar/8May2025_livox_ros_driver2) by extensions ['colcon_pkg']
[-1790158809404445440.000s] Level 1:colcon.colcon_core.package_identification:_identify(/home/ruiyang/Unitree_B2_MybotShop_Software-main/src/third_party/lidar/8May2025_livox_ros_driver2) by extension 'colcon_pkg'
[-1790158809404445440.000s] Level 1:colcon.colcon_core.package_identification:_identify(/home/ruiyang/Unitree_B2_MybotShop_Software-main/src/third_party/lidar/8May2025_livox_ros_driver2) by extensions ['colcon_meta']
[-1790158809404445440.000s] Level 1:colcon.colcon_core.package_identification:_identify(/home/ruiyang/Unitree_B2_MybotShop_Software-main/src/third_party/lidar/8May2025_livox_ros_driver2) by extension 'colcon_meta'
[-1790158809404445440.000s] Level 1:colcon.colcon_core.package_identification:_identify(/home/ruiyang/Unitree_B2_MybotShop_Software-main/src/third_party/lidar/8May2025_livox_ros_driver2) by extensions ['ros']
[-1790158809404445440.000s] Level 1:colcon.colcon_core.package_identification:_identify(/home/ruiyang/Unitree_B2_MybotShop_Software-main/src/third_party/lidar/8May2025_livox_ros_driver2) by extension 'ros'
[-1790158809404445440.000s] DEBUG:colcon.colcon_core.package_identification:Package '/home/ruiyang/Unitree_B2_MybotShop_Software-main/src/third_party/lidar/8May2025_livox_ros_driver2' with type 'ros.ament_cmake' and name 'livox_ros_driver2'
[-1790158809404445440.000s] Level 1:colcon.colcon_core.package_identification:_identify(/home/ruiyang/Unitree_B2_MybotShop_Software-main/src/third_party/lidar/8May2025_livox_sdk) by extensions ['ignore', 'ignore_ament_install']
[-1790158809404445440.000s] Level 1:colcon.colcon_core.package_identification:_identify(/home/ruiyang/Unitree_B2_MybotShop_Software-main/src/third_party/lidar/8May2025_livox_sdk) by extension 'ignore'
[-1790158809404445440.000s] Level 1:colcon.colcon_core.package_identification:_identify(/home/ruiyang/Unitree_B2_MybotShop_Software-main/src/third_party/lidar/8May2025_livox_sdk) ignored
[-1790158809404445440.000s] Level 1:colcon.colcon_core.package_identification:_identify(/home/ruiyang/Unitree_B2_MybotShop_Software-main/src/third_party/unitree) by extensions ['ignore', 'ignore_ament_install']
[-1790158809404445440.000s] Level 1:colcon.colcon_core.package_identification:_identify(/home/ruiyang/Unitree_B2_MybotShop_Software-main/src/third_party/unitree) by extension 'ignore'
[-1790158809404445440.000s] Level 1:colcon.colcon_core.package_identification:_identify(/home/ruiyang/Unitree_B2_MybotShop_Software-main/src/third_party/unitree) by extension 'ignore_ament_install'
[-1790158809404445440.000s] Level 1:colcon.colcon_core.package_identification:_identify(/home/ruiyang/Unitree_B2_MybotShop_Software-main/src/third_party/unitree) by extensions ['colcon_pkg']
[-1790158809404445440.000s] Level 1:colcon.colcon_core.package_identification:_identify(/home/ruiyang/Unitree_B2_MybotShop_Software-main/src/third_party/unitree) by extension 'colcon_pkg'
[-1790158809404445440.000s] Level 1:colcon.colcon_core.package_identification:_identify(/home/ruiyang/Unitree_B2_MybotShop_Software-main/src/third_party/unitree) by extensions ['colcon_meta']
[-1790158809404445440.000s] Level 1:colcon.colcon_core.package_identification:_identify(/home/ruiyang/Unitree_B2_MybotShop_Software-main/src/third_party/unitree) by extension 'colcon_meta'
[-1790158809404445440.000s] Level 1:colcon.colcon_core.package_identification:_identify(/home/ruiyang/Unitree_B2_MybotShop_Software-main/src/third_party/unitree) by extensions ['ros']
[-1790158809404445440.000s] Level 1:colcon.colcon_core.package_identification:_identify(/home/ruiyang/Unitree_B2_MybotShop_Software-main/src/third_party/unitree) by extension 'ros'
[-1790158809404445440.000s] Level 1:colcon.colcon_core.package_identification:_identify(/home/ruiyang/Unitree_B2_MybotShop_Software-main/src/third_party/unitree) by extensions ['cmake', 'python']
[-1790158809404445440.000s] Level 1:colcon.colcon_core.package_identification:_identify(/home/ruiyang/Unitree_B2_MybotShop_Software-main/src/third_party/unitree) by extension 'cmake'
[-1790158809404445440.000s] Level 1:colcon.colcon_core.package_identification:_identify(/home/ruiyang/Unitree_B2_MybotShop_Software-main/src/third_party/unitree) by extension 'python'
[-1790158809404445440.000s] Level 1:colcon.colcon_core.package_identification:_identify(/home/ruiyang/Unitree_B2_MybotShop_Software-main/src/third_party/unitree) by extensions ['python_setup_py']
[-1790158809404445440.000s] Level 1:colcon.colcon_core.package_identification:_identify(/home/ruiyang/Unitree_B2_MybotShop_Software-main/src/third_party/unitree) by extension 'python_setup_py'
[-1790158809404445440.000s] Level 1:colcon.colcon_core.package_identification:_identify(/home/ruiyang/Unitree_B2_MybotShop_Software-main/src/third_party/unitree/17Mar2025_unitree_sdk2) by extensions ['ignore', 'ignore_ament_install']
[-1790158809404445440.000s] Level 1:colcon.colcon_core.package_identification:_identify(/home/ruiyang/Unitree_B2_MybotShop_Software-main/src/third_party/unitree/17Mar2025_unitree_sdk2) by extension 'ignore'
[-1790158809404445440.000s] Level 1:colcon.colcon_core.package_identification:_identify(/home/ruiyang/Unitree_B2_MybotShop_Software-main/src/third_party/unitree/17Mar2025_unitree_sdk2) ignored
[-1790158809404445440.000s] Level 1:colcon.colcon_core.package_identification:_identify(/home/ruiyang/Unitree_B2_MybotShop_Software-main/src/third_party/unitree/18Mar2025_unitree_ros2) by extensions ['ignore', 'ignore_ament_install']
[-1790158809404445440.000s] Level 1:colcon.colcon_core.package_identification:_identify(/home/ruiyang/Unitree_B2_MybotShop_Software-main/src/third_party/unitree/18Mar2025_unitree_ros2) by extension 'ignore'
[-1790158809404445440.000s] Level 1:colcon.colcon_core.package_identification:_identify(/home/ruiyang/Unitree_B2_MybotShop_Software-main/src/third_party/unitree/18Mar2025_unitree_ros2) by extension 'ignore_ament_install'
[-1790158809404445440.000s] Level 1:colcon.colcon_core.package_identification:_identify(/home/ruiyang/Unitree_B2_MybotShop_Software-main/src/third_party/unitree/18Mar2025_unitree_ros2) by extensions ['colcon_pkg']
[-1790158809404445440.000s] Level 1:colcon.colcon_core.package_identification:_identify(/home/ruiyang/Unitree_B2_MybotShop_Software-main/src/third_party/unitree/18Mar2025_unitree_ros2) by extension 'colcon_pkg'
[-1790158809404445440.000s] Level 1:colcon.colcon_core.package_identification:_identify(/home/ruiyang/Unitree_B2_MybotShop_Software-main/src/third_party/unitree/18Mar2025_unitree_ros2) by extensions ['colcon_meta']
[-1790158809404445440.000s] Level 1:colcon.colcon_core.package_identification:_identify(/home/ruiyang/Unitree_B2_MybotShop_Software-main/src/third_party/unitree/18Mar2025_unitree_ros2) by extension 'colcon_meta'
[-1790158809404445440.000s] Level 1:colcon.colcon_core.package_identification:_identify(/home/ruiyang/Unitree_B2_MybotShop_Software-main/src/third_party/unitree/18Mar2025_unitree_ros2) by extensions ['ros']
[-1790158809404445440.000s] Level 1:colcon.colcon_core.package_identification:_identify(/home/ruiyang/Unitree_B2_MybotShop_Software-main/src/third_party/unitree/18Mar2025_unitree_ros2) by extension 'ros'
[-1790158809404445440.000s] Level 1:colcon.colcon_core.package_identification:_identify(/home/ruiyang/Unitree_B2_MybotShop_Software-main/src/third_party/unitree/18Mar2025_unitree_ros2) by extensions ['cmake', 'python']
[-1790158809404445440.000s] Level 1:colcon.colcon_core.package_identification:_identify(/home/ruiyang/Unitree_B2_MybotShop_Software-main/src/third_party/unitree/18Mar2025_unitree_ros2) by extension 'cmake'
[-1790158809404445440.000s] Level 1:colcon.colcon_core.package_identification:_identify(/home/ruiyang/Unitree_B2_MybotShop_Software-main/src/third_party/unitree/18Mar2025_unitree_ros2) by extension 'python'
[-1790158809404445440.000s] Level 1:colcon.colcon_core.package_identification:_identify(/home/ruiyang/Unitree_B2_MybotShop_Software-main/src/third_party/unitree/18Mar2025_unitree_ros2) by extensions ['python_setup_py']
[-1790158809404445440.000s] Level 1:colcon.colcon_core.package_identification:_identify(/home/ruiyang/Unitree_B2_MybotShop_Software-main/src/third_party/unitree/18Mar2025_unitree_ros2) by extension 'python_setup_py'
[-1790158809404445440.000s] Level 1:colcon.colcon_core.package_identification:_identify(/home/ruiyang/Unitree_B2_MybotShop_Software-main/src/third_party/unitree/18Mar2025_unitree_ros2/cyclonedds_ws) by extensions ['ignore', 'ignore_ament_install']
[-1790158809404445440.000s] Level 1:colcon.colcon_core.package_identification:_identify(/home/ruiyang/Unitree_B2_MybotShop_Software-main/src/third_party/unitree/18Mar2025_unitree_ros2/cyclonedds_ws) by extension 'ignore'
[-1790158809404445440.000s] Level 1:colcon.colcon_core.package_identification:_identify(/home/ruiyang/Unitree_B2_MybotShop_Software-main/src/third_party/unitree/18Mar2025_unitree_ros2/cyclonedds_ws) by extension 'ignore_ament_install'
[-1790158809404445440.000s] Level 1:colcon.colcon_core.package_identification:_identify(/home/ruiyang/Unitree_B2_MybotShop_Software-main/src/third_party/unitree/18Mar2025_unitree_ros2/cyclonedds_ws) by extensions ['colcon_pkg']
[-1790158809404445440.000s] Level 1:colcon.colcon_core.package_identification:_identify(/home/ruiyang/Unitree_B2_MybotShop_Software-main/src/third_party/unitree/18Mar2025_unitree_ros2/cyclonedds_ws) by extension 'colcon_pkg'
[-1790158809404445440.000s] Level 1:colcon.colcon_core.package_identification:_identify(/home/ruiyang/Unitree_B2_MybotShop_Software-main/src/third_party/unitree/18Mar2025_unitree_ros2/cyclonedds_ws) by extensions ['colcon_meta']
[-1790158809404445440.000s] Level 1:colcon.colcon_core.package_identification:_identify(/home/ruiyang/Unitree_B2_MybotShop_Software-main/src/third_party/unitree/18Mar2025_unitree_ros2/cyclonedds_ws) by extension 'colcon_meta'
[-1790158809404445440.000s] Level 1:colcon.colcon_core.package_identification:_identify(/home/ruiyang/Unitree_B2_MybotShop_Software-main/src/third_party/unitree/18Mar2025_unitree_ros2/cyclonedds_ws) by extensions ['ros']
[-1790158809404445440.000s] Level 1:colcon.colcon_core.package_identification:_identify(/home/ruiyang/Unitree_B2_MybotShop_Software-main/src/third_party/unitree/18Mar2025_unitree_ros2/cyclonedds_ws) by extension 'ros'
[-1790158809404445440.000s] Level 1:colcon.colcon_core.package_identification:_identify(/home/ruiyang/Unitree_B2_MybotShop_Software-main/src/third_party/unitree/18Mar2025_unitree_ros2/cyclonedds_ws) by extensions ['cmake', 'python']
[-1790158809404445440.000s] Level 1:colcon.colcon_core.package_identification:_identify(/home/ruiyang/Unitree_B2_MybotShop_Software-main/src/third_party/unitree/18Mar2025_unitree_ros2/cyclonedds_ws) by extension 'cmake'
[-1790158809404445440.000s] Level 1:colcon.colcon_core.package_identification:_identify(/home/ruiyang/Unitree_B2_MybotShop_Software-main/src/third_party/unitree/18Mar2025_unitree_ros2/cyclonedds_ws) by extension 'python'
[-1790158809404445440.000s] Level 1:colcon.colcon_core.package_identification:_identify(/home/ruiyang/Unitree_B2_MybotShop_Software-main/src/third_party/unitree/18Mar2025_unitree_ros2/cyclonedds_ws) by extensions ['python_setup_py']
[-1790158809404445440.000s] Level 1:colcon.colcon_core.package_identification:_identify(/home/ruiyang/Unitree_B2_MybotShop_Software-main/src/third_party/unitree/18Mar2025_unitree_ros2/cyclonedds_ws) by extension 'python_setup_py'
[-1790158809404445440.000s] Level 1:colcon.colcon_core.package_identification:_identify(/home/ruiyang/Unitree_B2_MybotShop_Software-main/src/third_party/unitree/18Mar2025_unitree_ros2/cyclonedds_ws/src) by extensions ['ignore', 'ignore_ament_install']
[-1790158809404445440.000s] Level 1:colcon.colcon_core.package_identification:_identify(/home/ruiyang/Unitree_B2_MybotShop_Software-main/src/third_party/unitree/18Mar2025_unitree_ros2/cyclonedds_ws/src) by extension 'ignore'
[-1790158809404445440.000s] Level 1:colcon.colcon_core.package_identification:_identify(/home/ruiyang/Unitree_B2_MybotShop_Software-main/src/third_party/unitree/18Mar2025_unitree_ros2/cyclonedds_ws/src) by extension 'ignore_ament_install'
[-1790158809404445440.000s] Level 1:colcon.colcon_core.package_identification:_identify(/home/ruiyang/Unitree_B2_MybotShop_Software-main/src/third_party/unitree/18Mar2025_unitree_ros2/cyclonedds_ws/src) by extensions ['colcon_pkg']
[-1790158809404445440.000s] Level 1:colcon.colcon_core.package_identification:_identify(/home/ruiyang/Unitree_B2_MybotShop_Software-main/src/third_party/unitree/18Mar2025_unitree_ros2/cyclonedds_ws/src) by extension 'colcon_pkg'
[-1790158809404445440.000s] Level 1:colcon.colcon_core.package_identification:_identify(/home/ruiyang/Unitree_B2_MybotShop_Software-main/src/third_party/unitree/18Mar2025_unitree_ros2/cyclonedds_ws/src) by extensions ['colcon_meta']
[-1790158809404445440.000s] Level 1:colcon.colcon_core.package_identification:_identify(/home/ruiyang/Unitree_B2_MybotShop_Software-main/src/third_party/unitree/18Mar2025_unitree_ros2/cyclonedds_ws/src) by extension 'colcon_meta'
[-1790158809404445440.000s] Level 1:colcon.colcon_core.package_identification:_identify(/home/ruiyang/Unitree_B2_MybotShop_Software-main/src/third_party/unitree/18Mar2025_unitree_ros2/cyclonedds_ws/src) by extensions ['ros']
[-1790158809404445440.000s] Level 1:colcon.colcon_core.package_identification:_identify(/home/ruiyang/Unitree_B2_MybotShop_Software-main/src/third_party/unitree/18Mar2025_unitree_ros2/cyclonedds_ws/src) by extension 'ros'
[-1790158809404445440.000s] Level 1:colcon.colcon_core.package_identification:_identify(/home/ruiyang/Unitree_B2_MybotShop_Software-main/src/third_party/unitree/18Mar2025_unitree_ros2/cyclonedds_ws/src) by extensions ['cmake', 'python']
[-1790158809404445440.000s] Level 1:colcon.colcon_core.package_identification:_identify(/home/ruiyang/Unitree_B2_MybotShop_Software-main/src/third_party/unitree/18Mar2025_unitree_ros2/cyclonedds_ws/src) by extension 'cmake'
[-1790158809404445440.000s] Level 1:colcon.colcon_core.package_identification:_identify(/home/ruiyang/Unitree_B2_MybotShop_Software-main/src/third_party/unitree/18Mar2025_unitree_ros2/cyclonedds_ws/src) by extension 'python'
[-1790158809404445440.000s] Level 1:colcon.colcon_core.package_identification:_identify(/home/ruiyang/Unitree_B2_MybotShop_Software-main/src/third_party/unitree/18Mar2025_unitree_ros2/cyclonedds_ws/src) by extensions ['python_setup_py']
[-1790158809404445440.000s] Level 1:colcon.colcon_core.package_identification:_identify(/home/ruiyang/Unitree_B2_MybotShop_Software-main/src/third_party/unitree/18Mar2025_unitree_ros2/cyclonedds_ws/src) by extension 'python_setup_py'
[-1790158809404445440.000s] Level 1:colcon.colcon_core.package_identification:_identify(/home/ruiyang/Unitree_B2_MybotShop_Software-main/src/third_party/unitree/18Mar2025_unitree_ros2/cyclonedds_ws/src/unitree) by extensions ['ignore', 'ignore_ament_install']
[-1790158809404445440.000s] Level 1:colcon.colcon_core.package_identification:_identify(/home/ruiyang/Unitree_B2_MybotShop_Software-main/src/third_party/unitree/18Mar2025_unitree_ros2/cyclonedds_ws/src/unitree) by extension 'ignore'
[-1790158809404445440.000s] Level 1:colcon.colcon_core.package_identification:_identify(/home/ruiyang/Unitree_B2_MybotShop_Software-main/src/third_party/unitree/18Mar2025_unitree_ros2/cyclonedds_ws/src/unitree) by extension 'ignore_ament_install'
[-1790158809404445440.000s] Level 1:colcon.colcon_core.package_identification:_identify(/home/ruiyang/Unitree_B2_MybotShop_Software-main/src/third_party/unitree/18Mar2025_unitree_ros2/cyclonedds_ws/src/unitree) by extensions ['colcon_pkg']
[-1790158809404445440.000s] Level 1:colcon.colcon_core.package_identification:_identify(/home/ruiyang/Unitree_B2_MybotShop_Software-main/src/third_party/unitree/18Mar2025_unitree_ros2/cyclonedds_ws/src/unitree) by extension 'colcon_pkg'
[-1790158809404445440.000s] Level 1:colcon.colcon_core.package_identification:_identify(/home/ruiyang/Unitree_B2_MybotShop_Software-main/src/third_party/unitree/18Mar2025_unitree_ros2/cyclonedds_ws/src/unitree) by extensions ['colcon_meta']
[-1790158809404445440.000s] Level 1:colcon.colcon_core.package_identification:_identify(/home/ruiyang/Unitree_B2_MybotShop_Software-main/src/third_party/unitree/18Mar2025_unitree_ros2/cyclonedds_ws/src/unitree) by extension 'colcon_meta'
[-1790158809404445440.000s] Level 1:colcon.colcon_core.package_identification:_identify(/home/ruiyang/Unitree_B2_MybotShop_Software-main/src/third_party/unitree/18Mar2025_unitree_ros2/cyclonedds_ws/src/unitree) by extensions ['ros']
[-1790158809404445440.000s] Level 1:colcon.colcon_core.package_identification:_identify(/home/ruiyang/Unitree_B2_MybotShop_Software-main/src/third_party/unitree/18Mar2025_unitree_ros2/cyclonedds_ws/src/unitree) by extension 'ros'
[-1790158809404445440.000s] Level 1:colcon.colcon_core.package_identification:_identify(/home/ruiyang/Unitree_B2_MybotShop_Software-main/src/third_party/unitree/18Mar2025_unitree_ros2/cyclonedds_ws/src/unitree) by extensions ['cmake', 'python']
[-1790158809404445440.000s] Level 1:colcon.colcon_core.package_identification:_identify(/home/ruiyang/Unitree_B2_MybotShop_Software-main/src/third_party/unitree/18Mar2025_unitree_ros2/cyclonedds_ws/src/unitree) by extension 'cmake'
[-1790158809404445440.000s] Level 1:colcon.colcon_core.package_identification:_identify(/home/ruiyang/Unitree_B2_MybotShop_Software-main/src/third_party/unitree/18Mar2025_unitree_ros2/cyclonedds_ws/src/unitree) by extension 'python'
[-1790158809404445440.000s] Level 1:colcon.colcon_core.package_identification:_identify(/home/ruiyang/Unitree_B2_MybotShop_Software-main/src/third_party/unitree/18Mar2025_unitree_ros2/cyclonedds_ws/src/unitree) by extensions ['python_setup_py']
[-1790158809404445440.000s] Level 1:colcon.colcon_core.package_identification:_identify(/home/ruiyang/Unitree_B2_MybotShop_Software-main/src/third_party/unitree/18Mar2025_unitree_ros2/cyclonedds_ws/src/unitree) by extension 'python_setup_py'
[-1790158809404445440.000s] Level 1:colcon.colcon_core.package_identification:_identify(/home/ruiyang/Unitree_B2_MybotShop_Software-main/src/third_party/unitree/18Mar2025_unitree_ros2/cyclonedds_ws/src/unitree/unitree_api) by extensions ['ignore', 'ignore_ament_install']
[-1790158809404445440.000s] Level 1:colcon.colcon_core.package_identification:_identify(/home/ruiyang/Unitree_B2_MybotShop_Software-main/src/third_party/unitree/18Mar2025_unitree_ros2/cyclonedds_ws/src/unitree/unitree_api) by extension 'ignore'
[-1790158809404445440.000s] Level 1:colcon.colcon_core.package_identification:_identify(/home/ruiyang/Unitree_B2_MybotShop_Software-main/src/third_party/unitree/18Mar2025_unitree_ros2/cyclonedds_ws/src/unitree/unitree_api) by extension 'ignore_ament_install'
[-1790158809404445440.000s] Level 1:colcon.colcon_core.package_identification:_identify(/home/ruiyang/Unitree_B2_MybotShop_Software-main/src/third_party/unitree/18Mar2025_unitree_ros2/cyclonedds_ws/src/unitree/unitree_api) by extensions ['colcon_pkg']
[-1790158809404445440.000s] Level 1:colcon.colcon_core.package_identification:_identify(/home/ruiyang/Unitree_B2_MybotShop_Software-main/src/third_party/unitree/18Mar2025_unitree_ros2/cyclonedds_ws/src/unitree/unitree_api) by extension 'colcon_pkg'
[-1790158809404445440.000s] Level 1:colcon.colcon_core.package_identification:_identify(/home/ruiyang/Unitree_B2_MybotShop_Software-main/src/third_party/unitree/18Mar2025_unitree_ros2/cyclonedds_ws/src/unitree/unitree_api) by extensions ['colcon_meta']
[-1790158809404445440.000s] Level 1:colcon.colcon_core.package_identification:_identify(/home/ruiyang/Unitree_B2_MybotShop_Software-main/src/third_party/unitree/18Mar2025_unitree_ros2/cyclonedds_ws/src/unitree/unitree_api) by extension 'colcon_meta'
[-1790158809404445440.000s] Level 1:colcon.colcon_core.package_identification:_identify(/home/ruiyang/Unitree_B2_MybotShop_Software-main/src/third_party/unitree/18Mar2025_unitree_ros2/cyclonedds_ws/src/unitree/unitree_api) by extensions ['ros']
[-1790158809404445440.000s] Level 1:colcon.colcon_core.package_identification:_identify(/home/ruiyang/Unitree_B2_MybotShop_Software-main/src/third_party/unitree/18Mar2025_unitree_ros2/cyclonedds_ws/src/unitree/unitree_api) by extension 'ros'
[-1790158809404445440.000s] DEBUG:colcon.colcon_core.package_identification:Package '/home/ruiyang/Unitree_B2_MybotShop_Software-main/src/third_party/unitree/18Mar2025_unitree_ros2/cyclonedds_ws/src/unitree/unitree_api' with type 'ros.ament_cmake' and name 'unitree_api'
[-1790158809404445440.000s] Level 1:colcon.colcon_core.package_identification:_identify(/home/ruiyang/Unitree_B2_MybotShop_Software-main/src/third_party/unitree/18Mar2025_unitree_ros2/cyclonedds_ws/src/unitree/unitree_go) by extensions ['ignore', 'ignore_ament_install']
[-1790158809404445440.000s] Level 1:colcon.colcon_core.package_identification:_identify(/home/ruiyang/Unitree_B2_MybotShop_Software-main/src/third_party/unitree/18Mar2025_unitree_ros2/cyclonedds_ws/src/unitree/unitree_go) by extension 'ignore'
[-1790158809404445440.000s] Level 1:colcon.colcon_core.package_identification:_identify(/home/ruiyang/Unitree_B2_MybotShop_Software-main/src/third_party/unitree/18Mar2025_unitree_ros2/cyclonedds_ws/src/unitree/unitree_go) by extension 'ignore_ament_install'
[-1790158809404445440.000s] Level 1:colcon.colcon_core.package_identification:_identify(/home/ruiyang/Unitree_B2_MybotShop_Software-main/src/third_party/unitree/18Mar2025_unitree_ros2/cyclonedds_ws/src/unitree/unitree_go) by extensions ['colcon_pkg']
[-1790158809404445440.000s] Level 1:colcon.colcon_core.package_identification:_identify(/home/ruiyang/Unitree_B2_MybotShop_Software-main/src/third_party/unitree/18Mar2025_unitree_ros2/cyclonedds_ws/src/unitree/unitree_go) by extension 'colcon_pkg'
[-1790158809404445440.000s] Level 1:colcon.colcon_core.package_identification:_identify(/home/ruiyang/Unitree_B2_MybotShop_Software-main/src/third_party/unitree/18Mar2025_unitree_ros2/cyclonedds_ws/src/unitree/unitree_go) by extensions ['colcon_meta']
[-1790158809404445440.000s] Level 1:colcon.colcon_core.package_identification:_identify(/home/ruiyang/Unitree_B2_MybotShop_Software-main/src/third_party/unitree/18Mar2025_unitree_ros2/cyclonedds_ws/src/unitree/unitree_go) by extension 'colcon_meta'
[-1790158809404445440.000s] Level 1:colcon.colcon_core.package_identification:_identify(/home/ruiyang/Unitree_B2_MybotShop_Software-main/src/third_party/unitree/18Mar2025_unitree_ros2/cyclonedds_ws/src/unitree/unitree_go) by extensions ['ros']
[-1790158809404445440.000s] Level 1:colcon.colcon_core.package_identification:_identify(/home/ruiyang/Unitree_B2_MybotShop_Software-main/src/third_party/unitree/18Mar2025_unitree_ros2/cyclonedds_ws/src/unitree/unitree_go) by extension 'ros'
[-1790158809404445440.000s] DEBUG:colcon.colcon_core.package_identification:Package '/home/ruiyang/Unitree_B2_MybotShop_Software-main/src/third_party/unitree/18Mar2025_unitree_ros2/cyclonedds_ws/src/unitree/unitree_go' with type 'ros.ament_cmake' and name 'unitree_go'
[-1790158809404445440.000s] Level 1:colcon.colcon_core.package_identification:_identify(/home/ruiyang/Unitree_B2_MybotShop_Software-main/src/third_party/unitree/18Mar2025_unitree_ros2/cyclonedds_ws/src/unitree/unitree_hg) by extensions ['ignore', 'ignore_ament_install']
[-1790158809404445440.000s] Level 1:colcon.colcon_core.package_identification:_identify(/home/ruiyang/Unitree_B2_MybotShop_Software-main/src/third_party/unitree/18Mar2025_unitree_ros2/cyclonedds_ws/src/unitree/unitree_hg) by extension 'ignore'
[-1790158809404445440.000s] Level 1:colcon.colcon_core.package_identification:_identify(/home/ruiyang/Unitree_B2_MybotShop_Software-main/src/third_party/unitree/18Mar2025_unitree_ros2/cyclonedds_ws/src/unitree/unitree_hg) by extension 'ignore_ament_install'
[-1790158809404445440.000s] Level 1:colcon.colcon_core.package_identification:_identify(/home/ruiyang/Unitree_B2_MybotShop_Software-main/src/third_party/unitree/18Mar2025_unitree_ros2/cyclonedds_ws/src/unitree/unitree_hg) by extensions ['colcon_pkg']
[-1790158809404445440.000s] Level 1:colcon.colcon_core.package_identification:_identify(/home/ruiyang/Unitree_B2_MybotShop_Software-main/src/third_party/unitree/18Mar2025_unitree_ros2/cyclonedds_ws/src/unitree/unitree_hg) by extension 'colcon_pkg'
[-1790158809404445440.000s] Level 1:colcon.colcon_core.package_identification:_identify(/home/ruiyang/Unitree_B2_MybotShop_Software-main/src/third_party/unitree/18Mar2025_unitree_ros2/cyclonedds_ws/src/unitree/unitree_hg) by extensions ['colcon_meta']
[-1790158809404445440.000s] Level 1:colcon.colcon_core.package_identification:_identify(/home/ruiyang/Unitree_B2_MybotShop_Software-main/src/third_party/unitree/18Mar2025_unitree_ros2/cyclonedds_ws/src/unitree/unitree_hg) by extension 'colcon_meta'
[-1790158809404445440.000s] Level 1:colcon.colcon_core.package_identification:_identify(/home/ruiyang/Unitree_B2_MybotShop_Software-main/src/third_party/unitree/18Mar2025_unitree_ros2/cyclonedds_ws/src/unitree/unitree_hg) by extensions ['ros']
[-1790158809404445440.000s] Level 1:colcon.colcon_core.package_identification:_identify(/home/ruiyang/Unitree_B2_MybotShop_Software-main/src/third_party/unitree/18Mar2025_unitree_ros2/cyclonedds_ws/src/unitree/unitree_hg) by extension 'ros'
[-1790158809404445440.000s] DEBUG:colcon.colcon_core.package_identification:Package '/home/ruiyang/Unitree_B2_MybotShop_Software-main/src/third_party/unitree/18Mar2025_unitree_ros2/cyclonedds_ws/src/unitree/unitree_hg' with type 'ros.ament_cmake' and name 'unitree_hg'
[-1790158809404445440.000s] Level 1:colcon.colcon_core.package_identification:_identify(/home/ruiyang/Unitree_B2_MybotShop_Software-main/src/third_party/unitree/18Mar2025_unitree_ros2/example) by extensions ['ignore', 'ignore_ament_install']
[-1790158809404445440.000s] Level 1:colcon.colcon_core.package_identification:_identify(/home/ruiyang/Unitree_B2_MybotShop_Software-main/src/third_party/unitree/18Mar2025_unitree_ros2/example) by extension 'ignore'
[-1790158809404445440.000s] Level 1:colcon.colcon_core.package_identification:_identify(/home/ruiyang/Unitree_B2_MybotShop_Software-main/src/third_party/unitree/18Mar2025_unitree_ros2/example) by extension 'ignore_ament_install'
[-1790158809404445440.000s] Level 1:colcon.colcon_core.package_identification:_identify(/home/ruiyang/Unitree_B2_MybotShop_Software-main/src/third_party/unitree/18Mar2025_unitree_ros2/example) by extensions ['colcon_pkg']
[-1790158809404445440.000s] Level 1:colcon.colcon_core.package_identification:_identify(/home/ruiyang/Unitree_B2_MybotShop_Software-main/src/third_party/unitree/18Mar2025_unitree_ros2/example) by extension 'colcon_pkg'
[-1790158809404445440.000s] Level 1:colcon.colcon_core.package_identification:_identify(/home/ruiyang/Unitree_B2_MybotShop_Software-main/src/third_party/unitree/18Mar2025_unitree_ros2/example) by extensions ['colcon_meta']
[-1790158809404445440.000s] Level 1:colcon.colcon_core.package_identification:_identify(/home/ruiyang/Unitree_B2_MybotShop_Software-main/src/third_party/unitree/18Mar2025_unitree_ros2/example) by extension 'colcon_meta'
[-1790158809404445440.000s] Level 1:colcon.colcon_core.package_identification:_identify(/home/ruiyang/Unitree_B2_MybotShop_Software-main/src/third_party/unitree/18Mar2025_unitree_ros2/example) by extensions ['ros']
[-1790158809404445440.000s] Level 1:colcon.colcon_core.package_identification:_identify(/home/ruiyang/Unitree_B2_MybotShop_Software-main/src/third_party/unitree/18Mar2025_unitree_ros2/example) by extension 'ros'
[-1790158809404445440.000s] Level 1:colcon.colcon_core.package_identification:_identify(/home/ruiyang/Unitree_B2_MybotShop_Software-main/src/third_party/unitree/18Mar2025_unitree_ros2/example) by extensions ['cmake', 'python']
[-1790158809404445440.000s] Level 1:colcon.colcon_core.package_identification:_identify(/home/ruiyang/Unitree_B2_MybotShop_Software-main/src/third_party/unitree/18Mar2025_unitree_ros2/example) by extension 'cmake'
[-1790158809404445440.000s] Level 1:colcon.colcon_core.package_identification:_identify(/home/ruiyang/Unitree_B2_MybotShop_Software-main/src/third_party/unitree/18Mar2025_unitree_ros2/example) by extension 'python'
[-1790158809404445440.000s] Level 1:colcon.colcon_core.package_identification:_identify(/home/ruiyang/Unitree_B2_MybotShop_Software-main/src/third_party/unitree/18Mar2025_unitree_ros2/example) by extensions ['python_setup_py']
[-1790158809404445440.000s] Level 1:colcon.colcon_core.package_identification:_identify(/home/ruiyang/Unitree_B2_MybotShop_Software-main/src/third_party/unitree/18Mar2025_unitree_ros2/example) by extension 'python_setup_py'
[-1790158809404445440.000s] Level 1:colcon.colcon_core.package_identification:_identify(/home/ruiyang/Unitree_B2_MybotShop_Software-main/src/third_party/unitree/18Mar2025_unitree_ros2/example/src) by extensions ['ignore', 'ignore_ament_install']
[-1790158809404445440.000s] Level 1:colcon.colcon_core.package_identification:_identify(/home/ruiyang/Unitree_B2_MybotShop_Software-main/src/third_party/unitree/18Mar2025_unitree_ros2/example/src) by extension 'ignore'
[-1790158809404445440.000s] Level 1:colcon.colcon_core.package_identification:_identify(/home/ruiyang/Unitree_B2_MybotShop_Software-main/src/third_party/unitree/18Mar2025_unitree_ros2/example/src) by extension 'ignore_ament_install'
[-1790158809404445440.000s] Level 1:colcon.colcon_core.package_identification:_identify(/home/ruiyang/Unitree_B2_MybotShop_Software-main/src/third_party/unitree/18Mar2025_unitree_ros2/example/src) by extensions ['colcon_pkg']
[-1790158809404445440.000s] Level 1:colcon.colcon_core.package_identification:_identify(/home/ruiyang/Unitree_B2_MybotShop_Software-main/src/third_party/unitree/18Mar2025_unitree_ros2/example/src) by extension 'colcon_pkg'
[-1790158809404445440.000s] Level 1:colcon.colcon_core.package_identification:_identify(/home/ruiyang/Unitree_B2_MybotShop_Software-main/src/third_party/unitree/18Mar2025_unitree_ros2/example/src) by extensions ['colcon_meta']
[-1790158809404445440.000s] Level 1:colcon.colcon_core.package_identification:_identify(/home/ruiyang/Unitree_B2_MybotShop_Software-main/src/third_party/unitree/18Mar2025_unitree_ros2/example/src) by extension 'colcon_meta'
[-1790158809404445440.000s] Level 1:colcon.colcon_core.package_identification:_identify(/home/ruiyang/Unitree_B2_MybotShop_Software-main/src/third_party/unitree/18Mar2025_unitree_ros2/example/src) by extensions ['ros']
[-1790158809404445440.000s] Level 1:colcon.colcon_core.package_identification:_identify(/home/ruiyang/Unitree_B2_MybotShop_Software-main/src/third_party/unitree/18Mar2025_unitree_ros2/example/src) by extension 'ros'
[-1790158809404445440.000s] DEBUG:colcon.colcon_core.package_identification:Package '/home/ruiyang/Unitree_B2_MybotShop_Software-main/src/third_party/unitree/18Mar2025_unitree_ros2/example/src' with type 'ros.ament_cmake' and name 'unitree_ros2_example'
[-1790158809404445440.000s] Level 1:colcon.colcon_core.package_identification:_identify(/home/ruiyang/Unitree_B2_MybotShop_Software-main/utils) by extensions ['ignore', 'ignore_ament_install']
[-1790158809404445440.000s] Level 1:colcon.colcon_core.package_identification:_identify(/home/ruiyang/Unitree_B2_MybotShop_Software-main/utils) by extension 'ignore'
[-1790158809404445440.000s] Level 1:colcon.colcon_core.package_identification:_identify(/home/ruiyang/Unitree_B2_MybotShop_Software-main/utils) by extension 'ignore_ament_install'
[-1790158809404445440.000s] Level 1:colcon.colcon_core.package_identification:_identify(/home/ruiyang/Unitree_B2_MybotShop_Software-main/utils) by extensions ['colcon_pkg']
[-1790158809404445440.000s] Level 1:colcon.colcon_core.package_identification:_identify(/home/ruiyang/Unitree_B2_MybotShop_Software-main/utils) by extension 'colcon_pkg'
[-1790158809404445440.000s] Level 1:colcon.colcon_core.package_identification:_identify(/home/ruiyang/Unitree_B2_MybotShop_Software-main/utils) by extensions ['colcon_meta']
[-1790158809404445440.000s] Level 1:colcon.colcon_core.package_identification:_identify(/home/ruiyang/Unitree_B2_MybotShop_Software-main/utils) by extension 'colcon_meta'
[-1790158809404445440.000s] Level 1:colcon.colcon_core.package_identification:_identify(/home/ruiyang/Unitree_B2_MybotShop_Software-main/utils) by extensions ['ros']
[-1790158809404445440.000s] Level 1:colcon.colcon_core.package_identification:_identify(/home/ruiyang/Unitree_B2_MybotShop_Software-main/utils) by extension 'ros'
[-1790158809404445440.000s] Level 1:colcon.colcon_core.package_identification:_identify(/home/ruiyang/Unitree_B2_MybotShop_Software-main/utils) by extensions ['cmake', 'python']
[-1790158809404445440.000s] Level 1:colcon.colcon_core.package_identification:_identify(/home/ruiyang/Unitree_B2_MybotShop_Software-main/utils) by extension 'cmake'
[-1790158809404445440.000s] Level 1:colcon.colcon_core.package_identification:_identify(/home/ruiyang/Unitree_B2_MybotShop_Software-main/utils) by extension 'python'
[-1790158809404445440.000s] Level 1:colcon.colcon_core.package_identification:_identify(/home/ruiyang/Unitree_B2_MybotShop_Software-main/utils) by extensions ['python_setup_py']
[-1790158809404445440.000s] Level 1:colcon.colcon_core.package_identification:_identify(/home/ruiyang/Unitree_B2_MybotShop_Software-main/utils) by extension 'python_setup_py'
[-1790158809404445440.000s] Level 1:colcon.colcon_core.package_identification:_identify(/home/ruiyang/Unitree_B2_MybotShop_Software-main/utils/assets) by extensions ['ignore', 'ignore_ament_install']
[-1790158809404445440.000s] Level 1:colcon.colcon_core.package_identification:_identify(/home/ruiyang/Unitree_B2_MybotShop_Software-main/utils/assets) by extension 'ignore'
[-1790158809404445440.000s] Level 1:colcon.colcon_core.package_identification:_identify(/home/ruiyang/Unitree_B2_MybotShop_Software-main/utils/assets) by extension 'ignore_ament_install'
[-1790158809404445440.000s] Level 1:colcon.colcon_core.package_identification:_identify(/home/ruiyang/Unitree_B2_MybotShop_Software-main/utils/assets) by extensions ['colcon_pkg']
[-1790158809404445440.000s] Level 1:colcon.colcon_core.package_identification:_identify(/home/ruiyang/Unitree_B2_MybotShop_Software-main/utils/assets) by extension 'colcon_pkg'
[-1790158809404445440.000s] Level 1:colcon.colcon_core.package_identification:_identify(/home/ruiyang/Unitree_B2_MybotShop_Software-main/utils/assets) by extensions ['colcon_meta']
[-1790158809404445440.000s] Level 1:colcon.colcon_core.package_identification:_identify(/home/ruiyang/Unitree_B2_MybotShop_Software-main/utils/assets) by extension 'colcon_meta'
[-1790158809404445440.000s] Level 1:colcon.colcon_core.package_identification:_identify(/home/ruiyang/Unitree_B2_MybotShop_Software-main/utils/assets) by extensions ['ros']
[-1790158809404445440.000s] Level 1:colcon.colcon_core.package_identification:_identify(/home/ruiyang/Unitree_B2_MybotShop_Software-main/utils/assets) by extension 'ros'
[-1790158809404445440.000s] Level 1:colcon.colcon_core.package_identification:_identify(/home/ruiyang/Unitree_B2_MybotShop_Software-main/utils/assets) by extensions ['cmake', 'python']
[-1790158809404445440.000s] Level 1:colcon.colcon_core.package_identification:_identify(/home/ruiyang/Unitree_B2_MybotShop_Software-main/utils/assets) by extension 'cmake'
[-1790158809404445440.000s] Level 1:colcon.colcon_core.package_identification:_identify(/home/ruiyang/Unitree_B2_MybotShop_Software-main/utils/assets) by extension 'python'
[-1790158809404445440.000s] Level 1:colcon.colcon_core.package_identification:_identify(/home/ruiyang/Unitree_B2_MybotShop_Software-main/utils/assets) by extensions ['python_setup_py']
[-1790158809404445440.000s] Level 1:colcon.colcon_core.package_identification:_identify(/home/ruiyang/Unitree_B2_MybotShop_Software-main/utils/assets) by extension 'python_setup_py'
[-1790158809404445440.000s] Level 1:colcon.colcon_core.package_discovery:discover_packages(recursive) using defaults
